unit_id	ope_id_8	ope_id_6	federal_school_code	institution_name	state	earnings_reported	earnings_inflation_adjusted	hs_earnings_threshold_value	hs_earnings_threshold_type	lower_earnings_flag
100654	100200	1002	001002	Alabama A & M University	AL	54018	56967	34635	National	false
100663	105200	1052	001052	University of Alabama at Birmingham	AL	64969	68515	31815	State	false
100690	2503400	25034	016885	Amridge University	AL	50075	52808	31815	State	false
100706	105500	1055	001055	University of Alabama in Huntsville	AL	81045	85469	31815	State	false
100724	100500	1005	001005	Alabama State University	AL	45998	48509	34635	National	false
100751	105100	1051	001051	The University of Alabama	AL	70439	74284	34635	National	false
100760	100700	1007	001007	Central Alabama Community College	AL	50615	53378	31815	State	false
100812	100800	1008	001008	Athens State University	AL	52623	55495	31815	State	false
100830	831000	8310	008310	Auburn University at Montgomery	AL	55551	58583	31815	State	false
100858	100900	1009	001009	Auburn University	AL	73151	77144	31815	State	false
101028	1218200	12182	012182	Chattahoochee Valley Community College	AL	51644	54463	31815	State	false
101116	1303906	13039	004463	South University-Montgomery	AL	68975	72740	34635	National	false
101143	101500	1015	001015	Enterprise State Community College	AL	37158	39186	31815	State	false
101161	106000	1060	001060	Coastal Alabama Community College	AL	51951	54787	31815	State	false
101189	100300	1003	001003	Faulkner University	AL	52824	55707	31815	State	false
101240	101700	1017	001017	Gadsden State Community College	AL	46678	49226	31815	State	false
101277	4187200	41872	041872	New Beginning College of Cosmetology	AL	21465	22637	31815	State	true
101286	101800	1018	001018	George C Wallace Community College-Dothan	AL	48054	50677	31815	State	false
101295	787100	7871	007871	George C Wallace State Community College-Hanceville	AL	50276	53020	31815	State	false
101301	569900	5699	009980	George C Wallace State Community College-Selma	AL	41578	43848	31815	State	false
101365	962107	9621	009621	Herzing University-Birmingham	AL	58575	61772	34635	National	false
101435	101900	1019	001019	Huntingdon College	AL	51132	53923	31815	State	false
101453	2199700	21997	015370	Heritage Christian University	AL					
101462	526000	5260	005260	J. F. Drake State Community and Technical College	AL	52160	55007	31815	State	false
101471	3002500	30025	030025	J F Ingram State Technical College	AL					
101480	102000	1020	001020	Jacksonville State University	AL	55318	58338	31815	State	false
101505	102200	1022	001022	Jefferson State Community College	AL	55877	58927	31815	State	false
101514	101300	1013	001013	John C Calhoun State Community College	AL	53980	56927	31815	State	false
101569	105900	1059	001059	Lawson State Community College	AL	44506	46935	31815	State	false
101587	102400	1024	001024	University of West Alabama	AL	64122	67622	31815	State	false
101602	898800	8988	008988	Lurleen B Wallace Community College	AL	40116	42306	31815	State	false
101648	102600	1026	001026	Marion Military Institute	AL	40145	42336	34635	National	false
101675	102800	1028	001028	Miles College	AL					
101693	102900	1029	001029	University of Mobile	AL	46865	49423	31815	State	false
101709	100400	1004	001004	University of Montevallo	AL	46262	48787	31815	State	false
101736	569700	5697	005697	Northwest Shoals Community College	AL	45546	48032	31815	State	false
101879	101600	1016	001016	University of North Alabama	AL	50818	53592	31815	State	false
101897	103100	1031	001031	Northeast Alabama Community College	AL	41273	43526	31815	State	false
101912	103300	1033	001033	Oakwood University	AL	50714	53482	34635	National	false
101994	569200	5692	005692	Reid State Technical College	AL	53929	56873	31815	State	false
102030	103000	1030	001030	Bishop State Community College	AL	43359	45726	31815	State	false
102049	103600	1036	001036	Samford University	AL	66567	70201	34635	National	false
102058	4067300	40673	040673	Selma University	AL	21666	22849	31815	State	true
102067	569100	5691	005691	Shelton State Community College	AL	50082	52816	31815	State	false
102076	103800	1038	001038	Snead State Community College	AL	43544	45921	31815	State	false
102094	105700	1057	001057	University of South Alabama	AL	62459	65868	31815	State	false
102234	104100	1041	001041	Spring Hill College	AL					
102270	104400	1044	001044	Stillman College	AL	42622	44949	31815	State	false
102298	104600	1046	001046	Talladega College	AL	39579	41739	34635	National	false
102313	573400	5734	005734	H Councill Trenholm State Community College	AL	34122	35985	31815	State	false
102368	104700	1047	001047	Troy University	AL	55048	58053	34635	National	false
102377	105000	1050	001050	Tuskegee University	AL	69077	72848	34635	National	false
102395	2170600	21706	B06623	United States Sports University	AL	69925	73742	31815	State	false
102429	573300	5733	005733	Bevill State Community College	AL	51972	54809	31815	State	false
102553	1146200	11462	011462	University of Alaska Anchorage	AK	68777	72531	42331	State	false
102580	884300	8843	014325	Alaska Bible College	AK					
102614	106300	1063	001063	University of Alaska Fairbanks	AK	67252	70923	42331	State	false
102632	106500	1065	001065	University of Alaska Southeast	AK	61954	65336	42331	State	false
102669	106100	1061	001061	Alaska Pacific University	AK	60316	63608	42331	State	false
102711	3160300	31603	031603	Alaska Vocational Technical Center	AK	49766	52482	42331	State	false
102845	2576900	25769	017377	Charter College	AK	41616	43888	34635	National	false
103501	2541000	25410	017066	Alaska Career College	AK	39375	41524	42331	State	true
103741	966403	9664	009664	Empire Beauty School-Tucson	AZ	26908	28377	34635	National	true
103893	2100600	21006	014550	Carrington College-Phoenix North	AZ	39609	41771	34635	National	false
103909	2100611	21006	014550	Carrington College-Mesa	AZ	39609	41771	34635	National	false
103927	2100607	21006	021006	Carrington College-Tucson	AZ	39609	41771	34635	National	false
103954	886400	8864	008864	Arizona Academy of Beauty	AZ	34208	36075	35918	State	false
103963	2306807	23068	010847	Miller-Motte College-Arizona Automotive Institute	AZ	34393	36270	34635	National	false
104090	2218800	22188	015681	Brookline College-Phoenix	AZ	41962	44253	34635	National	false
104151	108100	1081	001081	Arizona State University Campus Immersion	AZ	66968	70623	34635	National	false
104160	107100	1071	001071	Arizona Western College	AZ	48286	50922	35918	State	false
104179	108300	1083	001083	University of Arizona	AZ	67420	71100	35918	State	false
104346	728300	7283	007283	Central Arizona College	AZ	48765	51427	35918	State	false
104391	2280500	22805	016098	Charles of Italy Beauty College	AZ	24388	25719	34635	National	true
104425	107200	1072	001072	Cochise County Community College District	AZ	53908	56851	35918	State	false
104443	1054208	10542	011808	Empire Beauty School-Chandler	AZ	27559	29063	34635	National	true
104568	1085800	10858	010858	Avalon Institute-Mesa	AZ	33261	35077	34635	National	false
104577	107300	1073	001073	Eastern Arizona College	AZ	41991	44283	35918	State	false
104586	147902	1479	001479	Embry-Riddle Aeronautical University-Prescott	AZ	93582	98690	34635	National	false
104665	2533200	25332	025332	The School of Architecture	AZ					
104708	107600	1076	001076	Glendale Community College	AZ	76750	80939	35918	State	false
104717	107400	1074	001074	Grand Canyon University	AZ	74343	78401	34635	National	false
105145	830300	8303	008303	GateWay Community College	AZ	70264	74099	35918	State	false
105154	107700	1077	001077	Mesa Community College	AZ	68596	72340	35918	State	false
105206	1186400	11864	011864	Mohave Community College	AZ	53142	56043	35918	State	false
105215	2100500	21005	014518	Universal Technical Institute-Phoenix	AZ	50463	53218	34635	National	false
105297	824600	8246	008246	Dine College	AZ	44818	47264	35918	State	false
105330	108200	1082	001082	Northern Arizona University	AZ	60629	63938	35918	State	false
105349	1186200	11862	011862	Northland Pioneer College	AZ	62405	65811	35918	State	false
105428	107800	1078	001078	Phoenix College	AZ	58195	61372	35918	State	false
105525	726600	7266	007266	Pima Community College	AZ	50345	53093	35918	State	false
105534	2217100	22171	015666	Pima Medical Institute-Tucson	AZ	42937	45281	34635	National	false
105543	3678300	36783	036783	Pima Medical Institute-Albuquerque	NM	38890	41013	34635	National	false
105589	2065300	20653	013659	Prescott College	AZ	49339	52032	34635	National	false
105659	1168900	11689	014127	Refrigeration School Inc	AZ	57186	60308	35918	State	false
105668	2177500	21775	014483	Rio Salado College	AZ	58656	61858	35918	State	false
105677	2113800	21138	014740	Roberto-Venn School of Luthiery	AZ	33115	34923	34635	National	false
105747	830400	8304	008304	Scottsdale Community College	AZ	53858	56798	35918	State	false
105792	2146600	21466	015001	South Mountain Community College	AZ	53528	56450	35918	State	false
105899	711300	7113	007113	Arizona Christian University	AZ	51181	53975	34635	National	false
106041	822100	8221	008221	Universal Technical Institute of Arizona Inc	AZ	58404	61592	34635	National	false
106148	107900	1079	001079	Yavapai College	AZ	57288	60415	35918	State	false
106245	110100	1101	001101	University of Arkansas at Little Rock	AR	58470	61662	32427	State	false
106263	110900	1109	001109	University of Arkansas for Medical Sciences	AR	77262	81479	32427	State	false
106306	108700	1087	001087	Arkansas Baptist College	AR	39577	41737	32427	State	false
106315	3005100	30051	030051	Arkansas Beauty School-Little Rock	AR	29987	31624	32427	State	true
106324	3997300	39973	039973	Arkansas Beauty College	AR					
106342	108800	1088	001088	Lyon College	AR					
106351	3023400	30234	030234	Arkansas Technical School	AR	18189	19182	32427	State	true
106397	110800	1108	001108	University of Arkansas	AR	68890	72650	34635	National	false
106412	108600	1086	001086	University of Arkansas at Pine Bluff	AR	46380	48912	32427	State	false
106449	109100	1091	001091	Arkansas State University-Beebe	AR	41404	43664	32427	State	false
106458	109000	1090	001090	Arkansas State University	AR	56631	59722	32427	State	false
106467	108900	1089	001089	Arkansas Tech University	AR	49759	52475	32427	State	false
106485	108500	1085	001085	University of Arkansas at Monticello	AR	48735	51395	32427	State	false
106494	2538503	25385	017020	Arthur's Beauty College	AR	28726	30294	32427	State	true
106546	3105200	31052	031052	Baptist Health College Little Rock	AR	67066	70727	32427	State	false
106625	2052200	20522	011948	Black River Technical College	AR	48715	51374	32427	State	false
106704	109200	1092	001092	University of Central Arkansas	AR	52203	55053	32427	State	false
106713	109300	1093	001093	Central Baptist College	AR	46683	49231	32427	State	false
106795	2220900	22209	012432	Cossatot Community College of the University of Arkansas	AR	39838	42013	32427	State	false
106810	109500	1095	001095	Crowley's Ridge College	AR	48062	50685	34635	National	false
106883	1226000	12260	012260	East Arkansas Community College	AR	42176	44478	32427	State	false
106908	3124900	31249	031249	Paul Mitchell the School-Little Rock	AR	23346	24620	32427	State	true
106980	1210500	12105	012105	National Park College	AR	45799	48299	32427	State	false
106999	2073500	20735	014042	University of Arkansas Community College-Batesville	AR	45597	48086	32427	State	false
107044	109700	1097	001097	Harding University	AR	53024	55918	34635	National	false
107071	109800	1098	001098	Henderson State University	AR	47583	50180	32427	State	false
107080	109900	1099	001099	Hendrix College	AR	50422	53174	32427	State	false
107099	3007100	30071	030071	Hot Springs Beauty College	AR	17754	18723	32427	State	true
107123	2330800	23308	016498	Jefferson Regional School of Nursing	AR	71248	75137	32427	State	false
107141	110000	1100	001100	John Brown University	AR	55210	58224	34635	National	false
107220	2341700	23417	016596	Career Academy of Hair Design	AR	26683	28139	32427	State	true
107293	1074100	10741	010741	Academy of Salon and Spa	AR	17914	18892	32427	State	true
107318	2348200	23482	015862	Arkansas State University Mid-South	AR	42850	45189	32427	State	false
107327	1286000	12860	012860	Arkansas Northeastern College	AR	40125	42315	32427	State	false
107442	2284200	22842	016053	New Tyler Barber College Inc	AR					
107460	1226100	12261	012261	North Arkansas College	AR	46210	48732	32427	State	false
107488	2073700	20737	014044	Northwest Technical Institute	AR	47275	49856	32427	State	false
107512	110200	1102	001102	Ouachita Baptist University	AR	49862	52584	32427	State	false
107521	997600	9976	009976	Arkansas State University Three Rivers	AR	33964	35818	32427	State	false
107549	2087000	20870	013217	Ozarka College	AR	46188	48709	32427	State	false
107558	109400	1094	001094	University of the Ozarks	AR	46099	48615	32427	State	false
107585	524500	5245	005245	University of Arkansas Community College-Morrilton	AR	43385	45753	32427	State	false
107600	110300	1103	001103	Philander Smith University	AR	42151	44452	32427	State	false
107619	110400	1104	001104	Phillips Community College of the University of Arkansas	AR	39117	41252	32427	State	false
107637	570700	5707	014893	Southeast Arkansas College	AR	42328	44638	32427	State	false
107655	2202400	22024	015585	University of Aesthetics & Cosmetology	AR	19596	20666	32427	State	true
107664	2075300	20753	014167	University of Arkansas-Pulaski Technical College	AR	41807	44089	32427	State	false
107725	573200	5732	005732	University of Arkansas Hope-Texarkana	AR					
107743	2111100	21111	012435	University of Arkansas Community College Rich Mountain	AR	38192	40277	32427	State	false
107789	792100	7921	008070	Paul Mitchell the School-Arkansas	AR	28516	30073	32427	State	true
107831	2569600	25696	017262	Searcy Beauty College	AR	15982	16854	32427	State	true
107840	110500	1105	001105	Shorter College	AR	26763	28224	32427	State	true
107877	110600	1106	001106	Williams Baptist University	AR	41389	43648	32427	State	false
107974	2074600	20746	013858	South Arkansas College	AR	48099	50724	32427	State	false
107983	110700	1107	001107	Southern Arkansas University Main Campus	AR	49008	51683	32427	State	false
107992	773800	7738	007738	Southern Arkansas University Tech	AR	50478	53233	32427	State	false
108065	3214300	32143	032143	Velvatex College of Beauty Culture	AR	14155	14928	32427	State	true
108092	111000	1110	001110	University of Arkansas-Fort Smith	AR	49998	52727	32427	State	false
108232	753100	7531	007531	Academy of Art University	CA	50255	52998	34635	National	false
108269	3288300	32883	G32883	Academy of Chinese Culture and Health Sciences	CA					
108667	672000	6720	006720	College of Alameda	CA	43771	46160	36565	State	false
108807	111100	1111	001111	Allan Hancock College	CA	55202	58215	36565	State	false
108852	746501	7465	007465	American Academy of Dramatic Arts-Los Angeles	CA	29927	31561	34635	National	true
108861	112000	1120	G01120	Berkeley School of Theology	CA					
108870	2222000	22220	G22220	American Film Institute Conservatory	CA					
108977	1307400	13074	013074	American Beauty College	CA	21157	22312	36565	State	true
109040	2241800	22418	015829	American Career College-Los Angeles	CA	42969	45314	36565	State	false
109208	123200	1232	001232	American River College	CA	74069	78112	36565	State	false
109350	111300	1113	001113	Antelope Valley Community College District	CA	46723	49273	36565	State	false
109651	111600	1116	001116	Art Center College of Design	CA	74009	78049	36565	State	false
109721	902200	9022	013988	Associated Technical College-Los Angeles	CA	25996	27415	36565	State	true
109785	111700	1117	001117	Azusa Pacific University	CA	71925	75851	36565	State	false
109819	111800	1118	001118	Bakersfield College	CA	51238	54035	36565	State	false
109907	111900	1119	001119	Barstow Community College	CA	38095	40174	36565	State	false
109934	705000	7050	007050	Bellus Academy-Chula Vista	CA	24880	26238	36565	State	true
110060	3266300	32663	032663	Bethesda University	CA	38703	40816	36565	State	false
110097	112200	1122	001122	Biola University	CA	61363	64713	36565	State	false
110194	2543400	25434	017050	Brownson Technical School	CA	66418	70043	36565	State	false
110219	716400	7164	007164	Bryan University	AZ	39159	41297	34635	National	false
110246	807300	8073	006972	Butte College	CA	51432	54239	36565	State	false
110316	1215400	12154	012154	California Institute of Integral Studies	CA	52742	55621	36565	State	false
110334	112400	1124	001124	Cabrillo College	CA	54586	57566	36565	State	false
110361	112500	1125	001125	California Baptist University	CA	68600	72345	36565	State	false
110370	112700	1127	001127	California College of the Arts	CA	53517	56438	36565	State	false
110398	394700	3947	G03947	University of California College of the Law-San Francisco	CA					
110404	113100	1131	001131	California Institute of Technology	CA	152843	161186	34635	National	false
110413	113300	1133	001133	California Lutheran University	CA	69695	73499	36565	State	false
110422	114300	1143	001143	California Polytechnic State University-San Luis Obispo	CA	90662	95611	36565	State	false
110468	1111700	11117	011117	Alliant International University-San Diego	CA	83376	87927	34635	National	false
110486	799300	7993	007993	California State University-Bakersfield	CA	59109	62335	36565	State	false
110495	115700	1157	001157	California State University-Stanislaus	CA	58952	62170	36565	State	false
110510	114200	1142	001142	California State University-San Bernardino	CA	55441	58467	36565	State	false
110529	114400	1144	001144	California State Polytechnic University-Pomona	CA	71138	75021	36565	State	false
110538	114600	1146	001146	California State University-Chico	CA	65228	68788	36565	State	false
110547	114100	1141	001141	California State University-Dominguez Hills	CA	58922	62138	36565	State	false
110556	114700	1147	001147	California State University-Fresno	CA	59992	63267	36565	State	false
110565	113700	1137	001137	California State University-Fullerton	CA	63753	67233	36565	State	false
110574	113800	1138	001138	California State University-East Bay	CA	72596	76559	36565	State	false
110583	113900	1139	001139	California State University-Long Beach	CA	63140	66587	36565	State	false
110592	114000	1140	001140	California State University-Los Angeles	CA	59756	63018	36565	State	false
110608	115300	1153	001153	California State University-Northridge	CA	59664	62921	36565	State	false
110617	115000	1150	001150	California State University-Sacramento	CA	64511	68032	36565	State	false
110635	131200	1312	001312	University of California-Berkeley	CA	96018	101259	36565	State	false
110644	131300	1313	001313	University of California-Davis	CA	73086	77075	36565	State	false
110653	131400	1314	001314	University of California-Irvine	CA	74438	78501	36565	State	false
110662	131500	1315	001315	University of California-Los Angeles	CA	77677	81917	36565	State	false
110671	131600	1316	001316	University of California-Riverside	CA	64926	68470	36565	State	false
110680	131700	1317	001317	University of California-San Diego	CA	83130	87668	36565	State	false
110699	131900	1319	001319	University of California-San Francisco	CA					
110705	132000	1320	001320	University of California-Santa Barbara	CA	70323	74162	36565	State	false
110714	132100	1321	001321	University of California-Santa Cruz	CA	67085	70747	36565	State	false
110778	2267600	22676	G22676	Sofia University	CA	49940	52666	36565	State	false
110875	2065700	20657	013828	California Beauty College	CA	21830	23022	36565	State	true
111045	4274800	42748	042748	Haven University	CA					
111054	1186500	11865	011865	California Hair Design Academy	CA	25295	26676	36565	State	true
111081	113200	1132	001132	California Institute of the Arts	CA	35256	37180	34635	National	false
111188	113400	1134	001134	California State University Maritime Academy	CA	108757	114694	36565	State	false
111391	1310300	13103	G13103	California Western School of Law	CA					
111434	697300	6973	006973	Canada College	CA	65945	69545	36565	State	false
111461	890300	8903	008903	College of the Canyons	CA	64248	67755	36565	State	false
111513	2125000	21250	013914	Career Academy of Beauty	CA	27109	28589	36565	State	true
111638	673100	6731	006731	Casa Loma College-Los Angeles	CA	72581	76543	34635	National	false
111708	2332809	23328	016516	CET-San Diego	CA	40676	42896	34635	National	false
111717	2332800	23328	016516	CET-San Jose	CA	40676	42896	34635	National	false
111726	2332810	23328	016516	CET-El Centro	CA	40676	42896	34635	National	false
111744	2332814	23328	016516	CET-Colton	CA	40676	42896	34635	National	false
111762	2332819	23328	016516	CET-Watsonville	CA	40676	42896	34635	National	false
111799	2332813	23328	016516	CET-Salinas	CA	40676	42896	34635	National	false
111887	116100	1161	001161	Cerritos College	CA	54818	57810	36565	State	false
111896	1011100	10111	010111	Cerro Coso Community College	CA	57300	60428	36565	State	false
111920	116200	1162	001162	Chabot College	CA	66589	70224	36565	State	false
111939	116300	1163	001163	Chaffey College	CA	46799	49354	36565	State	false
111948	116400	1164	001164	Chapman University	CA	73336	77339	36565	State	false
111966	1036500	10365	013653	Charles R Drew University of Medicine and Science	CA	112516	118658	36565	State	false
112075	2070500	20705	013885	Concordia University-Irvine	CA	83064	87598	36565	State	false
112084	1203100	12031	012031	San Diego Christian College	CA	50741	53511	36565	State	false
112127	116500	1165	G01165	Church Divinity School of the Pacific	CA					
112172	116600	1166	001166	Citrus College	CA	46839	49396	36565	State	false
112181	2178700	21787	014064	Citrus Heights Beauty College	CA	29756	31380	36565	State	true
112190	450200	4502	012874	City College of San Francisco	CA	60859	64181	36565	State	false
112251	116900	1169	G01169	Claremont Graduate University	CA					
112260	117000	1170	001170	Claremont McKenna College	CA	110798	116846	34635	National	false
112288	2497300	24973	016801	Milan Institute-Visalia	CA	33999	35855	34635	National	false
112367	2309500	23095	016330	Clovis Adult Education	CA	43882	46277	36565	State	false
112385	2063500	20635	013536	Coastline Community College	CA	64396	67911	36565	State	false
112394	117700	1177	001177	University of Silicon Valley	CA	56708	59803	36565	State	false
112455	3577300	35773	035773	Coba Academy	CA	28445	29998	36565	State	true
112525	2482700	24827	024827	Western University of Health Sciences	CA					
112561	770700	7707	007707	Columbia College	CA	45420	47899	36565	State	false
112570	2110200	21102	014697	California College of ASU	CA	38025	40101	36565	State	false
112686	4281700	42817	042817	Compton College	CA					
112826	119000	1190	001190	Contra Costa College	CA	95545	100760	36565	State	false
113096	753600	7536	007536	Cosumnes River College	CA	51711	54534	36565	State	false
113111	927200	9272	009272	Crafton Hills College	CA	69922	73739	36565	State	false
113193	119200	1192	001192	Cuesta College	CA	57231	60355	36565	State	false
113218	2111300	21113	014435	Cuyamaca College	CA	42745	45078	36565	State	false
113236	119300	1193	001193	Cypress College	CA	57854	61012	36565	State	false
113333	448000	4480	004480	De Anza College	CA	60322	63615	36565	State	false
113449	3964400	39644	039644	International School of Beauty Inc	CA	21554	22731	36565	State	true
113573	118200	1182	001182	College of the Desert	CA	44605	47040	36565	State	false
113582	2298000	22980	016233	Design Institute of San Diego	CA					
113616	4284800	42848		DHARMA REALM BUDDHIST UNIVERSITY	CA					
113634	119100	1191	001191	Diablo Valley College	CA	50569	53329	36565	State	false
113698	119600	1196	001196	Dominican University of California	CA	95437	100646	36565	State	false
113704	129600	1296	016673	Dominican School of Philosophy & Theology	CA					
113856	2226000	22260	001222	East Los Angeles College	CA	49823	52543	36565	State	false
113980	119700	1197	001197	El Camino Community College District	CA	60046	63324	36565	State	false
114114	2609000	26090	026090	Emperor's College of Traditional Oriental Medicine	CA					
114266	1245200	12452	012452	Evergreen Valley College	CA	74506	78573	36565	State	false
114354	1111200	11112	011112	FIDM-Fashion Institute of Design & Merchandising	CA	52490	55355	36565	State	false
114433	859700	8597	008597	Feather River Community College District	CA	39865	42041	36565	State	false
114460	725300	7253	007253	Federico Beauty Institute	CA	27944	29469	36565	State	true
114549	2096100	20961	G20961	Fielding Graduate University	CA					
114585	3131300	31313	031313	Five Branches University	CA					
114637	720900	7209	007209	Redondo Beach Beauty College	CA	18585	19599	36565	State	true
114716	119900	1199	001199	Foothill College	CA	68070	71786	36565	State	false
114734	1179200	11792	G11792	Franciscan School of Theology	CA					
114761	2230900	22309	013557	Fredrick and Charles Beauty College	CA	16984	17911	36565	State	true
114789	130700	1307	001307	Fresno City College	CA	46885	49444	36565	State	false
114813	125300	1253	G10368	Fresno Pacific University	CA	63285	66739	36565	State	false
114840	120000	1200	G01200	Fuller Theological Seminary	CA					
114859	120100	1201	001201	Fullerton College	CA	52754	55634	36565	State	false
114938	120200	1202	001202	Gavilan College	CA	56285	59357	36565	State	false
114947	2231900	22319	015765	Gemological Institute of America-Carlsbad	CA	41390	43649	34635	National	false
115001	120300	1203	001203	Glendale Community College	CA	49295	51986	36565	State	false
115010	2338500	23385	016581	Glendale Career College	CA	48064	50688	34635	National	false
115083	120500	1205	001205	Golden Gate University	CA	115758	122077	36565	State	false
115126	120600	1206	001206	Golden West College	CA	54736	57724	36565	State	false
115214	120700	1207	G01207	Graduate Theological Union	CA					
115296	120800	1208	001208	Grossmont College	CA	59215	62447	36565	State	false
115357	2211000	22110	014599	Salon Success Academy-Riverside	CA	21184	22340	36565	State	true
115393	120900	1209	001209	Hartnell College	CA	51928	54762	36565	State	false
115409	117100	1171	001171	Harvey Mudd College	CA	137100	144584	34635	National	false
115658	2285100	22851	014813	Hilltop Beauty School	CA	29314	30914	36565	State	true
115746	3126800	31268	G31268	Pacifica Graduate Institute	CA					
115755	114900	1149	001149	California State Polytechnic University-Humboldt	CA	51571	54386	36565	State	false
115773	121200	1212	001212	Humphreys University-Stockton and Modesto Campuses	CA	56489	59572	36565	State	false
115861	121400	1214	001214	Imperial Valley College	CA	41236	43487	36565	State	false
115931	2128300	21283	014673	Institute for Business and Technology	CA	49241	51929	34635	National	false
116226	2520300	25203	016930	Interior Designers Institute	CA	71191	75077	36565	State	false
116439	2539500	25395	025395	Irvine Valley College	CA	55055	58060	36565	State	false
116563	1202600	12026	012026	Bellus Academy-El Cajon	CA	26517	27964	36565	State	true
116846	274100	2741	002741	American Jewish University	CA	46625	49170	36565	State	false
117052	130800	1308	001308	Reedley College	CA	42644	44972	36565	State	false
117104	2270600	22706	016029	Life Pacific University	CA	47070	49639	34635	National	false
117140	121600	1216	001216	University of La Verne	CA	64109	67608	36565	State	false
117168	2330500	23305	016517	Laguna College of Art and Design	CA	48922	51592	36565	State	false
117195	1290700	12907	012907	Lake Tahoe Community College	CA	45548	48034	36565	State	false
117238	1301000	13010	013010	Lancaster Beauty School	CA	17813	18785	36565	State	true
117247	126600	1266	001266	Laney College	CA	50151	52889	36565	State	false
117274	121700	1217	001217	Lassen Community College	CA					
117283	4284300	42843	042843	Latin American Bible Institute	CA					
117520	2228500	22285	015732	Life Chiropractic College West	CA					
117557	697500	6975	006975	Lincoln University	CA					
117575	3332300	33323	033323	Southern California Seminary	CA					
117627	121500	1215	001215	La Sierra University	CA	57898	61058	36565	State	false
117636	121800	1218	001218	Loma Linda University	CA	99611	105048	36565	State	false
117645	121900	1219	001219	Long Beach City College	CA	51407	54213	36565	State	false
117672	122900	1229	001229	Southern California University of Health Sciences	CA	38076	40154	36565	State	false
117690	122400	1224	001224	Los Angeles Harbor College	CA	63483	66948	36565	State	false
117706	122600	1226	001226	Los Angeles Pierce College	CA	48321	50959	36565	State	false
117715	704700	7047	007047	Los Angeles Southwest College	CA	47806	50415	36565	State	false
117724	122700	1227	001227	Los Angeles Trade Technical College	CA	46673	49221	36565	State	false
117733	122800	1228	001228	Los Angeles Valley College	CA	52988	55880	36565	State	false
117751	122000	1220	001220	The Master's University and Seminary	CA	55487	58516	36565	State	false
117788	122300	1223	001223	Los Angeles City College	CA	52028	54868	36565	State	false
117803	616500	6165	006165	Los Angeles County College of Nursing and Allied Health	CA	108804	114743	36565	State	false
117867	1255000	12550	012550	Los Angeles Mission College	CA	44147	46557	36565	State	false
117894	1034000	10340	010340	Los Medanos College	CA	59523	62772	36565	State	false
117946	1164900	11649	001234	Loyola Marymount University	CA	78039	82299	36565	State	false
117955	1186600	11866	011866	Lu Ross Academy	CA	30475	32138	36565	State	true
118134	714201	7142	007142	Lyle's College of Beauty	CA	19346	20402	36565	State	true
118143	714200	7142	007142	Lyle's College of  Beauty	CA	19346	20402	36565	State	true
118161	1324000	13240	013807	Lytles Redwood Empire Beauty College	CA	30082	31724	36565	State	true
118198	1291200	12912	008680	MTI College	CA	42412	44727	34635	National	false
118347	117800	1178	001178	College of Marin	CA	62664	66085	36565	State	false
118684	1167200	11672	011672	Mendocino College	CA	59296	62533	36565	State	false
118693	123600	1236	001236	Menlo College	CA	79903	84265	36565	State	false
118718	123700	1237	001237	Merced College	CA	51136	53927	36565	State	false
118772	126700	1267	001267	Merritt College	CA	53827	56765	36565	State	false
118888	219917	2199	002199	Northeastern University Oakland	CA	101903	107465	34635	National	false
118912	123900	1239	001239	MiraCosta College	CA					
118930	2119100	21191	014458	Mission College	CA	55281	58299	36565	State	false
118958	720400	7204	007204	Modern Beauty Academy	CA					
118976	124000	1240	001240	Modesto Junior College	CA	46619	49164	36565	State	false
118994	2185800	21858	015101	Moler Barber College	CA	24442	25776	36565	State	true
119058	369110	3691	001241	Middlebury Institute of International Studies at Monterey	CA	71188	75074	34635	National	false
119067	124200	1242	001242	Monterey Peninsula College	CA					
119137	711500	7115	007115	Moorpark College	CA	77599	81835	36565	State	false
119164	124500	1245	001245	Mt San Antonio College	CA	51460	54269	36565	State	false
119173	124300	1243	001243	Mount Saint Mary's University	CA	79546	83888	36565	State	false
119216	124600	1246	001246	Mt San Jacinto Community College District	CA	43983	46384	36565	State	false
119270	2161800	21618	015238	Musicians Institute	CA	37100	39125	36565	State	false
119331	124700	1247	001247	Napa Valley College	CA	71587	75495	36565	State	false
119553	2542300	25423	017063	National Holistic Institute	CA	31763	33497	36565	State	true
119605	1146000	11460	011460	National University	CA	81115	85543	34635	National	false
119678	131000	1310		Naval Postgraduate School	CA					
119775	3043900	30439	030439	Newschool of Architecture and Design	CA	74029	78070	36565	State	false
119951	718700	7187	007187	North Adrian's College of Beauty Inc	CA	26843	28308	36565	State	true
120069	1287200	12872	012872	North-West College-Pomona	CA	40350	42553	36565	State	false
120078	1170700	11707	011707	North-West College-West Covina	CA	39201	41341	36565	State	false
120087	2591600	25916	025916	North-West College-Van Nuys	CA	40029	42214	36565	State	false
120166				San Francisco Bay University	CA					
120184	117900	1179	001179	Notre Dame de Namur University	CA	71954	75882	36565	State	false
120254	124900	1249	001249	Occidental College	CA	68467	72204	34635	National	false
120290	448100	4481	004481	Ohlone College	CA					
120342	125000	1250	001250	Orange Coast College	CA	49927	52652	36565	State	false
120403	125100	1251	001251	Otis College of Art and Design	CA	50900	53678	36565	State	false
120421	1284200	12842	016391	Oxnard College	CA	49137	51819	36565	State	false
120537	125200	1252	001252	Hope International University	CA	53687	56618	36565	State	false
120661	793000	7930	007930	Concorde Career College-San Diego	CA	47516	50110	36565	State	false
120698	2138300	21383	B06810	Palo Alto University	CA	88171	92984	36565	State	false
120768	125500	1255	001255	Pacific Oaks College	CA	56852	59955	36565	State	false
120795	125600	1256	G01256	Pacific School of Religion	CA					
120838	3163300	31633	031633	Pacific States University	CA					
120865	125800	1258	001258	Pacific Union College	CA	88027	92832	36565	State	false
120883	132900	1329	001329	University of the Pacific	CA	81820	86286	36565	State	false
120953	125900	1259	001259	Palo Verde College	CA					
120971	126000	1260	001260	Palomar College	CA	82130	86613	36565	State	false
121044	126100	1261	001261	Pasadena City College	CA	48980	51654	36565	State	false
121150	1014900	10149	001264	Pepperdine University	CA	84459	89069	36565	State	false
121257	117200	1172	001172	Pitzer College	CA	69786	73595	34635	National	false
121309	126200	1262	001262	Point Loma Nazarene University	CA	72880	76858	36565	State	false
121345	117300	1173	001173	Pomona College	CA	77544	81777	34635	National	false
121363	126800	1268	001268	Porterville College	CA	36940	38956	36565	State	false
121433	1298400	12984	012984	Professional Institute of Beauty	CA	26905	28374	36565	State	true
121619	128400	1284	001284	Santa Ana College	CA	63039	66480	36565	State	false
121628	1044100	10441	G10441	RAND School of Public Policy	CA					
121637	4161700	41617	041617	Shasta School of Cosmetology	CA					
121691	132200	1322	001322	University of Redlands	CA	75863	80004	36565	State	false
121707	118500	1185	001185	College of the Redwoods	CA	37636	39690	36565	State	false
121859	720300	7203	007203	Salon Success Academy-Upland	CA	24271	25596	36565	State	true
121868	1309500	13095	013095	Salon Success Academy-Corona	CA	20227	21331	36565	State	true
121886	126900	1269	001269	Rio Hondo College	CA	55379	58402	36565	State	false
121901	127000	1270	001270	Riverside City College	CA	49751	52467	36565	State	false
122117	3109500	31095	031095	Dongguk University Los Angeles	CA					
122180	123300	1233	001233	Sacramento City College	CA	52366	55224	36565	State	false
122205	891800	8918	008918	Saddleback College	CA	46604	49148	36565	State	false
122296	701200	7012	007012	Samuel Merritt University	CA	148182	156271	36565	State	false
122339	127300	1273	001273	San Diego City College	CA	40124	42314	36565	State	false
122375	127500	1275	001275	San Diego Mesa College	CA	50709	53477	36565	State	false
122384	1182000	11820	014172	San Diego Miramar College	CA	53936	56880	36565	State	false
122409	115100	1151	001151	San Diego State University	CA	68268	71994	36565	State	false
122436	1039500	10395	010395	University of San Diego	CA	85309	89966	36565	State	false
122506	127800	1278	001278	San Francisco Conservatory of Music	CA	50407	53158	34635	National	false
122597	115400	1154	001154	San Francisco State University	CA	67804	71505	36565	State	false
122612	132500	1325	001325	University of San Francisco	CA	91483	96477	36565	State	false
122649	2500000	25000	016902	San Joaquin College of Law	CA					
122658	128000	1280	001280	San Joaquin Delta College	CA	49494	52196	36565	State	false
122685	2120700	21207	014741	San Joaquin Valley College-Visalia	CA	42211	44515	36565	State	false
122694	2120703	21207	016370	San Joaquin Valley College-Bakersfield	CA	42211	44515	36565	State	false
122728	128100	1281	001281	William Jessup University	CA	55374	58397	36565	State	false
122746	128200	1282	001282	San Jose City College	CA	57895	61055	36565	State	false
122755	115500	1155	001155	San Jose State University	CA	89614	94506	36565	State	false
122791	118100	1181	001181	College of San Mateo	CA	69861	73674	36565	State	false
122889	128500	1285	001285	Santa Barbara City College	CA	63514	66981	36565	State	false
122931	132600	1326	001326	Santa Clara University	CA	108517	114440	36565	State	false
122977	128600	1286	001286	Santa Monica College	CA	46731	49282	36565	State	false
123013	128700	1287	001287	Santa Rosa Junior College	CA	64933	68477	36565	State	false
123095	2120600	21206	G21206	Saybrook University	CA					
123165	117400	1174	001174	Scripps College	CA	75301	79411	34635	National	false
123217	118600	1186	001186	College of the Sequoias	CA	44147	46557	36565	State	false
123280	2359300	23593	016802	Shasta Bible College and Graduate School	CA					
123299	128900	1289	001289	Shasta College	CA	71612	75521	36565	State	false
123341	129000	1290	001290	Sierra College	CA	47159	49733	36565	State	false
123350	2064300	20643	013831	Sierra College of Beauty	CA	17912	18890	36565	State	true
123448	177212	1772	E00961	Trinity Law School	CA					
123457	129100	1291	001291	Simpson University	CA	59198	62429	36565	State	false
123484	118700	1187	001187	College of the Siskiyous	CA	57487	60625	36565	State	false
123493	950900	9509	009509	Charles A Jones Career and Education Center	CA	45986	48496	36565	State	false
123509	771300	7713	007713	Skyline College	CA	59341	62580	36565	State	false
123527	127200	1272	001272	San Bernardino Valley College	CA	55935	58988	36565	State	false
123554	130200	1302	001302	Saint Mary's College of California	CA	74325	78382	36565	State	false
123563	129200	1292	001292	Solano Community College	CA	59829	63095	36565	State	false
123572	115600	1156	001156	Sonoma State University	CA	65997	69599	36565	State	false
123633	2597300	25973	025973	South Baylo University	CA					
123642	2277400	22774	016081	South Coast College	CA					
123651	129300	1293	001293	Vanguard University of Southern California	CA	65874	69470	36565	State	false
123679	807100	8071	008071	Concorde Career College-Garden Grove	CA	50133	52870	36565	State	false
123800	129400	1294	001294	Southwestern College	CA	48974	51647	36565	State	false
123916	408000	4080	G04080	Starr King School for the Ministry	CA					
123943	123000	1230	001230	Marshall B Ketchum University	CA					
123952	2075800	20758	014073	Southern California Institute of Architecture	CA	73456	77466	36565	State	false
123961	132800	1328	001328	University of Southern California	CA	95739	100965	36565	State	false
123970	129500	1295	G01295	Southwestern Law School	CA					
124113	130900	1309	001309	Taft College	CA	44555	46987	36565	State	false
124283	128800	1288	G01288	Claremont School of Theology	CA					
124292	2358000	23580	023580	Thomas Aquinas College	CA	49755	52471	34635	National	false
124487	3403300	34033	034033	Epic Bible College & Graduate School	CA					
124681	2559300	25593	017169	UEI College-Huntington Park	CA	34461	36342	34635	National	false
124706	853700	8537	008537	Concorde Career College-San Bernardino	CA	39964	42145	36565	State	false
124937	760700	7607	007607	Concorde Career College-North Hollywood	CA	52837	55721	36565	State	false
125028	133400	1334	001334	Ventura College	CA	51753	54578	36565	State	false
125037	4250100	42501	042501	The Colleges of Law at Ventura	CA					
125082	2128200	21282	013637	Bridges Beauty College	CA					
125091	133500	1335	001335	Victor Valley College	CA	44779	47223	36565	State	false
125170	2242700	22427	014311	Berkeley City College	CA	53830	56768	36565	State	false
125231	2504200	25042	025042	Walden University	MN	83334	87883	34635	National	false
125310	2061600	20616	020616	Waynes College of Beauty	CA	26097	27522	36565	State	true
125462	117600	1176	001176	Coalinga College	CA	46286	48813	36565	State	false
125471	859600	8596	008596	West Los Angeles College	CA	48859	51526	36565	State	false
125499	133800	1338	001338	West Valley College	CA	51402	54208	36565	State	false
125532	974800	9748	009748	Carrington College-Sacramento	CA	47661	50263	36565	State	false
125718	2276800	22768	G22768	Westminster Theological Seminary in California	CA					
125727	134100	1341	001341	Westmont College	CA	64044	67540	36565	State	false
125763	134200	1342	001342	Whittier College	CA	57988	61153	36565	State	false
125897	134300	1343	001343	Woodbury University	CA	66794	70440	36565	State	false
126012	884600	8846	G08846	The Wright Institute	CA					
126049	1085400	10854	013780	Thomas Jefferson School of Law	CA					
126076	2262400	22624	015975	Yeshiva Ohr Elchonon Chabad West Coast Talmudical Seminary	CA	36185	38160	36565	State	false
126119	134400	1344	001344	Yuba College	CA	63022	66462	36565	State	false
126182	134500	1345	001345	Adams State University	CO	52621	55493	39622	State	false
126207	758200	7582	007582	Aims Community College	CO	51704	54526	39622	State	false
126289	134600	1346	001346	Arapahoe Community College	CO	57589	60733	39622	State	false
126359	1267000	12670	012670	Bel-Rea Institute of Animal Technology	CO	44822	47269	39622	State	false
126562	450800	4508	004508	University of Colorado Denver/Anschutz Medical Campus	CO	74059	78102	39622	State	false
126580	450900	4509	004509	University of Colorado Colorado Springs	CO	62980	66418	39622	State	false
126605	729700	7297	007297	Spartan College of Aeronautics and Technology	CO	78810	83112	39622	State	false
126614	137000	1370	001370	University of Colorado Boulder	CO	76850	81045	39622	State	false
126669	940100	9401	009401	Colorado Christian University	CO	58576	61773	34635	National	false
126678	134700	1347	001347	Colorado College	CO	56959	60068	34635	National	false
126687	887100	8871	008871	Concorde Career College-Aurora	CO	46016	48528	34635	National	false
126711	450600	4506	004506	Colorado Mountain College	CO	55406	58430	39622	State	false
126748	135900	1359	001359	Colorado Northwestern Community College	CO	61341	64689	39622	State	false
126775	134800	1348	001348	Colorado School of Mines	CO	100252	105724	39622	State	false
126784	1157200	11572	013513	Colorado School of Trades	CO	44828	47275	34635	National	false
126818	135000	1350	001350	Colorado State University-Fort Collins	CO	67911	71618	39622	State	false
126827	1014800	10148	010148	Colorado Technical University-Colorado Springs	CO	60707	64021	34635	National	false
126863	2276900	22769	016058	Community College of Aurora	CO	51722	54545	39622	State	false
126915	2156200	21562	014050	Technical College of the Rockies	CO	47355	49940	39622	State	false
126942	954200	9542	009542	Community College of Denver	CO	53984	56931	39622	State	false
126951	793806	7938	007547	Lincoln College of Technology-Denver	CO	51742	54566	34635	National	false
126979	135200	1352	001352	Denver Seminary	CO					
127060	137100	1371	001371	University of Denver	CO	78504	82789	34635	National	false
127158	559600	5596	005596	Emily Griffith Technical College	CO	45935	48442	39622	State	false
127185	135300	1353	001353	Fort Lewis College	CO	46601	49145	34635	National	false
127200	793300	7933	007933	Front Range Community College	CO	50353	53102	39622	State	false
127273	135400	1354	G01354	Iliff School of Theology	CO					
127316	1285000	12850	012850	International Salon and Spa Academy	CO	28766	30336	39622	State	true
127389	135500	1355	001355	Lamar Community College	CO	39711	41879	39622	State	false
127556	135800	1358	001358	Colorado Mesa University	CO	58601	61800	39622	State	false
127565	136000	1360	001360	Metropolitan State University of Denver	CO	60186	63471	39622	State	false
127617	998100	9981	009981	Morgan Community College	CO	48025	50646	39622	State	false
127653	2117500	21175	014652	Naropa University	CO	41627	43899	39622	State	false
127714	1300700	13007	013007	Nazarene Bible College	CO	50282	53027	34635	National	false
127732	136100	1361	001361	Northeastern Junior College	CO	47153	49727	39622	State	false
127741	134900	1349	001349	University of Northern Colorado	CO	56930	60038	39622	State	false
127778	136200	1362	001362	Otero College	CO	38328	40420	39622	State	false
127820	889600	8896	008896	Pikes Peak State College	CO	48538	51187	39622	State	false
127884	2116300	21163	014829	Pueblo Community College	CO	49179	51863	39622	State	false
127909	954300	9543	009543	Red Rocks Community College	CO	62695	66117	39622	State	false
127918	136300	1363	001363	Regis University	CO	81785	86249	39622	State	false
127945	764900	7649	013991	Rocky Mountain College of Art and Design	CO	41363	43621	34635	National	false
127954	3306300	33063	033063	Montessori Education Center of the Rockies	CO	44783	47227	39622	State	false
128106	136500	1365	001365	Colorado State University Pueblo	CO	55898	58949	39622	State	false
128151	1287500	12875	012875	Pickens Technical College	CO	44693	47133	39622	State	false
128179	2253700	22537	015908	Intellitec College-Colorado Springs	CO	42178	44480	39622	State	false
128188	3066900	30669	030669	Intellitec College-Grand Junction	CO	37672	39728	39622	State	false
128258	136800	1368	001368	Trinidad State College	CO	49758	52474	39622	State	false
128328	136900	1369		United States Air Force Academy	CO					
128337	757306	7573	007573	Empire Beauty School-Thornton	CO	25810	27219	34635	National	true
128391	137200	1372	001372	Western Colorado University	CO	50666	53432	39622	State	false
128498	137400	1374	001374	Albertus Magnus College	CT	63088	66532	36709	State	false
128586	4267800	42678	042678	Bais Binyomin Academy	NY					
128744	141600	1416	001416	University of Bridgeport	CT	60311	63603	36709	State	false
128771	137800	1378	001378	Central Connecticut State University	CT	67245	70916	36709	State	false
128780	3234300	32343	032343	Charter Oak State College	CT	62128	65519	36709	State	false
128896	2316600	23166	023166	Cortiva Institute	CT	32856	34649	36709	State	true
128902	137900	1379	001379	Connecticut College	CT	67540	71227	34635	National	false
129002	730500	7305	007305	Porter & Chester Institute of Hamden	CT	46281	48807	36709	State	false
129020	141700	1417	001417	University of Connecticut	CT	78925	83233	36709	State	false
129154	2244900	22449	015833	Goodwin University	CT	72845	76821	36709	State	false
129181	730306	7303	015725	Lincoln Technical Institute-East Windsor	CT	47136	49709	34635	National	false
129215	142500	1425	001425	Eastern Connecticut State University	CT	57759	60912	36709	State	false
129242	138500	1385	001385	Fairfield University	CT	91378	96366	34635	National	false
129349	2112700	21127	014730	Paul Mitchell the School-North Haven	CT	31288	32996	36709	State	true
129367	763500	7635	007635	Connecticut State Community College	CT	50130	52866	36709	State	false
129482	2106600	21066	014645	American Institute-West Hartford	CT	36918	38933	34635	National	false
129491	138700	1387	G01387	Hartford International University for Religion and Peace	CT					
129525	142200	1422	001422	University of Hartford	CT	69078	72849	36709	State	false
129534	138900	1389	001389	Holy Apostles College and Seminary	CT	39168	41306	34635	National	false
129774	139300	1393	001393	Mitchell College	CT	44062	46467	36709	State	false
129923	730300	7303	015712	Lincoln Technical Institute-New Britain	CT	47136	49709	34635	National	false
129932	2202500	22025	022025	New England Tractor Trailer Training School of Connecticut	CT	52806	55688	36709	State	false
129941	139700	1397	001397	University of New Haven	CT	65164	68721	34635	National	false
130174	1077900	10779	010779	Porter & Chester Institute	CT	46863	49421	34635	National	false
130183	140100	1401	001401	Post University	CT	60571	63877	34635	National	false
130226	140200	1402	001402	Quinnipiac University	CT	84363	88968	34635	National	false
130253	140300	1403	001403	Sacred Heart University	CT	79431	83767	34635	National	false
130314	140900	1409	001409	University of Saint Joseph	CT	73035	77022	36709	State	false
130493	140600	1406	001406	Southern Connecticut State University	CT	59787	63050	36709	State	false
130590	141400	1414	001414	Trinity College	CT	83645	88211	34635	National	false
130624	141500	1415		United States Coast Guard Academy	CT					
130697	142400	1424	001424	Wesleyan University	CT	72119	76056	34635	National	false
130776	138000	1380	001380	Western Connecticut State University	CT	60346	63640	36709	State	false
130794	142600	1426	001426	Yale University	CT	112971	119138	34635	National	false
130837	2125200	21252	021252	Margaret H Rollins School of Nursing at Beebe Medical Center	DE	82233	86722	34635	State	false
130873	3025800	30258	030258	Dawn Career Institute LLC	DE	32884	34679	34635	State	false
130907	1172700	11727	011727	Delaware Technical Community College-Terry	DE	55102	58110	34635	State	false
130934	142800	1428	001428	Delaware State University	DE	56957	60066	34635	State	false
130943	143100	1431	001431	University of Delaware	DE	77675	81915	34635	National	false
130989	142900	1429	001429	Goldey-Beacom College	DE	52348	55205	34635	State	false
131061	2190400	21904	015477	Schilling-Douglas School of Hair Design	DE	30517	32183	34635	State	true
131113	794800	7948	007948	Wilmington University	DE	69354	73140	34635	National	false
131159	143400	1434	001434	American University	DC	79081	83398	34635	National	false
131283	143700	1437	001437	The Catholic University of America	DC	79320	83650	34635	National	false
131399	144100	1441	007015	University of the District of Columbia	DC	66946	70600	37400	State	false
131405	1280300	12803	G12803	Pontifical Faculty of the Immaculate Conception at the Dominican House of Studies	DC					
131450	144300	1443	001443	Gallaudet University	DC	55195	58208	34635	National	false
131469	144400	1444	001444	George Washington University	DC	95967	101205	34635	National	false
131496	144500	1445	001445	Georgetown University	DC	119773	126311	34635	National	false
131520	144800	1448	001448	Howard University	DC	72974	76957	34635	National	false
131803	145900	1459	001459	Strayer University-District of Columbia	DC	68449	72185	34635	National	false
131830	2132800	21328	014941	National Conservatory of Dramatic Arts	DC					
131876	146000	1460	001460	Trinity Washington University	DC	64019	67513	37400	State	false
131973	146400	1464	G01464	Wesley Theological Seminary	DC					
132374	1226300	12263	012263	Atlantic Technical College	FL	40638	42856	33352	State	false
132408	2159600	21596	013001	Baptist University of Florida	FL	40595	42811	33352	State	false
132471	146600	1466	001466	Barry University	FL	73480	77491	33352	State	false
132602	146700	1467	001467	Bethune-Cookman University	FL	46007	48518	33352	State	false
132657	150500	1505	001505	Lynn University	FL	53587	56512	34635	National	false
132675	3382300	33823	033823	North Florida Technical College	FL					
132693	147000	1470	001470	Eastern Florida State College	FL	49053	51731	33352	State	false
132709	150000	1500	001500	Broward College	FL	49843	52564	33352	State	false
132842	1072401	10724	E00616	Albizu University-Miami	FL	60661	63972	34635	National	false
132851	147100	1471	001471	College of Central Florida	FL	46025	48537	33352	State	false
132903	395400	3954	003954	University of Central Florida	FL	61355	64704	33352	State	false
132976	2297000	22970	016165	Charlotte Technical College	FL	43247	45608	33352	State	false
133021	147200	1472	001472	Chipola College	FL	46272	48798	33352	State	false
133155	1323400	13234	013234	Lorenzo Walker Technical College	FL	41899	44186	33352	State	false
133386	147500	1475	001475	Daytona State College	FL	49001	51676	33352	State	false
133465	1303904	13039	E00602	South University-West Palm Beach	FL	68975	72740	34635	National	false
133492	148700	1487	001487	Eckerd College	FL	48651	51307	34635	National	false
133508	147700	1477	001477	Florida SouthWestern State College	FL	53901	56843	33352	State	false
133526	147800	1478	001478	Edward Waters University	FL					
133553	147900	1479	001479	Embry-Riddle Aeronautical University-Daytona Beach	FL	93582	98690	34635	National	false
133650	148000	1480	001480	Florida Agricultural and Mechanical University	FL	52657	55531	33352	State	false
133669	148100	1481	001481	Florida Atlantic University	FL	59690	62948	33352	State	false
133702	148400	1484	001484	Florida State College at Jacksonville	FL	53224	56129	33352	State	false
133711	789300	7893	007893	Flagler College	FL	52031	54871	34635	National	false
133809	148200	1482	001482	Florida College	FL	46022	48534	34635	National	false
133845	2089600	20896	014016	Concorde Career Institute-Jacksonville	FL	40001	42184	33352	State	false
133854	2275100	22751	016050	Concorde Career Institute-Miramar	FL	39429	41581	33352	State	false
133863	2172700	21727	015307	Concorde Career Institute-Tampa	FL	37344	39382	33352	State	false
133872	3115500	31155	031155	AdventHealth University	FL	79607	83952	33352	State	false
133881	146900	1469	001469	Florida Institute of Technology	FL	90403	95338	34635	National	false
133951	963500	9635	009635	Florida International University	FL	62192	65587	33352	State	false
133960	148500	1485	001485	The College of the Florida Keys	FL	54493	57468	33352	State	false
133979	148600	1486	001486	Florida Memorial University	FL	46572	49114	33352	State	false
134024	4129900	41299	041299	Florida School of Massage	FL	27897	29420	33352	State	true
134079	148800	1488	001488	Florida Southern College	FL	58753	61960	33352	State	false
134097	148900	1489	001489	Florida State University	FL	66924	70577	33352	State	false
134130	153500	1535	001535	University of Florida	FL	77321	81542	33352	State	false
134228	2338400	23384	016573	Fort Pierce Beauty Academy	FL	25917	27332	33352	State	true
134237	2362100	23621	016812	Full Sail University	FL	40367	42570	34635	National	false
134291	2307400	23074	016280	George Stone Technical College	FL	43815	46207	33352	State	false
134307	3079800	30798	030798	George T Baker Aviation Technical College	FL					
134343	149000	1490	001490	Gulf Coast State College	FL	52051	54892	33352	State	false
134495	787000	7870	007870	Hillsborough Community College	FL	49784	52501	33352	State	false
134510	2188900	21889	015463	Hobe Sound Bible College	FL	37793	39856	34635	National	false
134529	4162500	41625	041625	Hollywood Institute of Beauty Careers	FL	22274	23490	33352	State	true
134574	2279600	22796	016092	Cortiva Institute	FL	32069	33819	34635	National	true
134608	149300	1493	001493	Indian River State College	FL	47615	50214	33352	State	false
134714	2257900	22579	015962	International Academy	FL	21588	22766	33352	State	true
134945	149500	1495	001495	Jacksonville University	FL	77058	81264	34635	National	false
135081	2151900	21519	015159	Keiser University-Ft Lauderdale	FL	51106	53896	33352	State	false
135142	2287100	22871	014746	La Belle Beauty School	FL	18074	19061	33352	State	true
135160	150100	1501	001501	Florida Gateway College	FL	49676	52388	33352	State	false
135179	2228300	22283	013000	Lake Technical College	FL	40817	43045	33352	State	false
135188	150200	1502	001502	Lake-Sumter State College	FL	46194	48716	33352	State	false
135267	755800	7558	007558	Fort Myers Technical College	FL	43662	46045	33352	State	false
135276	558500	5585	013997	Lively Technical College	FL	35313	37241	33352	State	false
135294	558600	5586	005586	Lindsey Hopkins Technical College	FL	40251	42448	33352	State	false
135337	1016100	10161	014146	Loraines Academy & Spa	FL	22075	23280	33352	State	true
135364	3100900	31009	031009	Luther Rice College & Seminary	GA	66268	69885	32616	State	false
135391	150400	1504	001504	State College of Florida-Manatee-Sarasota	FL	55922	58975	33352	State	false
135407	561200	5612	015496	Manatee Technical College	FL	45049	47508	33352	State	false
135522	560800	5608	014706	Traviss Technical College	FL	38755	40870	33352	State	false
135559	4227500	42275	042275	Merryfield Academy	FL	26886	28354	33352	State	true
135647	2316200	23162	016400	Miami Lakes Educational Center and Technical College	FL	40843	43072	33352	State	false
135717	150600	1506	001506	Miami Dade College	FL	49323	52015	33352	State	false
135726	153600	1536	001536	University of Miami	FL	85019	89660	34635	National	false
135735	2501500	25015	016875	Orange Technical College-South Campus	FL					
136109	2149900	21499	014748	Paul Mitchell the School-Jacksonville	FL	32122	33875	34635	National	true
136145	150800	1508	001508	North Florida College	FL	45061	47521	33352	State	false
136172	984100	9841	009841	University of North Florida	FL	59418	62661	33352	State	false
136215	150900	1509	001509	Nova Southeastern University	FL	81582	86035	33352	State	false
136233	151000	1510	001510	Northwest Florida State College	FL	52556	55425	33352	State	false
136303	2513200	25132	014719	Orange Technical College	FL	34945	36852	33352	State	false
136330	884900	8849	008849	Palm Beach Atlantic University	FL	54983	57984	34635	National	false
136358	151200	1512	001512	Palm Beach State College	FL	48635	51290	33352	State	false
136400	1065200	10652	010652	Pasco-Hernando State College	FL	51981	54818	33352	State	false
136473	151300	1513	001513	Pensacola State College	FL	45937	48444	33352	State	false
136491	560500	5605	005605	Pinellas Technical College-Clearwater	FL	41457	43720	33352	State	false
136516	151400	1514	001514	Polk State College	FL	53180	56083	33352	State	false
136659	2554200	25542	017198	Radford M Locklin Technical College	FL	31056	32751	33352	State	true
136701	822300	8223	G08223	Saint Vincent de Paul Regional Seminary	FL					
136765	2511700	25117	015780	Ridge Technical College	FL	35542	37482	33352	State	false
136774	1257400	12574	012574	Ringling College of Art and Design	FL	49311	52003	34635	National	false
136826	2524200	25242	016919	Robert Morgan Educational Center and Technical College	FL	37299	39335	33352	State	false
136950	151500	1515	001515	Rollins College	FL	65488	69063	33352	State	false
137023	1254400	12544	012544	First Coast Technical College	FL	43471	45844	33352	State	false
137032	152600	1526	001526	Saint Leo University	FL	58644	61845	33352	State	false
137078	152800	1528	001528	St Petersburg College	FL	54088	57040	33352	State	false
137087	2115300	21153	013917	Pinellas Technical College-St. Petersburg	FL	40318	42519	33352	State	false
137096	151900	1519	001519	Santa Fe College	FL	53155	56056	33352	State	false
137120	560700	5607	013689	Suncoast Technical College	FL	40433	42640	33352	State	false
137209	152000	1520	001520	Seminole State College of Florida	FL	52407	55268	33352	State	false
137245	990200	9902	009902	Sheridan Technical College	FL	37703	39761	33352	State	false
137272	807500	8075	008075	St. John Vianney College Seminary	FL					
137281	152300	1523	001523	Saint Johns River State College	FL	51036	53822	33352	State	false
137315	152200	1522	001522	South Florida State College	FL	48619	51273	33352	State	false
137351	153700	1537	001537	University of South Florida	FL	62079	65468	33352	State	false
137476	146800	1468	001468	St. Thomas University	FL	70806	74671	33352	State	false
137546	153100	1531	001531	Stetson University	FL	57773	60927	33352	State	false
137564	152100	1521	001521	Southeastern University	FL	50572	53332	33352	State	false
137591	3018500	30185	014752	Bene's Career Academy	FL	23411	24689	33352	State	true
137713	752500	7525	016824	Riveroak Technical College	FL	42040	44335	33352	State	false
137759	153300	1533	001533	Tallahassee State College	FL	52652	55526	33352	State	false
137777	2508900	25089	013814	Talmudic College of Florida	FL					
137847	153800	1538	001538	The University of Tampa	FL	62720	66144	34635	National	false
137856	3100800	31008	031008	Big Bend Technical College	FL	44422	46847	33352	State	false
137865	1082600	10826	010826	Tom P. Haney Technical College	FL	38454	40553	33352	State	false
137953	3101900	31019	031019	Trinity Baptist College	FL	47042	49610	33352	State	false
137962	3028200	30282	030282	Trinity College of Florida	FL	35285	37211	33352	State	false
138187	675000	6750	006750	Valencia College	FL	46937	49499	33352	State	false
138275	884800	8848	008848	Warner University	FL	50390	53141	33352	State	false
138284	752600	7526	013898	Florida Panhandle Technical College	FL	34965	36874	33352	State	false
138293	154000	1540	001540	Webber International University	FL	50359	53108	34635	National	false
138309	869410	8694	008501	Rasmussen University-Florida	FL	59996	63271	34635	National	false
138354	395500	3955	003955	University of West Florida	FL	67723	71420	33352	State	false
138372	2321200	23212	015036	Orange Technical College-West Campus	FL					
138479	3003600	30036	030036	William T McFatter Technical College	FL	38025	40101	33352	State	false
138488	2504600	25046	016837	Orange Technical College-East Campus	FL					
138497	2300900	23009	016258	Withlacoochee Technical College	FL	36110	38081	33352	State	false
138558	154100	1541	001541	Abraham Baldwin Agricultural College	GA	53386	56300	32616	State	false
138600	154200	1542	001542	Agnes Scott College	GA	52746	55625	32616	State	false
138655	2284300	22843	016109	Interactive College of Technology-Chamblee	GA	34836	36738	34635	National	false
138664	2284308	22843	E00953	Interactive College of Technology-Morrow	GA	34836	36738	34635	National	false
138682	560100	5601	005601	Albany Technical College	GA	37104	39129	32616	State	false
138716	154400	1544	001544	Albany State University	GA	54096	57049	32616	State	false
138761	154500	1545	001545	Andrew College	GA	47329	49912	32616	State	false
138822	3005400	30054	030054	Georgia Career Institute	GA	21456	22627	32616	State	true
138840	854300	8543	008543	Atlanta Technical College	GA	40964	43200	32616	State	false
138868	154700	1547	001547	Point University	GA	45849	48352	34635	National	false
138901	1216500	12165	012165	Atlanta Metropolitan State College	GA	40965	43201	32616	State	false
138929	3173300	31733	G31733	Atlanta's John Marshall Law School	GA					
138947	155900	1559	001559	Clark Atlanta University	GA	47337	49921	34635	National	false
138956	559900	5599	005599	Augusta Technical College	GA	43469	45842	32616	State	false
139144	155400	1554	001554	Berry College	GA	58750	61957	32616	State	false
139153	3076300	30763	030763	Beulah Heights University	GA					
139199	155600	1556	001556	Brenau University	GA	61654	65019	32616	State	false
139205	155700	1557	001557	Brewton-Parker College	GA					
139250	155800	1558	001558	College of Coastal Georgia	GA	52505	55371	32616	State	false
139278	1048700	10487	010487	West Georgia Technical College	GA	43835	46228	32616	State	false
139311	897600	8976	008976	Clayton  State University	GA	54430	57401	32616	State	false
139348	156000	1560	G01560	Columbia Theological Seminary	GA					
139357	562400	5624	005624	Columbus Technical College	GA	43818	46210	32616	State	false
139366	156100	1561	001561	Columbus State University	GA	60912	64237	32616	State	false
139384	402400	4024	004024	Georgia Northwestern Technical College	GA	44490	46918	32616	State	false
139393	348400	3484	003484	Covenant College	GA	48802	51466	34635	National	false
139463	395600	3956	003956	Dalton State College	GA	52160	55007	32616	State	false
139506	1205100	12051	012051	Pro Way Hair School	GA	21736	22922	32616	State	true
139579	1303900	13039	013039	South University-Savannah	GA	68975	72740	34635	National	false
139621	1099700	10997	010997	East Georgia State College	GA	41835	44119	32616	State	false
139630	156300	1563	001563	Emmanuel University	GA	42976	45322	32616	State	false
139658	156400	1564	001564	Emory University	GA	90139	95059	34635	National	false
139700	950700	9507	009507	Georgia Highlands College	GA	49888	52611	32616	State	false
139719	156600	1566	001566	Fort Valley State University	GA	44844	47292	32616	State	false
139746	411700	4117	004117	Grady Health System Professional Schools	GA	78476	82760	32616	State	false
139755	156900	1569	001569	Georgia Institute of Technology-Main Campus	GA	119180	125685	32616	State	false
139764	157300	1573	001573	Georgia Southwestern State University	GA	62132	65523	32616	State	false
139861	160200	1602	001602	Georgia College & State University	GA	62852	66283	32616	State	false
139931	157200	1572	001572	Georgia Southern University	GA	62342	65745	32616	State	false
139940	157400	1574	001574	Georgia State University	GA	58898	62113	32616	State	false
139959	159800	1598	001598	University of Georgia	GA	74144	78191	32616	State	false
139968	157500	1575	001575	Gordon State College	GA	47316	49899	32616	State	false
139986	562100	5621	005621	Southern Crescent Technical College	GA	47009	49575	32616	State	false
139995	1077100	10771	010771	Gupton Jones College of Funeral Service	GA	45892	48397	34635	National	false
140003	2583000	25830	025830	Gwinnett College-Lilburn	GA					
140012	2288400	22884	016139	Gwinnett Technical College	GA	50469	53224	32616	State	false
140146	156800	1568	G01568	Interdenominational Theological Center	GA					
140234	157800	1578	001578	LaGrange College	GA	62232	65629	32616	State	false
140243	525400	5254	005254	Lanier Technical College	GA	44754	47197	32616	State	false
140252	2074800	20748	014170	Life University	GA	51860	54691	32616	State	false
140331	562000	5620	005620	Chattahoochee Technical College	GA	45209	47677	32616	State	false
140340	962106	9621	009621	Herzing University-Atlanta	GA	58575	61772	34635	National	false
140447	158000	1580	001580	Mercer University	GA	71870	75793	32616	State	false
140553	158200	1582	001582	Morehouse College	GA	61320	64667	34635	National	false
140562	2482100	24821	G24821	Morehouse School of Medicine	GA					
140571	158300	1583	001583	Morris Brown College	GA					
140678	561900	5619	005619	North Georgia Technical College	GA	47265	49845	32616	State	false
140696	158600	1586	001586	Oglethorpe University	GA	52138	54984	32616	State	false
140720	158700	1587	001587	Paine College	GA	41449	43712	32616	State	false
140818	158800	1588	001588	Piedmont University	GA	65743	69332	32616	State	false
140827	3125604	31256	031256	Miami Ad School-Atlanta	GA	90763	95717	34635	National	false
140872	158900	1589	001589	Reinhardt University	GA	53795	56731	32616	State	false
140942	561800	5618	005618	Savannah Technical College	GA	44293	46711	32616	State	false
140951	2141500	21415	015022	Savannah College of Art and Design	GA	47980	50599	34635	National	false
140960	159000	1590	001590	Savannah State University	GA	46912	49473	32616	State	false
140988	159100	1591	001591	Shorter University	GA	54008	56956	32616	State	false
141006	561700	5617	005617	South Georgia Technical College	GA	40852	43082	32616	State	false
141060	159400	1594	001594	Spelman College	GA	58897	62112	34635	National	false
141167	155500	1555	001555	Thomas University	GA	63556	67025	32616	State	false
141185	159600	1596	001596	Toccoa Falls College	GA	39953	42134	32616	State	false
141237	159700	1597	001597	Truett McConnell University	GA	47336	49920	32616	State	false
141255	525600	5256	005256	Wiregrass Georgia Technical College	GA	40586	42801	32616	State	false
141264	159900	1599	001599	Valdosta State University	GA	56067	59127	32616	State	false
141325	160000	1600	001600	Wesleyan College	GA	52803	55685	32616	State	false
141334	160100	1601	001601	University of West Georgia	GA	58022	61189	32616	State	false
141361	160400	1604	001604	Young Harris College	GA	43173	45530	32616	State	false
141486	160500	1605	001605	Chaminade University of Honolulu	HI	59437	62681	36709	State	false
141565	161100	1611	001611	University of Hawaii at Hilo	HI	49763	52479	36709	State	false
141574	161000	1610	001610	University of Hawaii at Manoa	HI	61903	65282	36709	State	false
141608	2139500	21395	014268	Hawaii Institute of Hair Design	HI	18581	19595	36709	State	true
141644	727900	7279	007279	Hawaii Pacific University	HI	58128	61301	34635	National	false
141680	161200	1612	001612	Honolulu Community College	HI	71254	75143	36709	State	false
141796	161300	1613	001613	Kapiolani Community College	HI	51544	54358	36709	State	false
141802	161400	1614	001614	Kauai Community College	HI	49286	51976	36709	State	false
141811	454900	4549	004549	Leeward Community College	HI	43818	46210	36709	State	false
141839	161500	1615	001615	University of Hawaii Maui College	HI	51461	54270	36709	State	false
141981	2107800	21078	014315	University of Hawaii-West Oahu	HI	53969	56915	36709	State	false
141990	1122000	11220	010390	Windward Community College	HI	41285	43539	36709	State	false
142054	2218000	22180	015667	Carrington College-Boise	ID	57082	60198	34635	National	false
142090	2234500	22345	015783	Boise Bible College	ID	43596	45976	35094	State	false
142115	161600	1616	001616	Boise State University	ID	64791	68328	35094	State	false
142179	1113300	11133	011133	College of Eastern Idaho	ID	55123	58132	35094	State	false
142276	162000	1620	001620	Idaho State University	ID	58142	61316	35094	State	false
142285	162600	1626	001626	University of Idaho	ID	60330	63623	35094	State	false
142294	161700	1617	001617	The College of Idaho	ID	52628	55501	35094	State	false
142328	162100	1621	001621	Lewis-Clark State College	ID	58274	61455	35094	State	false
142407	987300	9873	009873	Aveda Institute-Twin Falls	ID	28256	29798	35094	State	true
142443	162300	1623	001623	North Idaho College	ID	50312	53058	35094	State	false
142461	162400	1624	001624	Northwest Nazarene University	ID	60040	63317	35094	State	false
142489	2314000	23140	016432	Nathan Layne Institute of Cosmetology	ID	14899	15712	35094	State	true
142522	162500	1625	001625	Brigham Young University-Idaho	ID	56787	59887	34635	National	false
142559	161900	1619	001619	College of Southern Idaho	ID	46129	48647	35094	State	false
142832	2068100	20681	G20681	Adler University	IL					
142957	2311300	23113		American Islamic College	IL					
143048	175300	1753	001753	School of the Art Institute of Chicago	IL	45385	47862	34635	National	false
143084	163300	1633	001633	Augustana College	IL	60377	63673	34790	State	false
143118	163400	1634	001634	Aurora University	IL	64521	68043	34790	State	false
143215	163600	1636	001636	Southwestern Illinois College	IL	51516	54328	34790	State	false
143233	163700	1637	G01637	Bethany Theological Seminary	IN					
143279	163800	1638	001638	Black Hawk College	IL	49173	51857	34790	State	false
143288	163900	1639	001639	Blackburn College	IL	46015	48527	34790	State	false
143297	621400	6214	006214	Blessing Rieman College of Nursing and Health Sciences	IL	77213	81428	34790	State	false
143358	164100	1641	001641	Bradley University	IL	74150	78197	34790	State	false
143376	3065300	30653	030653	Paul Mitchell the School-Tinley Park	IL	29817	31445	34790	State	true
143464	3078400	30784	030784	Cameo Beauty Academy	IL	26354	27793	34790	State	true
143473	2202600	22026	015568	Cannella School of Hair Design-Villa Park	IL					
143491	2349500	23495	016694	Cannella School of Hair Design-Chicago	IL	29043	30628	34790	State	true
143552	1308800	13088	013088	Capri Beauty College	IL	28811	30384	34790	State	true
143613	726500	7265	007265	Carl Sandburg College	IL	45741	48238	34790	State	false
143659	923200	9232	G09232	Catholic Theological Union at Chicago	IL					
143853	165700	1657	001657	Midwestern University-Downers Grove	IL					
143978	2155307	21553	B07022	The Chicago School at Chicago	IL	82068	86548	34635	National	false
144005	169400	1694	001694	Chicago State University	IL	56486	59569	34790	State	false
144014	166100	1661	G01661	Chicago Theological Seminary	IL					
144050	177400	1774	001774	University of Chicago	IL	127757	134731	34635	National	false
144157	165400	1654	001654	City Colleges of Chicago-Kennedy-King College	IL	43247	45608	34790	State	false
144166	165000	1650	001650	City Colleges of Chicago-Malcolm X College	IL	51665	54485	34790	State	false
144175	976700	9767	001653	City Colleges of Chicago-Olive-Harvey College	IL	45174	47640	34790	State	false
144184	164800	1648	001648	City Colleges of Chicago-Harry S Truman College	IL	44594	47028	34790	State	false
144193	164900	1649	001649	City Colleges of Chicago-Richard J Daley College	IL	56827	59929	34790	State	false
144209	165200	1652	001652	City Colleges of Chicago-Harold Washington College	IL	45722	48218	34790	State	false
144218	165500	1655	001655	City Colleges of Chicago-Wilbur Wright College	IL	48501	51148	34790	State	false
144281	166500	1665	001665	Columbia College Chicago	IL	47092	49663	34790	State	false
144351	166600	1666	001666	Concordia University-Chicago	IL	71699	75613	34790	State	false
144564	166900	1669	001669	Danville Area Community College	IL	47299	49881	34790	State	false
144573	2317300	23173	016393	Tricoci University of Beauty Culture	IL	25970	27388	34790	State	true
144740	167100	1671	001671	DePaul University	IL	73466	77476	34790	State	false
144795	2150600	21506	015086	Cosmetology & Spa Academy	IL	31026	32720	34790	State	true
144865	665600	6656	006656	College of DuPage	IL	55984	59040	34790	State	false
144883	2168600	21686	015310	East-West University	IL	43920	46317	34790	State	false
144892	167400	1674	001674	Eastern Illinois University	IL	53620	56547	34790	State	false
144944	167500	1675	001675	Elgin Community College	IL	54220	57180	34790	State	false
144962	167600	1676	001676	Elmhurst University	IL	63784	67266	34790	State	false
144971	167800	1678	001678	Eureka College	IL	49625	52334	34790	State	false
145099	2584900	25849	025849	First Institute of Travel Inc.	IL	35671	37618	34790	State	false
145239	2522800	25228	016924	Fox College	IL	52545	55413	34790	State	false
145275	168200	1682	G01682	Garrett-Evangelical Theological Seminary	IL					
145309	456000	4560	004560	Gem City College	IL					
145336	914500	9145	009145	Governors State University	IL	56405	59484	34790	State	false
145354	893800	8938	008938	Graham Hospital School of Nursing	IL					
145372	168400	1684	001684	Greenville University	IL	47578	50175	34790	State	false
145406	2261200	22612	015965	G Skin & Beauty Institute	IL	32620	34401	34635	National	true
145424	2332200	23322	016504	Hair Professionals Career College	IL	29526	31138	34790	State	true
145433	2262100	22621	015970	Hair Professionals School of Cosmetology	IL	30722	32399	34790	State	true
145497	168500	1685	001685	Hebrew Theological College	IL					
145521	168100	1681	001681	Highland Community College	IL	48834	51500	34790	State	false
145558	165900	1659	001659	Rosalind Franklin University of Medicine and Science	IL					
145600	177600	1776	001776	University of Illinois Chicago	IL	72839	76815	34790	State	false
145619	176700	1767	001767	Benedictine University	IL	72460	76415	34790	State	false
145628	168900	1689	001689	Illinois College of Optometry	IL					
145637	177500	1775	001775	University of Illinois Urbana-Champaign	IL	79628	83975	34790	State	false
145646	169600	1696	001696	Illinois Wesleyan University	IL	69265	73046	34790	State	false
145682	675300	6753	006753	Illinois Central College	IL	55058	58063	34790	State	false
145691	168800	1688	001688	Illinois College	IL	50691	53458	34790	State	false
145707	174200	1742	001742	Illinois Eastern Community Colleges	IL	39831	42005	34790	State	false
145725	169100	1691	001691	Illinois Institute of Technology	IL	91312	96296	34790	State	false
145813	169200	1692	001692	Illinois State University	IL	62507	65919	34790	State	false
145831	170500	1705	001705	Illinois Valley Community College	IL	48989	51663	34790	State	false
145886	2573700	25737	G25737	Institute for Clinical Social Work	IL					
146205	807600	8076	008076	John A Logan College	IL	47825	50436	34790	State	false
146278	1281300	12813	012813	John Wood Community College	IL	43414	45784	34790	State	false
146296	169900	1699	001699	Joliet Junior College	IL	51121	53911	34790	State	false
146339	170000	1700	001700	Judson University	IL	56385	59463	34790	State	false
146348	769000	7690	007690	Kankakee Community College	IL	50343	53091	34790	State	false
146366	170100	1701	001701	Kaskaskia College	IL	48104	50730	34790	State	false
146418	768400	7684	007684	Kishwaukee College	IL	49273	51963	34790	State	false
146427	170400	1704	001704	Knox College	IL	49217	51904	34790	State	false
146454	947500	9475	009475	Educators of Beauty College of Cosmetology-Peru	IL	23674	24966	34790	State	true
146472	769400	7694	007694	College of Lake County	IL	52821	55704	34790	State	false
146481	170600	1706	001706	Lake Forest College	IL	62893	66326	34790	State	false
146490	2319200	23192	G23192	Lake Forest Graduate School of Management	IL					
146506	764400	7644	007644	Lake Land College	IL	48594	51247	34790	State	false
146533	1050100	10501	010501	Lakeview College of Nursing	IL	84051	88639	34790	State	false
146603	1002000	10020	010020	Lewis and Clark Community College	IL	47508	50101	34790	State	false
146612	170700	1707	001707	Lewis University	IL	66586	70221	34790	State	false
146685	717000	7170	007170	Lincoln Land Community College	IL	52163	55010	34790	State	false
146700	730307	7303	010316	Lincoln College of Technology-Melrose Park	IL	47136	49709	34635	National	false
146719	171000	1710	001710	Loyola University Chicago	IL	73865	77897	34790	State	false
146728	171200	1712	G01712	Lutheran School of Theology at Chicago	IL					
146755	622500	6225	006225	Trinity College of Nursing & Health Sciences	IL	72915	76895	34790	State	false
146807	2228100	22281	014120	Steven Papageorge Hair Academy	IL	31874	33614	34790	State	true
146816	171600	1716	001716	Generations College	IL	46202	48724	34790	State	false
146977	172100	1721	G01721	McCormick Theological Seminary	IL					
147004	769100	7691	007691	McHenry County College	IL	47580	50177	34790	State	false
147013	172200	1722	001722	McKendree University	IL	60630	63939	34790	State	false
147031	172300	1723	G01723	Meadville Theological School of Lombard College	IL					
147129	622800	6228	006228	Methodist College	IL	75504	79625	34790	State	false
147244	172400	1724	001724	Millikin University	IL	54115	57069	34790	State	false
147341	172500	1725	001725	Monmouth College	IL	51368	54172	34790	State	false
147369	172700	1727	001727	Moody Bible Institute	IL	46905	49465	34635	National	false
147378	769200	7692	007692	Moraine Valley Community College	IL	51357	54160	34790	State	false
147396	888000	8880	008880	Morrison Institute of Technology	IL	50825	53599	34790	State	false
147411	172800	1728	001728	Morton College	IL	46999	49564	34790	State	false
147536	173300	1733	001733	National Louis University	IL	63065	66507	34790	State	false
147590	173200	1732	001732	National University of Health Sciences	IL	43705	46091	34790	State	false
147642	2556600	25566	017214	Cosmetology Concepts Niles	IL	20474	21592	34790	State	true
147660	173400	1734	001734	North Central College	IL	61656	65022	34790	State	false
147679	173500	1735	001735	North Park University	IL	65399	68969	34790	State	false
147697	173600	1736	G01736	Northern Baptist Theological Seminary	IL					
147703	173700	1737	001737	Northern Illinois University	IL	64583	68108	34790	State	false
147767	173900	1739	001739	Northwestern University	IL	109275	115240	34635	National	false
147776	169300	1693	001693	Northeastern Illinois University	IL	60607	63915	34790	State	false
147800	989600	9896	009896	Oakton College	IL	53388	56302	34790	State	false
147819	2297500	22975	016242	Oehrlein School of Cosmetology	IL	33261	35077	34790	State	false
147828	174100	1741	001741	Olivet Nazarene University	IL	64769	68304	34790	State	false
147916	711800	7118	007118	Parkland College	IL	47315	49898	34790	State	false
148007	164000	1640	001640	Prairie State College	IL	50647	53412	34790	State	false
148016	174400	1744	001744	Principia College	IL					
148098	2323300	23233	016448	Professional's Choice Hair Design Academy	IL	35767	37719	34790	State	false
148131	174500	1745	001745	Quincy University	IL	59724	62984	34790	State	false
148256	711900	7119	007119	Rend Lake College	IL	46506	49045	34790	State	false
148292	1087900	10879	010879	Richland Community College	IL	51785	54612	34790	State	false
148380	174700	1747	001747	Rock Valley College	IL	50028	52759	34790	State	false
148405	174800	1748	001748	Rockford University	IL	59145	62373	34790	State	false
148487	174900	1749	001749	Roosevelt University	IL	58796	62005	34790	State	false
148496	175000	1750	001750	Dominican University	IL	59507	62755	34790	State	false
148511	980000	9800	009800	Rush University	IL	110508	116540	34790	State	false
148575	624000	6240	006240	Saint Francis Medical Center College of Nursing	IL	77074	81281	34790	State	false
148584	166400	1664	001664	University of St Francis	IL	75229	79335	34790	State	false
148593	3098000	30980	030980	St. John's College-Department of Nursing	IL	80149	84524	34790	State	false
148627	176800	1768	001768	Saint Xavier University	IL	66961	70616	34790	State	false
148654	933300	9333	009333	University of Illinois Springfield	IL	63235	66687	34790	State	false
148672	175200	1752	001752	Sauk Valley Community College	IL	54209	57168	34790	State	false
148821	769300	7693	007693	Shawnee Community College	IL	42027	44321	34790	State	false
148876	2185400	21854	015415	St. Augustine College	IL	40337	42539	34790	State	false
148885	176500	1765	G01765	University of Saint Mary of the Lake	IL					
148937	175700	1757	001757	Southeastern Illinois College	IL	53583	56508	34790	State	false
148982	166300	1663	001663	Spertus College	IL					
148991	164300	1643	001643	Spoon River College	IL	35368	37299	34790	State	false
149028	998700	9987	009987	Saint Anthony College of Nursing	IL	82776	87294	34790	State	false
149204	825900	8259	008259	Educators of Beauty College of Cosmetology-Sterling	IL	23398	24675	34790	State	true
149222	175800	1758	001758	Southern Illinois University-Carbondale	IL	61484	64840	34790	State	false
149231	175900	1759	001759	Southern Illinois University Edwardsville	IL	65199	68758	34790	State	false
149310	1181000	11810	011810	Taylor Business Institute	IL					
149329	2073200	20732	013816	Telshe Yeshiva-Chicago	IL					
149365	176900	1769	001769	South Suburban College	IL	45069	47529	34790	State	false
149505	177100	1771	001771	Trinity Christian College	IL	57170	60291	34790	State	false
149514	177200	1772	001772	Trinity International University-Illinois	IL	51985	54823	34635	National	false
149532	177300	1773	001773	Triton College	IL	52701	55578	34790	State	false
149550	2124400	21244	014839	University of Spa & Cosmetology Arts	IL	24315	25642	34790	State	true
149639	177800	1778	001778	VanderCook College of Music	IL	55437	58463	34790	State	false
149727	693100	6931	006931	Waubonsee Community College	IL	51678	54499	34790	State	false
149772	178000	1780	001780	Western Illinois University	IL	57453	60589	34790	State	false
149781	178100	1781	001781	Wheaton College	IL	57675	60823	34635	National	false
149842	396100	3961	003961	William Rainey Harper College	IL	56704	59799	34790	State	false
150066	178500	1785	001785	Anderson University	IN	54833	57826	34790	State	false
150136	178600	1786	001786	Ball State University	IN	57619	60764	34790	State	false
150145	178700	1787	001787	Bethel University	IN	53289	56198	34790	State	false
150163	178800	1788	001788	Butler University	IN	73732	77757	34790	State	false
150172	183400	1834	001834	Calumet College of Saint Joseph	IN	57530	60670	34790	State	false
150215	178900	1789	G01789	Christian Theological Seminary	IN					
150251	2615800	26158	026158	College of Court Reporting Inc	IN					
150288	2087600	20876	G20876	Concordia Theological Seminary	IN					
150303	1150500	11505	011505	Tricoci University of Beauty Culture-Highland	IN	25067	26435	34790	State	true
150400	179200	1792	001792	DePauw University	IN	70091	73917	34635	National	false
150428	2164300	21643	013998	Don Roberts School of Hair Design	IN	27430	28927	34790	State	true
150455	179300	1793	001793	Earlham College	IN	44750	47193	34635	National	false
150534	179500	1795	001795	University of Evansville	IN	59762	63024	34790	State	false
150604	179800	1798	001798	Franklin College	IN	53224	56129	34790	State	false
150668	179900	1799	001799	Goshen College	IN	55539	58571	34790	State	false
150677	180000	1800	001800	Grace College and Theological Seminary	IN	49126	51808	34790	State	false
150756	180100	1801	001801	Hanover College	IN	56221	59290	34790	State	false
150765	951500	9515	009515	J Michael Harrold Beauty Academy	IN	24782	26135	34790	State	true
150774	726300	7263	007263	Holy Cross College	IN	46024	48536	34635	National	false
150853	2241700	22417	015806	PJ's College of Cosmetology-Clarksville	IN	26418	27860	34790	State	true
150941	180300	1803	001803	Huntington University	IN	52242	55094	34790	State	false
150987	991700	9917	009917	Ivy Tech Community College	IN	53369	56282	34790	State	false
151102	182800	1828	001828	Purdue University Fort Wayne	IN	56455	59537	34790	State	false
151111	181300	1813	001813	Indiana University-Indianapolis	IN	64616	68143	34790	State	false
151263	180400	1804	001804	University of Indianapolis	IN	63673	67149	34790	State	false
151290	180500	1805	001805	Indiana Institute of Technology	IN	61150	64488	34790	State	false
151306	180800	1808	001808	University of Southern Indiana	IN	56399	59478	34790	State	false
151324	180700	1807	001807	Indiana State University	IN	57688	60837	34790	State	false
151333	181400	1814	001814	Indiana University-Kokomo	IN	54618	57599	34790	State	false
151342	181600	1816	001816	Indiana University-South Bend	IN	55103	58111	34790	State	false
151351	180900	1809	001809	Indiana University-Bloomington	IN	74511	78578	34790	State	false
151360	181500	1815	001815	Indiana University-Northwest	IN	59535	62785	34790	State	false
151379	181700	1817	001817	Indiana University-Southeast	IN	54129	57084	34790	State	false
151388	181100	1811	001811	Indiana University-East	IN	58030	61198	34790	State	false
151467	457900	4579	014207	International Business College-Indianapolis	IN	38858	40979	34790	State	false
151564	2351300	23513	016692	Taylor Institute of Cosmetology II	IN					
151607	4130901	41309	010409	Tricoci University of Beauty Culture-Lafayette	IN	27128	28609	34790	State	true
151661	793800	7938	007938	Lincoln College of Technology-Indianapolis	IN	51742	54566	34635	National	false
151777	182000	1820	001820	Manchester University	IN	52989	55881	34790	State	false
151786	182100	1821	001821	Marian University	IN	72150	76088	34790	State	false
151801	182200	1822	001822	Indiana Wesleyan University-Marion	IN	68838	72596	34790	State	false
151810	2140800	21408	014975	Martin University	IN	49801	52519	34790	State	false
151865	182300	1823	001823	Anabaptist Mennonite Biblical Seminary	IN					
151962	1061800	10618	010618	Mid-America College of Funeral Service	IN	51480	54290	34635	National	false
152044	2491000	24910	016693	West Michigan College of Barbering and Beauty	MI	14626	15424	32616	State	true
152080	184000	1840	001840	University of Notre Dame	IN	100684	106180	34635	National	false
152099	182400	1824	001824	Oakland City University	IN	57090	60206	34635	National	false
152150	2304800	23048	016289	PJ's College of Cosmetology-Richmond	IN	31604	33329	34790	State	true
152275	2084800	20848	014273	Ravenscroft Beauty College	IN	25459	26849	34790	State	true
152309	2339600	23396	016593	Rogers Academy of Hair Design	IN	20856	21994	34790	State	true
152318	183000	1830	001830	Rose-Hulman Institute of Technology	IN	97780	103117	34635	National	false
152336	183200	1832	001832	University of Saint Francis-Fort Wayne	IN	62831	66261	34790	State	false
152381	183500	1835	001835	Saint Mary-of-the-Woods College	IN	47647	50248	34790	State	false
152390	183600	1836	001836	Saint Mary's College	IN	69406	73195	34635	National	false
152451	727600	7276	G07276	Saint Meinrad School of Theology	IN					
152497	625700	6257	006257	Saint Elizabeth School of Nursing	IN	75586	79712	34790	State	false
152530	183800	1838	001838	Taylor University	IN	51779	54605	34635	National	false
152567	183900	1839	001839	Trine University	IN	67814	71516	34790	State	false
152600	184200	1842	001842	Valparaiso University	IN	69228	73007	34790	State	false
152628	1015100	10151	010151	Vincennes Beauty College	IN					
152637	184300	1843	001843	Vincennes University	IN	54333	57299	34790	State	false
152673	184400	1844	001844	Wabash College	IN	68626	72372	34790	State	false
152798	3069100	30691	030691	Allen College	IA	73966	78003	36709	State	false
152992	184600	1846	001846	Briar Cliff University	IA	61163	64502	34635	National	false
153001	184700	1847	001847	Buena Vista University	IA	50318	53065	36709	State	false
153074	758800	7588	007588	Capri College-Dubuque	IA	29715	31337	36709	State	true
153083	2090300	20903	014390	Capri College-Cedar Rapids	IA	35657	37603	36709	State	false
153108	185000	1850	001850	Central College	IA	55693	58733	36709	State	false
153126	185200	1852	001852	Clarke University	IA	59490	62737	34635	National	false
153144	185400	1854	001854	Coe College	IA	57133	60252	34635	National	false
153162	185600	1856	001856	Cornell College	IA	48353	50992	34635	National	false
153214	712000	7120	004589	Des Moines Area Community College	IA	51817	54645	36709	State	false
153241	185800	1858	001858	Divine Word College	IA					
153250	185900	1859	001859	Dordt University	IA	57567	60709	34635	National	false
153269	186000	1860	001860	Drake University	IA	65232	68793	34635	National	false
153278	189100	1891	001891	University of Dubuque	IA	59598	62851	34635	National	false
153296	186200	1862	001862	Ellsworth Community College	IA	41314	43569	36709	State	false
153302	2328900	23289	016487	Emmaus Bible College	IA	44052	46457	34635	National	false
153311	407500	4075	004075	Eastern Iowa Community College District	IA	47929	50545	36709	State	false
153320	712100	7121	007121	Faith Baptist Bible College and Theological Seminary	IA	35449	37384	34635	National	false
153366	186600	1866	001866	Graceland University-Lamoni	IA	63607	67079	34635	National	false
153375	186700	1867	001867	Grand View University	IA	57521	60661	36709	State	false
153384	186800	1868	001868	Grinnell College	IA	58955	62173	34635	National	false
153427	1206400	12064	012064	Orion Technical College	IA	44940	47393	36709	State	false
153445	459500	4595	004595	Hawkeye Community College	IA	49163	51847	36709	State	false
153463	2289000	22890	016167	American Hair Academy	IA	21846	23038	36709	State	true
153472	840300	8403	008298	Indian Hills Community College	IA	50322	53069	36709	State	false
153524	186500	1865	004597	Iowa Central Community College	IA	46682	49230	36709	State	false
153533	186400	1864	001864	Iowa Lakes Community College	IA	47158	49732	36709	State	false
153542	626700	6267	006267	UnityPoint Health-Des Moines School of Radiologic Technology	IA					
153597	826000	8260	015139	Iowa School of Beauty-Des Moines	IA	26176	27605	36709	State	true
153603	186900	1869	001869	Iowa State University	IA	68277	72004	36709	State	false
153630	459800	4598	004598	Iowa Western Community College	IA	51139	53930	36709	State	false
153658	189200	1892	001892	University of Iowa	IA	69866	73680	36709	State	false
153737	407600	4076	004076	Kirkwood Community College	IA	48663	51319	36709	State	false
153746	1300600	13006	013006	La James International College-Cedar Falls	IA	34559	36445	36709	State	true
153764	2274100	22741	016045	La James International College-Johnston	IA	29151	30742	36709	State	true
153773	765900	7659	007659	La James College of Hairstyling and Cosmetology	IA	24820	26175	36709	State	true
153782	842400	8424	008424	La James International College-Ft Dodge	IA	27778	29294	36709	State	true
153825	187300	1873	001873	Loras College	IA	55860	58909	34635	National	false
153834	187400	1874	001874	Luther College	IA	55033	58037	34635	National	false
153861	1111300	11113	011113	Maharishi International University	IA					
153922	187500	1875	001875	Marshalltown Community College	IA	52110	54954	36709	State	false
153977	627300	6273	006273	Mercy College of Health Sciences	IA	68691	72441	36709	State	false
154004	187900	1879	001879	Morningside University	IA	61955	65337	34635	National	false
154013	188000	1880	001880	Mount Mercy University	IA	61330	64678	36709	State	false
154022	188100	1881	001881	Ashford University	CA	56883	59988	34635	National	false
154059	187700	1877	001877	North Iowa Area Community College	IA	47068	49637	36709	State	false
154095	189000	1890	001890	University of Northern Iowa	IA	54830	57823	36709	State	false
154101	188300	1883	001883	Northwestern College	IA	55312	58331	36709	State	false
154110	458700	4587	004587	Northeast Iowa Community College	IA	50002	52731	36709	State	false
154129	460000	4600	004600	Northwest Iowa Community College	IA	60885	64208	36709	State	false
154156	185500	1855	015616	Des Moines University-Osteopathic Medical Center	IA					
154174	1230000	12300	012300	Palmer College of Chiropractic	IA	56452	59533	36709	State	false
154208	2160900	21609	015245	PCI Academy-Ames	IA	37914	39984	34635	National	false
154235	188900	1889	001889	Saint Ambrose University	IA	67026	70685	34635	National	false
154262	729100	7291	007291	St Luke's College	IA	76207	80367	36709	State	false
154332	2134500	21345	015133	La James International College-Davenport	IA	30491	32155	36709	State	true
154350	188700	1887	001887	Simpson College	IA	56509	59594	36709	State	false
154378	184800	1848	004603	Southeastern Community College	IA	48941	51612	36709	State	false
154396	185700	1857	001857	Southwestern Community College	IA	51650	54469	36709	State	false
154448	771700	7717	007717	Capri College-Davenport	IA	33935	35787	36709	State	true
154457	3441300	34413	034413	Iowa School of Beauty-Sioux City	IA	23148	24412	36709	State	true
154466	761100	7611	007611	SOHO Hair Academy	IA					
154493	189300	1893	001893	Upper Iowa University	IA	58837	62049	36709	State	false
154518	189500	1895	001895	Waldorf University	IA	67834	71537	34635	National	false
154527	189600	1896	001896	Wartburg College	IA	58373	61559	36709	State	false
154536	189700	1897	G01897	Wartburg Theological Seminary	IA					
154545	794100	7941	007941	The Salon Professional Academy-Cedar Falls	IA	31577	33301	36709	State	true
154572	731600	7316	004590	Western Iowa Tech Community College	IA	47713	50317	36709	State	false
154590	190000	1900	001900	William Penn University	IA	53878	56819	34635	National	false
154642	190100	1901	001901	Allen County Community College	KS	48221	50853	33921	State	false
154688	190300	1903	001903	Baker University	KS	69904	73720	33921	State	false
154697	460800	4608	004608	Barton County Community College	KS	48242	50875	33921	State	false
154712	1025600	10256	010256	Benedictine College	KS	55405	58429	34635	National	false
154721	190400	1904	001904	Bethany College	KS	45971	48480	34635	National	false
154749	190500	1905	001905	Bethel College-North Newton	KS	55094	58101	34635	National	false
154800	190600	1906	001906	Butler Community College	KS	46569	49111	33921	State	false
154855	190800	1908	001908	Central Christian College of Kansas	KS	55610	58645	34635	National	false
154907	190900	1909	001909	Cloud County Community College	KS	45359	47835	33921	State	false
154925	191000	1910	001910	Coffeyville Community College	KS	42873	45213	33921	State	false
154934	191100	1911	001911	Colby Community College	KS	41509	43775	33921	State	false
154952	190200	1902	001902	Cowley County Community College	KS	42324	44634	33921	State	false
154998	191300	1913	001913	Dodge City Community College	KS	48311	50948	33921	State	false
155007	191400	1914	001914	Donnelly College	KS	55676	58715	33921	State	false
155025	192700	1927	001927	Emporia State University	KS	53751	56685	33921	State	false
155052	526400	5264	005264	Flint Hills Technical College	KS	52442	55305	33921	State	false
155061	191500	1915	001915	Fort Hays State University	KS	56419	59499	33921	State	false
155070	191700	1917	001917	Barclay College	KS	42262	44569	34635	National	false
155089	191800	1918	001918	Friends University	KS	57698	60847	33921	State	false
155098	191600	1916	001916	Fort Scott Community College	KS	40408	42614	33921	State	false
155104	191900	1919	001919	Garden City Community College	KS	45949	48457	33921	State	false
155140	1043800	10438	010438	Haskell Indian Nations University	KS	38730	40844	34635	National	false
155159	2257700	22577	015944	Hays Academy of Hair Design	KS	25732	27137	33921	State	true
155177	192000	1920	001920	Hesston College	KS	55776	58821	34635	National	false
155186	192100	1921	001921	Highland Community College	KS	43261	45622	33921	State	false
155195	192300	1923	001923	Hutchinson Community College	KS	49591	52298	33921	State	false
155201	192400	1924	001924	Independence Community College	KS	34293	36165	33921	State	false
155210	824400	8244	008244	Johnson County Community College	KS	52956	55847	33921	State	false
155283	2361600	23616	016820	Concorde Career College-Kansas City	MO	38757	40873	34635	National	false
155292	192500	1925	001925	Kansas City Kansas Community College	KS	50545	53304	33921	State	false
155308	2168900	21689	021689	Kansas Christian College	KS					
155317	194800	1948	001948	University of Kansas	KS	69680	73483	33921	State	false
155335	193900	1939	001939	Newman University	KS	56857	59961	33921	State	false
155353	2134800	21348	014951	Old Town Barber College	KS	16653	17562	34635	National	true
155399	192800	1928	001928	Kansas State University	KS	64711	68243	33921	State	false
155414	192900	1929	001929	Kansas Wesleyan University	KS	53289	56198	34635	National	false
155423	194901	1949	010689	Washburn Institute of Technology	KS	56774	59873	33921	State	false
155450	193000	1930	001930	Labette Community College	KS	53187	56090	33921	State	false
155487	550000	5500	005500	Manhattan Area Technical College	KS	57918	61079	33921	State	false
155496	193100	1931	001931	Manhattan Christian College	KS	39200	41340	34635	National	false
155511	193300	1933	001933	McPherson College	KS	50934	53714	34635	National	false
155520	703200	7032	007032	MidAmerica Nazarene University	KS	67555	71243	33921	State	false
155566	193600	1936	001936	Neosho County Community College	KS	55338	58359	33921	State	false
155593	526500	5265	005265	Fort Hays Tech North Central	KS	52536	55404	33921	State	false
155618	526700	5267	005267	Fort Hays State University-Northwest Kansas Technical College	KS	50421	53173	33921	State	false
155627	193700	1937	001937	Ottawa University-Ottawa	KS	62228	65625	34635	National	false
155636	193702	1937	001937	Ottawa University-Kansas City	KS	62228	65625	34635	National	false
155681	192600	1926	001926	Pittsburg State University	KS	57275	60401	33921	State	false
155715	193800	1938	001938	Pratt Community College	KS	52293	55147	33921	State	false
155812	194300	1943	001943	University of Saint Mary	KS	67112	70775	34635	National	false
155830	549900	5499	005499	Salina Area Technical College	KS	45249	47719	33921	State	false
155858	822800	8228	008228	Seward County Community College	KS	53375	56288	33921	State	false
155900	194000	1940	001940	Southwestern College	KS	64687	68218	34635	National	false
155937	194500	1945	001945	Sterling College	KS	44980	47435	34635	National	false
155973	194600	1946	001946	Tabor College	KS	47989	50608	33921	State	false
156082	194900	1949	001949	Washburn University	KS	56774	59873	33921	State	false
156107	549800	5498	005498	Wichita State University-Campus of Applied Sciences and Technology	KS	47431	50020	33921	State	false
156125	195000	1950	001950	Wichita State University	KS	59707	62966	33921	State	false
156134	1050300	10503	010503	Wichita Technical Institute	KS	35708	37657	33921	State	false
156189	195100	1951	001951	Alice Lloyd College	KY	42268	44575	33352	State	false
156213	195200	1952	001952	Asbury University	KY	45728	48224	33352	State	false
156222	195300	1953	G01953	Asbury Theological Seminary	KY					
156231	199000	1990	001990	Ashland Community and Technical College	KY	47467	50058	33352	State	false
156286	195400	1954	001954	Bellarmine University	KY	64564	68088	33352	State	false
156295	195500	1955	001955	Berea College	KY	42924	45267	34635	National	false
156310	2337200	23372	016552	PJ's College of Cosmetology-Bowling Green	KY	26289	27724	34635	National	true
156338	527100	5271	005271	Southcentral Kentucky Community and Technical College	KY	41507	43773	33352	State	false
156356	195800	1958	001958	Brescia University	KY	51492	54303	33352	State	false
156365	195900	1959	001959	Campbellsville University	KY	47650	50251	33352	State	false
156392	524400	5244	005244	Bluegrass Community and Technical College	KY	48181	50811	33352	State	false
156408	196100	1961	001961	Centre College	KY	64933	68477	33352	State	false
156417	2535600	25356	017044	Clear Creek Baptist Bible College	KY	44416	46840	33352	State	false
156426	2340800	23408	016591	Paul Mitchell the School-Lexington	KY	27468	28967	33352	State	true
156471	3083700	30837	015924	Galen College of Nursing-Louisville	KY	79047	83362	34635	National	false
156541	196200	1962	001962	University of the Cumberlands	KY	51882	54714	33352	State	false
156620	196300	1963	001963	Eastern Kentucky University	KY	54691	57676	33352	State	false
156648	199100	1991	001991	Elizabethtown Community and Technical College	KY	43584	45963	33352	State	false
156727	3007000	30070	G30070	Frontier Nursing University	KY					
156745	196400	1964	001964	Georgetown College	KY	54370	57338	33352	State	false
156754	2551100	25511	017103	PJ's College of Cosmetology-Glasgow	KY	27765	29281	33352	State	true
156790	696200	6962	006962	Hazard Community and Technical College	KY	45683	48177	33352	State	false
156842	2351700	23517	014959	Paul Mitchell the School-Louisville	KY	27832	29351	33352	State	true
156851	199300	1993	001993	Henderson Community College	KY	50202	52942	33352	State	false
156860	199400	1994	001994	Hopkinsville Community College	KY	46788	49342	33352	State	false
156921	696100	6961	006961	Jefferson Community and Technical College	KY	50106	52841	33352	State	false
156967	1042400	10424	010424	Summit Salon Academy-Lexington	KY	27270	28759	33352	State	true
157021	1048900	10489	010489	American National University-Pikeville	KY	42813	45150	34635	National	false
157030	3002100	30021	030021	Kentucky Mountain Bible College	KY					
157058	196800	1968	001968	Kentucky State University	KY	46766	49319	34635	National	false
157076	196900	1969	001969	Kentucky Wesleyan College	KY	45592	48081	33352	State	false
157085	198900	1989	001989	University of Kentucky	KY	65922	69520	33352	State	false
157100	196500	1965	001965	Kentucky Christian University	KY	52466	55330	33352	State	false
157207	197100	1971	G01971	Lexington Theological Seminary	KY					
157216	197200	1972	001972	Lindsey Wilson College	KY	43852	46246	33352	State	false
157289	199900	1999	001999	University of Louisville	KY	67853	71557	33352	State	false
157298	197400	1974	G01974	Louisville Presbyterian Theological Seminary	KY					
157304	901000	9010	009010	Madisonville Community College	KY	54485	57459	33352	State	false
157331	696000	6960	006960	Maysville Community and Technical College	KY	42970	45316	33352	State	false
157377	197500	1975	001975	Midway University	KY	54588	57568	33352	State	false
157386	197600	1976	001976	Morehead State University	KY	50224	52965	33352	State	false
157401	197700	1977	001977	Murray State University	KY	50487	53243	33352	State	false
157438	527300	5273	013753	Gateway Community and Technical College	KY	47990	50610	33352	State	false
157447	927500	9275	009275	Northern Kentucky University	KY	58429	61618	33352	State	false
157483	197900	1979	001979	West Kentucky Community and Technical College	KY	43110	45463	33352	State	false
157535	198000	1980	001980	University of Pikeville	KY	55132	58141	33352	State	false
157553	199600	1996	001996	Big Sandy Community and Technical College	KY	39692	41859	33352	State	false
157614	1054210	10542	010542	Empire Beauty School-Chenoweth	KY	27559	29063	34635	National	true
157650	2173203	21732	015331	Empire Beauty School-Elizabethtown	KY	24506	25844	34635	National	true
157669	757305	7573	007573	Empire Beauty School-Dixie	KY	25810	27219	34635	National	true
157678	945913	9459	009459	Empire Beauty School-Florence	KY	27175	28658	34635	National	true
157711	199700	1997	001997	Somerset Community College	KY	43252	45613	33352	State	false
157739	199800	1998	001998	Southeast Kentucky Community & Technical College	KY	42469	44787	33352	State	false
157748	198200	1982	G01982	The Southern Baptist Theological Seminary	KY	66838	70486	34635	National	false
157757	196000	1960	001960	Spalding University	KY	64136	67637	33352	State	false
157793	461900	4619	004619	Sullivan University	KY	53068	55965	33352	State	false
157809	200100	2001	002001	Thomas More University	KY	70208	74040	33352	State	false
157818	198700	1987	001987	Transylvania University	KY	50923	53703	33352	State	false
157863	198800	1988	001988	Union Commonwealth University	KY	52077	54920	33352	State	false
157951	200200	2002	002002	Western Kentucky University	KY	53602	56528	33352	State	false
158088	548900	5489	005489	Central Louisiana Technical Community College	LA	34374	36250	32616	State	false
158246	462100	4621	004621	Ayers Career College	LA	35293	37219	32616	State	false
158325	2335700	23357	023357	Baton Rouge General Medical Center School of Nursing & School of Radiologic Technology	LA	70852	74719	32616	State	false
158431	2055400	20554	012033	Bossier Parish Community College	LA	43033	45382	32616	State	false
158477	200300	2003	002003	Centenary College of Louisiana	LA	49479	52180	32616	State	false
158538	1109700	11097	016577	Cloyd's Beauty School 1 Inc	LA					
158617	3010400	30104	030104	Crescent City Bartending School	LA	30134	31779	34635	National	true
158662	462500	4625	004626	Delgado Community College	LA	48141	50769	32616	State	false
158778	989800	9898	009898	Avery James College	LA	22278	23494	32616	State	true
158787	2619200	26192	026192	Denham Springs Beauty School	LA	19680	20754	32616	State	true
158802	200400	2004	002004	Dillard University	LA	48421	51064	32616	State	false
158884	2166100	21661	015130	Nunez Community College	LA	48555	51205	32616	State	false
159009	200600	2006	002006	Grambling State University	LA	47043	49611	32616	State	false
159027	2582200	25822	017375	Belbo Beauty Institute	LA	25397	26783	32616	State	true
159197	2166200	21662	015270	ITI Technical College	LA	67004	70661	32616	State	false
159328	2265600	22656	016002	John Jay Beauty College	LA	20823	21960	32616	State	true
159373	201400	2014	002014	Louisiana State University Health Sciences Center-New Orleans	LA	81234	85668	32616	State	false
159382	201100	2011	002011	Louisiana State University-Alexandria	LA	51983	54821	32616	State	false
159391	201000	2010	002010	Louisiana State University and Agricultural & Mechanical College	LA	66893	70544	32616	State	false
159407	201200	2012	002012	Louisiana State University-Eunice	LA	54639	57621	32616	State	false
159416	201300	2013	002013	Louisiana State University-Shreveport	LA	51673	54494	32616	State	false
159513	2258400	22584	015951	Aveda Arts & Sciences Institute-Baton Rouge	LA	25031	26397	32616	State	true
159522	2117800	21178	014724	Aveda Arts & Sciences Institute-Lafayette	LA	21980	23180	34635	National	true
159531	2536400	25364	017021	Louisiana Academy of Beauty	LA	16120	17000	32616	State	true
159568	200700	2007	002007	Louisiana Christian University	LA	53861	56801	32616	State	false
159601	2601100	26011	026011	Opelousas School of Cosmetology	LA	20629	21755	32616	State	true
159647	200800	2008	002008	Louisiana Tech University	LA	61520	64878	32616	State	false
159656	201600	2016	002016	Loyola University New Orleans	LA	52459	55322	32616	State	false
159717	201700	2017	002017	McNeese State University	LA	53563	56487	32616	State	false
159939	201500	2015	002015	University of New Orleans	LA	56037	59096	32616	State	false
159948	201900	2019	G02019	New Orleans Baptist Theological Seminary	LA	59131	62359	32616	State	false
159966	200500	2005	002005	Nicholls State University	LA	51767	54593	32616	State	false
159993	202000	2020	002020	University of Louisiana at Monroe	LA	53715	56647	32616	State	false
160010	997500	9975	015072	Northwest Louisiana Technical Community College	LA	46119	48636	32616	State	false
160038	202100	2021	002021	Northwestern State University of Louisiana	LA	56762	59860	32616	State	false
160065	202300	2023	002023	University of Holy Cross	LA	62842	66272	32616	State	false
160074	3106200	31062	031062	Franciscan Missionaries of Our Lady University	LA	63699	67176	32616	State	false
160126	1288000	12880	012880	Celebrity Stylist Beauty School	LA					
160199	2327800	23278	016485	Pineville Beauty School	LA	18932	19965	32616	State	true
160320	2600900	26009	026009	Aveda Arts & Sciences Institute-Covington	LA	30676	32350	34635	National	true
160409	202700	2027	002027	Saint Joseph Seminary College	LA	44996	47452	34635	National	false
160472	2518300	25183	016880	LaSalle Tech	LA	21487	22660	34635	National	true
160481	576100	5761	013580	Fletcher Technical Community College	LA	53749	56683	32616	State	false
160524	3026514	30265	030265	Remington College-Lafayette Campus	LA	33677	35515	34635	National	false
160579	546700	5467	005467	SOWELA Technical Community College	LA	60488	63790	32616	State	false
160597	2269300	22693	014524	Stevensons Academy of Hair Design	LA	18670	19689	32616	State	true
160612	202400	2024	002024	Southeastern Louisiana University	LA	50215	52956	32616	State	false
160621	202500	2025	002025	Southern University and A & M College	LA	54666	57650	32616	State	false
160630	202600	2026	002026	Southern University at New Orleans	LA	47240	49819	32616	State	false
160649	768600	7686	007686	Southern University at Shreveport	LA	45588	48076	32616	State	false
160658	203100	2031	002031	University of Louisiana at Lafayette	LA	58638	61839	32616	State	false
160667	675600	6756	006756	Northshore Technical Community College	LA	37814	39878	32616	State	false
160755	202900	2029	002029	Tulane University of Louisiana	LA	73816	77845	34635	National	false
160904	203200	2032	002032	Xavier University of Louisiana	LA	49328	52021	34635	National	false
160959	1138500	11385	011385	College of the Atlantic	ME	32352	34118	34635	National	true
160977	203600	2036	002036	Bates College	ME	70028	73850	34635	National	false
160995	520400	5204	005204	Beal University	ME	47611	50210	36965	State	false
161004	203800	2038	002038	Bowdoin College	ME	79722	84074	34635	National	false
161022	630500	6305	006305	Maine College of Health Professions	ME	72004	75934	36965	State	false
161077	527600	5276	005276	Central Maine Community College	ME	51345	54148	36965	State	false
161086	203900	2039	002039	Colby College	ME	77429	81655	34635	National	false
161138	527700	5277	005277	Eastern Maine Community College	ME	48024	50645	36965	State	false
161192	982600	9826	009826	Kennebec Valley Community College	ME	52079	54922	36965	State	false
161208	2361300	23613	016778	The Landing School	ME	55578	58612	34635	National	false
161217	676000	6760	006760	University of Maine at Augusta	ME	51475	54285	36965	State	false
161226	204000	2040	002040	University of Maine at Farmington	ME	44430	46855	36965	State	false
161235	204100	2041	002041	University of Maine at Fort Kent	ME	74979	79072	36965	State	false
161253	205300	2053	002053	University of Maine	ME	63056	66498	36965	State	false
161299	204400	2044	002044	Maine Maritime Academy	ME	113298	119482	36965	State	false
161341	203300	2033	002033	University of Maine at Presque Isle	ME	48577	51229	36965	State	false
161457	205000	2050	002050	University of New England	ME	71281	75172	34635	National	false
161484	576000	5760	005760	Northern Maine Community College	ME	44985	47441	36965	State	false
161493	945900	9459	009459	Empire Beauty School-Maine	ME	27175	28658	34635	National	true
161509	1167300	11673	011673	Maine College of Art & Design	ME	40550	42763	34635	National	false
161518	205100	2051	002051	Saint Joseph's College of Maine	ME	73164	77158	36965	State	false
161527	2104400	21044	014572	Spa Tech Institute-Westbrook	ME	32586	34365	34635	National	true
161545	552500	5525	005525	Southern Maine Community College	ME	53543	56466	36965	State	false
161554	205400	2054	009762	University of Southern Maine	ME	60816	64136	36965	State	false
161563	205200	2052	002052	Thomas College	ME	54264	57226	36965	State	false
161572	685800	6858	006858	Unity Environmental University	ME	45016	47473	34635	National	false
161581	923100	9231	009231	Washington County Community College	ME	53998	56945	36965	State	false
161688	205700	2057	002057	Allegany College of Maryland	MD	47031	49598	36965	State	false
161767	205800	2058	002058	Anne Arundel Community College	MD	55889	58940	36965	State	false
161800	826300	8263	008263	Award Beauty School	MD	25768	27175	36965	State	true
161855	2494700	24947	016781	Baltimore Studio of Hair Design	MD	25654	27054	36965	State	true
161864	206100	2061	002061	Baltimore City Community College	MD	53768	56703	36965	State	false
161873	210200	2102	002102	University of Baltimore	MD	67949	71658	36965	State	false
162007	206200	2062	002062	Bowie State University	MD	65066	68618	36965	State	false
162061	143600	1436	001436	Capitol Technology University	MD	104028	109706	36965	State	false
162104	830800	8308	008308	Cecil College	MD	50453	53207	36965	State	false
162122	206400	2064	002064	College of Southern Maryland	MD	58851	62063	36965	State	false
162168	465000	4650	004650	Chesapeake College	MD	52363	55221	36965	State	false
162210	206700	2067	002067	Washington Adventist University	MD	74717	78795	36965	State	false
162283	206800	2068	002068	Coppin State University	MD	63359	66817	36965	State	false
162335	744700	7447	013863	Del-Mar-Va Beauty Academy	MD	22644	23880	36965	State	true
162371	2545400	25454	017074	North American Trade Schools	MD	47948	50565	36965	State	false
162557	207100	2071	002071	Frederick Community College	MD	54058	57009	36965	State	false
162584	207200	2072	002072	Frostburg State University	MD	58511	61705	36965	State	false
162609	1001400	10014	010014	Garrett College	MD	37793	39856	36965	State	false
162654	207300	2073	002073	Goucher College	MD	57036	60149	36965	State	false
162690	207400	2074	002074	Hagerstown Community College	MD	55827	58874	36965	State	false
162706	207500	2075	002075	Harford Community College	MD	52443	55306	36965	State	false
162760	207600	2076	002076	Hood College	MD	70173	74003	36965	State	false
162779	817500	8175	008175	Howard Community College	MD	57920	61082	36965	State	false
162830	2269700	22697	016012	Aveda Institute-Maryland	MD	25463	26853	36965	State	true
162928	207700	2077	002077	Johns Hopkins University	MD	117419	123828	34635	National	false
163028	730309	7303	007936	Lincoln College of Technology-Columbia	MD	47136	49709	34635	National	false
163046	207800	2078	002078	Loyola University Maryland	MD	81772	86236	34635	National	false
163204	1164400	11644	011644	University of Maryland Global Campus	MD	87025	91775	34635	National	false
163259	210400	2104	002104	University of Maryland Baltimore	MD	95457	100668	36965	State	false
163268	210500	2105	002105	University of Maryland-Baltimore County	MD	74396	78457	36965	State	false
163286	210300	2103	002103	University of Maryland-College Park	MD	84365	88970	36965	State	false
163295	208000	2080	002080	Maryland Institute College of Art	MD	42353	44665	34635	National	false
163338	210600	2106	002106	University of Maryland Eastern Shore	MD	55733	58775	36965	State	false
163347	1031900	10319	010319	Fortis Institute-Towson	MD	40980	43217	34635	National	false
163408	2343800	23438	016627	Montgomery Beauty School	MD	26088	27512	36965	State	true
163426	691100	6911	006911	Montgomery College	MD	55199	58212	36965	State	false
163453	208300	2083	002083	Morgan State University	MD	62308	65709	34635	National	false
163462	208600	2086	002086	Mount St. Mary's University	MD	64424	67941	36965	State	false
163532	208700	2087	002087	Ner Israel Rabbinical College	MD	67359	71036	36965	State	false
163541	2333000	23330	016509	Hair Academy	MD	25713	27117	36965	State	true
163578	206500	2065	002065	Notre Dame of Maryland University	MD	75732	79866	36965	State	false
163657	208900	2089	002089	Prince George's Community College	MD	62100	65490	36965	State	false
163815	2331000	23310	016510	Maryland Beauty Academy of Essex	MD	26720	28179	36965	State	true
163851	209100	2091	002091	Salisbury University	MD	61985	65368	36965	State	false
163912	209500	2095	002095	St. Mary's College of Maryland	MD	60029	63306	36965	State	false
163976	209200	2092	002092	St. John's College	MD	45787	48286	34635	National	false
164076	209900	2099	002099	Towson University	MD	65610	69191	36965	State	false
164085	2578400	25784	G25784	Maryland University of Integrative Health	MD					
164155	210100	2101		United States Naval Academy	MD					
164173	210700	2107	002107	Stevenson University	MD	66853	70502	36965	State	false
164216	210800	2108	002108	Washington College	MD	58768	61976	34635	National	false
164270	210900	2109	002109	McDaniel College	MD	65855	69450	36965	State	false
164313	2073900	20739	013842	Wor-Wic Community College	MD	55384	58407	36965	State	false
164368	4143200	41432	041432	Hult International Business School	MA	75197	79302	34635	National	false
164447	211400	2114	002114	American International College	MA	71565	75471	39139	State	false
164465	211500	2115	002115	Amherst College	MA	79243	83568	34635	National	false
164492	211700	2117	002117	Anna Maria College	MA	74347	78405	34635	National	false
164535	2169900	21699	014133	Assabet Valley Regional Technical School	MA	76487	80662	39139	State	false
164562	211800	2118	002118	Assumption University	MA	67745	71443	39139	State	false
164580	212100	2121	002121	Babson College	MA	117794	124224	34635	National	false
164599	2337400	23374	G23374	Bancroft School of Massage Therapy	MA	36078	38047	34635	National	false
164614	3248300	32483	032483	Boston Baptist College	MA	38707	40820	34635	National	false
164632	212200	2122	002122	Bay Path University	MA	62912	66346	39139	State	false
164739	212400	2124	002124	Bentley University	MA	108577	114504	34635	National	false
164748	212600	2126	002126	Berklee College of Music	MA	41028	43268	34635	National	false
164775	216700	2167	002167	Berkshire Community College	MA	47666	50268	39139	State	false
164872	396600	3966	003966	Boston Architectural College	MA	79953	84317	34635	National	false
164915	3194300	31943	G31943	Boston Graduate School of Psychoanalysis Inc	MA					
164924	212800	2128	002128	Boston College	MA	96145	101393	34635	National	false
164988	213000	2130	002130	Boston University	MA	83615	88179	34635	National	false
165015	213300	2133	002133	Brandeis University	MA	76742	80931	34635	National	false
165024	218300	2183	002183	Bridgewater State University	MA	59669	62926	39139	State	false
165033	217600	2176	002176	Bristol Community College	MA	48840	51506	39139	State	false
165060	632200	6322	013542	Signature Healthcare Brockton Hospital School of Nursing	MA	81314	85753	39139	State	false
165112	1121000	11210	011210	Bunker Hill Community College	MA	56376	59453	39139	State	false
165167	2182900	21829	021829	Cambridge College	MA	61712	65081	34635	National	false
165194	216800	2168	002168	Cape Cod Community College	MA	54922	57920	39139	State	false
165255	2220400	22204	015768	Catherine Hinds Institute of Esthetics	MA	38872	40994	39139	State	false
165264	632400	6324	006324	Laboure College of Healthcare	MA	90473	95411	39139	State	false
165334	213900	2139	002139	Clark University	MA	63965	67457	34635	National	false
165495	2274300	22743	G22743	Conway School of Landscape Design	MA					
165529	214300	2143	002143	Curry College	MA	72447	76402	39139	State	false
165574	214400	2144	002144	Dean College	MA	41151	43397	34635	National	false
165608	551900	5519	005519	Diman Regional Technical Institute	MA	68168	71889	39139	State	false
165635	613600	6136	006136	National Aviation Academy of New England	MA	72763	76735	39139	State	false
165644	214500	2145	002145	Eastern Nazarene College	MA	57731	60882	39139	State	false
165662	214600	2146	002146	Emerson College	MA	55925	58978	34635	National	false
165671	214700	2147	002147	Emmanuel College	MA	63280	66734	39139	State	false
165699	214800	2148	002148	Endicott College	MA	69414	73203	39139	State	false
165750	1294800	12948	012948	Rob Roy Academy-Fall River	MA	19985	21076	39139	State	true
165802	215000	2150	002150	Fisher College	MA	57557	60699	39139	State	false
165820	218400	2184	002184	Fitchburg State University	MA	63994	67487	39139	State	false
165866	218500	2185	002185	Framingham State University	MA	61569	64930	39139	State	false
165884	215100	2151	002151	Benjamin Franklin Cummings Institute of Technology	MA	57093	60209	39139	State	false
165936	215300	2153	002153	Gordon College	MA	57638	60784	34635	National	false
165945	974700	9747	G09747	Gordon-Conwell Theological Seminary	MA					
165981	216900	2169	002169	Greenfield Community College	MA	52747	55626	39139	State	false
166018	466100	4661	004661	Hampshire College	MA	36500	38492	34635	National	false
166027	215500	2155	002155	Harvard University	MA	134794	142152	34635	National	false
166045	215700	2157	G02157	Hebrew College	MA					
166054	215400	2154	002154	Hellenic College-Holy Cross Greek Orthodox School of Theology	MA	50999	53783	34635	National	false
166124	214100	2141	002141	College of the Holy Cross	MA	84553	89168	34635	National	false
166133	217000	2170	002170	Holyoke Community College	MA	46724	49274	39139	State	false
166391	215800	2158	002158	Lasell University	MA	58411	61599	39139	State	false
166407	633100	6331	006331	Lawrence Memorial Hospital School of Nursing	MA	85387	90048	39139	State	false
166452	216000	2160	002160	Lesley University	MA	55117	58126	39139	State	false
166489	267104	2671	021430	Longy School of Music of Bard College	MA	45380	47857	34635	National	false
166498	989900	9899	009899	Lowell Academy Hairstyling Institute	MA	32789	34579	39139	State	true
166513	216100	2161	002161	University of Massachusetts-Lowell	MA	81163	85593	39139	State	false
166629	222100	2221	002221	University of Massachusetts-Amherst	MA	78620	82911	39139	State	false
166638	222200	2222	002222	University of Massachusetts-Boston	MA	69532	73327	39139	State	false
166647	217100	2171	002171	Massachusetts Bay Community College	MA	56076	59137	39139	State	false
166656	216500	2165	002165	MCPHS University	MA	93192	98279	39139	State	false
166674	218000	2180	002180	Massachusetts College of Art and Design	MA	45607	48096	39139	State	false
166683	217800	2178	002178	Massachusetts Institute of Technology	MA	161961	170802	34635	National	false
166692	218100	2181	002181	Massachusetts Maritime Academy	MA	103680	109339	39139	State	false
166708	975600	9756	G09756	University of Massachusetts Chan Medical School	MA					
166717	2163600	21636	G21636	William James College	MA	91134	96109	39139	State	false
166805	2092100	20921	014437	Massachusetts School of Barbering	MA					
166823	217700	2177	002177	Massasoit Community College	MA	54288	57251	39139	State	false
166850	212000	2120	002120	Merrimack College	MA	65506	69082	39139	State	false
166869	2231600	22316	G22316	MGH Institute of Health Professions	MA	93163	98248	39139	State	false
166887	993600	9936	009936	Middlesex Community College	MA	56301	59374	39139	State	false
166911	2063000	20630	013774	Montserrat College of Art	MA	35321	37249	34635	National	false
166939	219200	2192	002192	Mount Holyoke College	MA	54450	57422	34635	National	false
166957	217200	2172	002172	Mount Wachusett Community College	MA	53977	56923	39139	State	false
167039	2339400	23394	016571	Rob Roy Academy-New Bedford	MA					
167057	219400	2194	002194	The New England Conservatory of Music	MA	33743	35585	34635	National	false
167093	216400	2164	002164	New England College of Optometry	MA					
167215	891600	8916	G08916	New England Law-Boston	MA					
167260	219700	2197	002197	Nichols College	MA	64532	68054	39139	State	false
167288	218700	2187	002187	Massachusetts College of Liberal Arts	MA	48835	51501	39139	State	false
167297	2197900	21979	015527	North Bennet Street School	MA	57182	60303	39139	State	false
167312	217300	2173	002173	North Shore Community College	MA	54714	57701	39139	State	false
167358	219900	2199	002199	Northeastern University	MA	101903	107465	34635	National	false
167376	217400	2174	002174	Northern Essex Community College	MA	52743	55622	39139	State	false
167394	214000	2140	002140	College of Our Lady of the Elms	MA	64421	67937	39139	State	false
167525	220500	2205	002205	Quincy College	MA	59190	62421	39139	State	false
167534	217500	2175	002175	Quinsigamond Community College	MA	55076	58082	39139	State	false
167598	220600	2206	002206	Regis College	MA	84660	89281	39139	State	false
167631	1193000	11930	011930	Roxbury Community College	MA	60232	63520	39139	State	false
167677	221400	2214	002214	Saint John's Seminary	MA					
167729	218800	2188	002188	Salem State University	MA	62605	66022	39139	State	false
167783	220800	2208	002208	Simmons University	MA	73823	77853	39139	State	false
167792	267122	2671	009645	Bard College at Simon's Rock	MA	45380	47857	34635	National	false
167835	220900	2209	002209	Smith College	MA	57618	60763	34635	National	false
167871	1238600	12386	012386	Southeastern Technical Institute	MA	48037	50659	39139	State	false
167899	221100	2211	002211	Springfield College	MA	60428	63726	34635	National	false
167905	807800	8078	005549	Springfield Technical Community College	MA	51917	54751	39139	State	false
167987	221000	2210	002210	University of Massachusetts-Dartmouth	MA	69251	73031	39139	State	false
167996	221700	2217	002217	Stonehill College	MA	73137	77129	39139	State	false
168005	221800	2218	002218	Suffolk University	MA	74456	78520	39139	State	false
168032	2137000	21370	014992	Rob Roy Academy-Taunton	MA					
168148	221900	2219	002219	Tufts University	MA	97474	102795	34635	National	false
168218	222400	2224	002224	Wellesley College	MA	72449	76404	34635	National	false
168227	222500	2225	002225	Wentworth Institute of Technology	MA	95027	100214	39139	State	false
168254	222600	2226	002226	Western New England University	MA	76928	81127	39139	State	false
168263	218900	2189	002189	Westfield State University	MA	59434	62678	39139	State	false
168281	222700	2227	002227	Wheaton College (Massachusetts)	MA	57982	61147	34635	National	false
168342	222900	2229	002229	Williams College	MA	80487	84880	34635	National	false
168421	223300	2233	002233	Worcester Polytechnic Institute	MA	105724	111495	34635	National	false
168430	219000	2190	002190	Worcester State University	MA	63801	67284	39139	State	false
168528	223400	2234	002234	Adrian College	MI	55233	58248	32616	State	false
168546	223500	2235	002235	Albion College	MI	55297	58315	32616	State	false
168555	2595700	25957	025957	Hillsdale Beauty College	MI	23029	24286	32616	State	true
168573	3124000	31240	031240	Northwestern Technological Institute	MI	47488	50080	32616	State	false
168591	223600	2236	002236	Alma College	MI	55040	58044	32616	State	false
168607	223700	2237	002237	Alpena Community College	MI	44378	46800	32616	State	false
168740	223800	2238	002238	Andrews University	MI	60517	63820	34635	National	false
168786	223900	2239	002239	Aquinas College	MI	51578	54393	32616	State	false
168847	467300	4673	004673	Baker College	MI	53754	56688	32616	State	false
168883	224000	2240	002240	Bay de Noc Community College	MI	51595	54411	32616	State	false
168892	2285700	22857	016114	Bayshire Academy of Beauty Craft Inc	MI	20225	21329	32616	State	true
169080	224100	2241	002241	Calvin University	MI	60889	64213	32616	State	false
169099	224200	2242	G02242	Calvin Theological Seminary	MI					
169187	761700	7617	007617	Carnegie Institute	MI	47729	50334	32616	State	false
169220	2198900	21989	G21989	Michigan School of Psychology	MI					
169248	224300	2243	002243	Central Michigan University	MI	61298	64644	32616	State	false
169275	226100	2261	002261	Mott Community College	MI	52696	55572	32616	State	false
169284	817800	8178	008178	Empire Beauty School-Michigan	MI	26668	28124	34635	National	true
169327	224600	2246	002246	Cleary University	MI	67914	71621	32616	State	false
169363	384256	3842	002247	Concordia University Ann Arbor	MI	63361	66820	34635	National	false
169424	224800	2248	G02248	Cranbrook Academy of Art	MI					
169442	677100	6771	006771	College for Creative Studies	MI	47659	50260	32616	State	false
169479	224900	2249	002249	Davenport University	MI	69009	72776	32616	State	false
169503	1082700	10827	010827	David Pressley School of Cosmetology	MI	26279	27713	32616	State	true
169521	225100	2251	002251	Delta College	MI	52169	55017	32616	State	false
169576	3005700	30057	030057	Detroit Business Institute-Downriver	MI	58285	61466	32616	State	false
169655	2060300	20603	013603	Universal Technical Institute-Canton	MI	57009	60121	32616	State	false
169716	232300	2323	002323	University of Detroit Mercy	MI	78953	83263	32616	State	false
169761	469200	4692	004692	Dorsey College	MI	34001	35857	32616	State	false
169798	225900	2259	002259	Eastern Michigan University	MI	59616	62870	32616	State	false
169813	4055300	40553	040553	Creative Hair School of Cosmetology	MI	21571	22748	32616	State	true
169910	226000	2260	002260	Ferris State University	MI	64721	68254	32616	State	false
169974	226300	2263	002263	Glen Oaks Community College	MI	52191	55040	32616	State	false
169983	226200	2262	002262	Kettering University	MI	99943	105398	32616	State	false
169992	226400	2264	002264	Gogebic Community College	MI	51213	54008	32616	State	false
170000	226500	2265	002265	Grace Christian University	MI	43821	46213	32616	State	false
170037	226600	2266	002266	Cornerstone University	MI	53010	55904	32616	State	false
170055	226700	2267	002267	Grand Rapids Community College	MI	49887	52610	32616	State	false
170082	226800	2268	002268	Grand Valley State University	MI	60491	63793	32616	State	false
170091	226900	2269	002269	Great Lakes Christian College	MI					
170240	227000	2270	002270	Henry Ford College	MI	54466	57439	32616	State	false
170286	227200	2272	002272	Hillsdale College	MI					
170301	227300	2273	002273	Hope College	MI	60573	63879	32616	State	false
170444	227400	2274	002274	Jackson College	MI	53223	56128	32616	State	false
170532	227500	2275	002275	Kalamazoo College	MI	55566	58599	32616	State	false
170541	694900	6949	006949	Kalamazoo Valley Community College	MI	48131	50758	32616	State	false
170550	227600	2276	002276	Kellogg Community College	MI	41918	44206	32616	State	false
170587	717100	7171	007171	Kirtland Community College	MI	58673	61876	32616	State	false
170611	2324500	23245	016454	Michigan College of Beauty-Monroe	MI	21503	22677	32616	State	true
170620	227700	2277	002277	Lake Michigan College	MI	54349	57316	32616	State	false
170639	229300	2293	002293	Lake Superior State University	MI	56687	59781	32616	State	false
170657	227800	2278	002278	Lansing Community College	MI	56314	59388	32616	State	false
170675	227900	2279	002279	Lawrence Technological University	MI	90760	95714	32616	State	false
170736	1321800	13218	013218	M J Murphy Beauty College of Mount Pleasant	MI	17566	18525	32616	State	true
170790	890600	8906	008906	Macomb Community College	MI	50529	53287	32616	State	false
170806	228200	2282	002282	Madonna University	MI	61516	64874	32616	State	false
170967	228800	2288	002288	Rochester University	MI	50000	52729	32616	State	false
170976	232500	2325	002325	University of Michigan-Ann Arbor	MI	96159	101408	32616	State	false
171012	2361500	23615	016790	The Michigan Barber School	MI	17736	18704	32616	State	true
171100	229000	2290	002290	Michigan State University	MI	74093	78137	32616	State	false
171128	229200	2292	002292	Michigan Technological University	MI	84560	89176	32616	State	false
171137	232600	2326	002326	University of Michigan-Dearborn	MI	77294	81513	32616	State	false
171146	232700	2327	002327	University of Michigan-Flint	MI	65600	69181	32616	State	false
171155	676800	6768	006768	Mid Michigan College	MI	46578	49120	32616	State	false
171225	229400	2294	002294	Monroe County Community College	MI	55341	58362	32616	State	false
171234	229500	2295	002295	Montcalm Community College	MI	55704	58745	32616	State	false
171304	229700	2297	002297	Muskegon Community College	MI	47476	50067	32616	State	false
171395	229900	2299	002299	North Central Michigan College	MI	44584	47018	32616	State	false
171456	230100	2301	002301	Northern Michigan University	MI	52624	55496	32616	State	false
171483	230200	2302	002302	Northwestern Michigan College	MI	58811	62021	32616	State	false
171492	407200	4072	004072	Northwood University	MI	67409	71089	32616	State	false
171535	230300	2303	002303	Oakland Community College	MI	53677	56607	32616	State	false
171571	230700	2307	002307	Oakland University	MI	68708	72458	32616	State	false
171599	230800	2308	002308	The University of Olivet	MI	52261	55114	32616	State	false
171775	894600	8946	008946	Port Huron Cosmetology College	MI					
171881	231100	2311	002311	Kuyper College	MI	38046	40123	32616	State	false
171988	2533600	25336	015367	Ross Medical Education Center-Lansing	MI	32987	34788	34635	National	false
171997	2180100	21801	015383	Ross Medical Education Center-Warren	MI	31944	33688	34635	National	true
172015	2099700	20997	014621	Ross Medical Education Center-Flint	MI	31741	33474	34635	National	true
172033	231300	2313	002313	Sacred Heart Major Seminary	MI	52761	55641	32616	State	false
172051	231400	2314	002314	Saginaw Valley State University	MI	63454	66918	32616	State	false
172200	231500	2315	002315	Schoolcraft Community College District	MI	48981	51655	32616	State	false
172264	231600	2316	002316	Siena Heights University	MI	62131	65522	32616	State	false
172291	231000	2310	002310	St Clair County Community College	MI	53867	56807	32616	State	false
172307	231700	2317	002317	Southwestern Michigan College	MI	46001	48512	32616	State	false
172334	231800	2318	002318	Spring Arbor University	MI	55203	58216	32616	State	false
172422	2618400	26184	026184	Michigan Career and Technical Institute	MI	30769	32449	32616	State	true
172477	1262700	12627	G12627	Thomas M Cooley Law School	MI					
172495	3075200	30752	030752	Twin City Beauty College	MI	30128	31773	32616	State	true
172608	407100	4071	004071	Walsh College	MI	83054	87588	32616	State	false
172617	232800	2328	002328	Washtenaw Community College	MI	52304	55159	32616	State	false
172635	923000	9230	009230	Wayne County Community College District	MI	44333	46753	32616	State	false
172644	232900	2329	002329	Wayne State University	MI	68551	72293	32616	State	false
172671	795000	7950	007950	West Shore Community College	MI	57908	61069	32616	State	false
172680	4230500	42305	042305	Paul Mitchell the School-Grand Rapids	MI	27013	28488	32616	State	true
172699	233000	2330	002330	Western Michigan University	MI	62885	66318	32616	State	false
172705	233100	2331	G02331	Western Theological Seminary	MI					
172866	2050300	20503	013505	Academy College	MN	86185	90889	37199	State	false
172918	554400	5544	005544	Alexandria Technical & Community College	MN	59377	62618	37199	State	false
172954	735000	7350	007350	Anoka Technical College	MN	55035	58039	37199	State	false
172963	233200	2332	002332	Anoka-Ramsey Community College	MN	53298	56207	37199	State	false
173045	233400	2334	002334	Augsburg University	MN	68350	72081	37199	State	false
173063	233500	2335	002335	Riverland Community College	MN	49768	52485	37199	State	false
173115	575900	5759	005759	Northwest Technical College	MN	55473	58501	37199	State	false
173124	233600	2336	002336	Bemidji State University	MN	60307	63599	37199	State	false
173142	233700	2337	002337	Bethany Lutheran College	MN	47456	50046	37199	State	false
173160	905800	9058	002338	Bethel University	MN	70633	74489	37199	State	false
173203	233900	2339	002339	Central Lakes College-Brainerd	MN	50357	53106	37199	State	false
173258	234000	2340	002340	Carleton College	MN	66841	70490	34635	National	false
173300	234600	2346	002346	Concordia College at Moorhead	MN	56802	59903	37199	State	false
173328	234700	2347	002347	Concordia University-Saint Paul	MN	68250	71975	37199	State	false
173416	1040200	10402	010402	Dakota County Technical College	MN	59518	62767	37199	State	false
173452	236100	2361	002361	Martin Luther College	MN	49182	51867	34635	National	false
173461	575700	5757	005757	Lake Superior College	MN	57665	60813	37199	State	false
173559	554100	5541	005541	Minnesota State Community and Technical College	MN	54581	57560	37199	State	false
173638	526300	5263	005263	Minnesota West Community and Technical College	MN	52390	55250	37199	State	false
173647	235300	2353	002353	Gustavus Adolphus College	MN	61015	64346	37199	State	false
173665	235400	2354	002354	Hamline University	MN	61017	64348	37199	State	false
173683	4044300	40443	040443	Hazelden Betty Ford Graduate School	MN					
173708	1049100	10491	010491	Hennepin Technical College	MN	59906	63176	37199	State	false
173735	235500	2355	002355	Minnesota North College	MN	54100	57053	37199	State	false
173744	2123200	21232	014847	Aveda Arts & Sciences Institute Minneapolis	MN	38850	40971	37199	State	false
173799	974000	9740	006935	Inver Hills Community College	MN	54434	57405	37199	State	false
173896	235700	2357	G02357	Luther Seminary	MN					
173902	235800	2358	002358	Macalester College	MN	58560	61757	34635	National	false
173911	553700	5537	005537	South Central College	MN	52003	54842	37199	State	false
173920	236000	2360	002360	Minnesota State University-Mankato	MN	64235	67741	37199	State	false
173957	1173200	11732	017114	Mayo Clinic College of Medicine and Science	MN	77244	81460	34635	National	false
174020	1037400	10374	010374	Metropolitan State University	MN	67658	71351	37199	State	false
174066	396900	3969	003969	University of Minnesota-Twin Cities	MN	71941	75868	37199	State	false
174075	406900	4069	004069	University of Minnesota-Crookston	MN	62786	66213	37199	State	false
174127	236500	2365	002365	Minneapolis College of Art and Design	MN	41825	44108	37199	State	false
174136	236200	2362	002362	Minneapolis Community and Technical College	MN	52691	55567	37199	State	false
174154	962108	9621	009621	Herzing University-Minneapolis	MN	58575	61772	34635	National	false
174190	2238100	22381	041576	Nova Academy of Cosmetology Woodbury	MN	34975	36884	37199	State	true
174233	238800	2388	002388	University of Minnesota-Duluth	MN	66056	69662	37199	State	false
174251	238900	2389	002389	University of Minnesota-Morris	MN	51631	54449	37199	State	false
174321	983100	9831	009831	Model College of Hair Design	MN	34501	36384	37199	State	true
174358	236700	2367	002367	Minnesota State University Moorhead	MN	55083	58090	37199	State	false
174376	237000	2370	002370	North Hennepin Community College	MN	60483	63784	37199	State	false
174428	795400	7954	007954	Normandale Community College	MN	54750	57739	37199	State	false
174437	236900	2369	002369	North Central University	MN	47587	50185	34635	National	false
174473	238500	2385	002385	Northland Community and Technical College	MN	54671	57655	37199	State	false
174491	237100	2371	002371	University of Northwestern-St Paul	MN	57471	60608	37199	State	false
174507	1232800	12328	012328	Northwestern Health Sciences University	MN	44615	47050	37199	State	false
174525	999200	9992	016116	Oak Hills Christian College	MN	39785	41957	37199	State	false
174570	553500	5535	005535	Pine Technical & Community College	MN	52498	55364	37199	State	false
174738	237300	2373	002373	Rochester Community and Technical College	MN	55258	58274	37199	State	false
174747	234100	2341	002341	College of Saint Benedict	MN	63895	67383	37199	State	false
174756	553400	5534	005534	St Cloud Technical and Community College	MN	58691	61895	37199	State	false
174783	237700	2377	002377	Saint Cloud State University	MN	59194	62425	37199	State	false
174792	237900	2379	002379	Saint Johns University	MN	72829	76804	37199	State	false
174817	238000	2380	002380	Saint Mary's University of Minnesota	MN	72502	76460	37199	State	false
174844	238200	2382	002382	St Olaf College	MN	56323	59397	37199	State	false
174862	238300	2383	002383	Crown College	MN	50863	53639	37199	State	false
174899	234300	2343	002343	The College of Saint Scholastica	MN	75595	79721	37199	State	false
174914	234500	2345	002345	University of St Thomas	MN	82136	86619	37199	State	false
174978	1260603	12606	012606	Empire Beauty School-Bloomington	MN	26762	28223	34635	National	true
175005	234200	2342	002342	St Catherine University	MN	65829	69422	37199	State	false
175014	869400	8694	008694	Rasmussen University-Minnesota	MN	59996	63271	34635	National	false
175041	553300	5533	005533	Saint Paul College	MN	52870	55756	37199	State	false
175078	237500	2375	002375	Southwest Minnesota State University	MN	55009	58012	37199	State	false
175120	2260500	22605	015950	Summit Academy Opportunities Industrialization Center	MN	37748	39808	37199	State	false
175139	238600	2386	G02386	United Theological Seminary of the Twin Cities	MN					
175227	464100	4641	004641	Dunwoody College of Technology	MN	69987	73807	37199	State	false
175236	525200	5252	005252	Ridgewater College	MN	49859	52581	37199	State	false
175263	239300	2393	002393	Minnesota State College Southeast	MN	51496	54307	37199	State	false
175272	239400	2394	002394	Winona State University	MN	60533	63837	37199	State	false
175281	239100	2391	G02391	Mitchell Hamline School of Law	MN					
175315	1054600	10546	010546	Century College	MN	54401	57370	37199	State	false
175342	239600	2396	002396	Alcorn State University	MS	45495	47978	30786	State	false
175421	239700	2397	002397	Belhaven University	MS	51795	54622	34635	National	false
175430	239800	2398	002398	Blue Mountain Christian University	MS	40841	43070	30786	State	false
175494	2074900	20749	013902	Chris Beauty College	MS	21740	22927	30786	State	true
175519	240100	2401	002401	Coahoma Community College	MS	31140	32840	30786	State	false
175573	240200	2402	002402	Copiah-Lincoln Community College	MS	36902	38916	30786	State	false
175616	240300	2403	002403	Delta State University	MS	47248	49827	30786	State	false
175643	240400	2404	002404	East Central Community College	MS	36389	38375	30786	State	false
175652	240500	2405	002405	East Mississippi Community College	MS	42022	44316	30786	State	false
175698	2251700	22517	015898	Fosters Cosmetology College	MS	23204	24471	30786	State	true
175722	2244305	22443	E02194	Academy of Hair Design-Grenada	MS	20010	21102	30786	State	true
175786	240700	2407	002407	Hinds Community College	MS	40042	42228	30786	State	false
175810	240800	2408	002408	Holmes Community College	MS	39984	42167	30786	State	false
175829	240900	2409	002409	Itawamba Community College	MS	41849	44133	30786	State	false
175856	241000	2410	002410	Jackson State University	MS	47606	50205	34635	National	false
175883	241100	2411	002411	Jones County Junior College	MS	36340	38324	30786	State	false
175935	241300	2413	002413	Meridian Community College	MS	50810	53583	30786	State	false
175980	241400	2414	002414	Millsaps College	MS	67303	70977	34635	National	false
176008	241600	2416	002416	Mississippi Delta Community College	MS	37960	40032	30786	State	false
176017	244000	2440	002440	University of Mississippi	MS	66243	69859	34635	National	false
176035	242200	2422	002422	Mississippi University for Women	MS	62987	66425	30786	State	false
176044	242400	2424	002424	Mississippi Valley State University	MS	40972	43208	34635	National	false
176053	241500	2415	002415	Mississippi College	MS	55434	58460	30786	State	false
176062	2302800	23028	014574	Hatfield's Mississippi College of Beauty Culture	MS	12585	13272	30786	State	true
176071	241700	2417	002417	Mississippi Gulf Coast Community College	MS	44103	46510	30786	State	false
176080	242300	2423	002423	Mississippi State University	MS	59311	62549	30786	State	false
176169	242600	2426	002426	Northeast Mississippi Community College	MS	43163	45519	30786	State	false
176178	242700	2427	002427	Northwest Mississippi Community College	MS	42368	44681	30786	State	false
176239	243000	2430	002430	Pearl River Community College	MS	43603	45983	30786	State	false
176318	243300	2433	002433	Rust College	MS	41313	43568	34635	National	false
176336	243500	2435	015024	Southeastern Baptist College	MS					
176354	243600	2436	002436	Southwest Mississippi Community College	MS	27408	28904	30786	State	true
176372	244100	2441	002441	University of Southern Mississippi	MS	48593	51245	30786	State	false
176406	243900	2439	002439	Tougaloo College	MS	42641	44969	30786	State	false
176433	4282400	42824	042824	Vaughn Beauty College	MS					
176451	2516200	25162	G25162	Wesley Biblical Seminary	MS					
176479	244700	2447	002447	William Carey University	MS	54242	57203	30786	State	false
176600	163200	1632	G01632	Aquinas Institute of Theology	MO					
176628	244900	2449	002449	Avila University	MO	61078	64412	33703	State	false
176664	1320800	13208	013208	Mission University	MO	38240	40327	33703	State	false
176716	2277500	22775	014819	House of Heavilin Beauty College-Blue Springs	MO	26917	28386	33703	State	true
176770	2068200	20682	013877	Cox College	MO	79386	83719	33703	State	false
176789	245000	2450	002450	Calvary University	MO	32281	34043	34635	National	true
176798	553200	5532	005532	Cape Girardeau Career and Technology Center	MO	53022	55916	33703	State	false
176910	2266400	22664	014619	Central Christian College of the Bible	MO	34888	36792	33703	State	false
176947	245300	2453	002453	Central Methodist University-College of Liberal Arts and Sciences	MO	51668	54488	33703	State	false
176965	245400	2454	002454	University of Central Missouri	MO	54054	57005	33703	State	false
176983	553100	5531	005531	Grand River Technical School	MO	47221	49799	33703	State	false
177038	2090700	20907	014438	Cleveland University-Kansas City	KS					
177065	245600	2456	002456	Columbia College	MO	57679	60827	34635	National	false
177083	246700	2467	002467	Conception Seminary College	MO					
177092	245700	2457	G02457	Concordia Seminary	MO					
177117	245800	2458	002458	Cottey College	MO	39529	41687	34635	National	false
177126	470700	4707	G04707	Covenant Theological Seminary	MO					
177135	245900	2459	002459	Crowder College	MO	40780	43006	33703	State	false
177144	246000	2460	002460	Culver-Stockton College	MO	48225	50857	34635	National	false
177214	246100	2461	002461	Drury University	MO	47568	50165	33703	State	false
177250	886200	8862	008862	East Central College	MO	42272	44579	33703	State	false
177278	246200	2462	G02462	Eden Theological Seminary	MO					
177302	1040500	10405	010405	Pinnacle Career Institute	MO	39968	42150	34635	National	false
177339	246300	2463	002463	Evangel University	MO	46593	49136	33703	State	false
177418	246400	2464	002464	Fontbonne University	MO	55401	58425	33703	State	false
177436	2056100	20561	013529	Four Rivers Career Center	MO	51305	54105	33703	State	false
177472	3083000	30830	030830	Ozarks Technical Community College	MO	42628	44955	33703	State	false
177542	908900	9089	009089	Hannibal-LaGrange University	MO	46655	49202	33703	State	false
177551	246600	2466	002466	Harris-Stowe State University	MO	46752	49304	33703	State	false
177588	960700	9607	009607	House of Heavilin Beauty College-Kansas City	MO					
177603	959000	9590	009590	Summit Salon Academy Kansas City	MO	26998	28472	33703	State	true
177676	246800	2468	002468	Jefferson College	MO	50937	53717	33703	State	false
177685	3077200	30772	030772	Paul Mitchell the School-Missouri Columbia	MO	31489	33208	33703	State	true
177719	638900	6389	006389	Barnes-Jewish College Goldfarb School of Nursing	MO	79407	83741	33703	State	false
177746	247300	2473	002473	Kansas City Art Institute	MO	36640	38640	34635	National	false
177816	247600	2476	G02476	Kenrick Glennon Seminary	MO					
177834	247700	2477	G02477	A T Still University of Health Sciences	MO					
177931	2142200	21422	014971	Lex La-Ray Technical Center	MO	59627	62882	33703	State	false
177940	247900	2479	002479	Lincoln University	MO	50859	53635	33703	State	false
177968	248000	2480	002480	Lindenwood University	MO	58207	61384	33703	State	false
177977	471100	4711	004711	State Technical College of Missouri	MO	58407	61595	33703	State	false
177986	470300	4703	004703	Logan University	MO	65724	69312	34635	National	false
177995	248400	2484	002484	Metropolitan Community College-Kansas City	MO	50121	52857	33703	State	false
178059	248200	2482	002482	Maryville University of Saint Louis	MO	84871	89504	33703	State	false
178077	2520800	25208	016911	Missouri College of Cosmetology and Esthetics	MO	31483	33202	33703	State	true
178183	2121100	21211	014528	Midwest Institute	MO	35134	37052	33703	State	false
178208	248500	2485	G02485	Midwestern Baptist Theological Seminary	MO	62368	65772	34635	National	false
178217	248600	2486	002486	Mineral Area College	MO	40950	43185	33703	State	false
178244	754000	7540	007540	Missouri Baptist University	MO	52550	55418	33703	State	false
178341	248800	2488	002488	Missouri Southern State University	MO	52419	55280	33703	State	false
178369	248900	2489	002489	Missouri Valley College	MO	49963	52690	34635	National	false
178387	249000	2490	002490	Missouri Western State University	MO	53293	56202	33703	State	false
178396	251600	2516	002516	University of Missouri-Columbia	MO	69651	73453	33703	State	false
178402	251800	2518	002518	University of Missouri-Kansas City	MO	65925	69524	33703	State	false
178411	251700	2517	002517	Missouri University of Science and Technology	MO	93514	98618	33703	State	false
178420	251900	2519	002519	University of Missouri-St Louis	MO	62350	65753	33703	State	false
178448	249100	2491	002491	Moberly Area Community College	MO	44572	47005	33703	State	false
178518	249400	2494	G02494	Nazarene Theological Seminary	MO					
178527	2608000	26080	026080	Neosho Beauty College	MO	23413	24691	33703	State	true
178615	249500	2495	002495	Truman State University	MO	56947	60055	33703	State	false
178624	249600	2496	002496	Northwest Missouri State University	MO	52213	55063	33703	State	false
178679	2202700	22027	015569	Ozark Christian College	MO	40563	42777	34635	National	false
178697	250000	2500	002500	College of the Ozarks	MO	44258	46674	33703	State	false
178721	249800	2498	002498	Park University	MO	63456	66920	34635	National	false
178767	855200	8552	008552	Stevens-The Institute of Business & Arts	MO	39939	42119	33703	State	false
178891	1250000	12500	012500	Ranken Technical College	MO	65096	68649	33703	State	false
178989	639200	6392	006392	Research College of Nursing	MO	82705	87219	33703	State	false
179043	249900	2499	002499	Rockhurst University	MO	76125	80280	33703	State	false
179159	250600	2506	002506	Saint Louis University	MO	77024	81228	34635	National	false
179195	2214500	22145	015642	Salem College of Hairstyling	MO					
179265	250400	2504	002504	University of Health Sciences and Pharmacy in St. Louis	MO	131813	139008	34635	National	false
179308	247100	2471	002469	Saint Louis Community College	MO	48396	51038	33703	State	false
179317	250900	2509	G02509	Saint Paul School of Theology	KS					
179326	250200	2502	002502	Southwest Baptist University	MO	54286	57249	33703	State	false
179344	3106000	31060	031060	Missouri State University-West Plains	MO	40257	42454	33703	State	false
179511	2340510	23405	E40706	St Louis College of Health Careers-St Louis	MO	39521	41678	33703	State	false
179539	808000	8080	007628	State Fair Community College	MO	40789	43015	33703	State	false
179548	251200	2512	002512	Stephens College	MO	46218	48741	33703	State	false
179557	250100	2501	002501	Southeast Missouri State University	MO	51502	54313	33703	State	false
179566	250300	2503	002503	Missouri State University-Springfield	MO	53058	55954	33703	State	false
179645	471300	4713	004713	Three Rivers College	MO	42322	44632	33703	State	false
179715	251400	2514	002514	North Central Missouri College	MO	52845	55730	33703	State	false
179812	247400	2474	G02474	Kansas City University	MO					
179867	252000	2520	002520	Washington University in St Louis	MO	95899	101134	34635	National	false
179894	252100	2521	002521	Webster University	MO	75697	79829	33703	State	false
179946	252300	2523	002523	Westminster College	MO	51238	54035	33703	State	false
179955	252400	2524	002524	William Jewell College	MO	66965	70620	33703	State	false
179964	252500	2525	002525	William Woods University	MO	52367	55225	33703	State	false
179991	2621300	26213	026213	Academy of Cosmetology Inc	MT	36889	38903	32616	State	false
180054	2510600	25106	014902	Blackfeet Community College	MT	38312	40403	32616	State	false
180081	253101	2531	009282	Highlands College of Montana Tech	MT	79369	83701	32616	State	false
180090	4187700	41877	041877	Crevier's Academy of Cosmetology Arts	MT	21752	22939	32616	State	true
180106	252600	2526	002526	Carroll College	MT	59396	62638	34635	National	false
180151	252900	2529	002529	Dawson Community College	MT	42340	44651	32616	State	false
180160	2545200	25452	014878	Chief Dull Knife College	MT	27330	28822	32616	State	true
180179	253000	2530	002530	Montana State University Billings	MT	55549	58581	32616	State	false
180197	677700	6777	006777	Flathead Valley Community College	MT	47642	50243	32616	State	false
180203	2517500	25175	016967	Aaniiih Nakoda College	MT	35626	37571	32616	State	false
180212	2343000	23430	016616	Fort Peck Community College	MT	31073	32769	32616	State	false
180249	931400	9314	009314	Great Falls College Montana State University	MT	48830	51495	32616	State	false
180258	252700	2527	002527	University of Providence	MT	88535	93368	34635	National	false
180276	757000	7570	007570	Helena College University of Montana	MT	50913	53692	32616	State	false
180328	2286600	22866	016135	Little Big Horn College	MT	27429	28926	32616	State	true
180373	252800	2528	002528	Miles Community College	MT	43022	45370	32616	State	false
180416	253100	2531	002531	Montana Technological University	MT	79369	83701	32616	State	false
180461	253200	2532	002532	Montana State University	MT	65157	68714	34635	National	false
180489	253600	2536	002536	The University of Montana	MT	50928	53708	32616	State	false
180522	253300	2533	002533	Montana State University-Northern	MT	60505	63808	32616	State	false
180595	253400	2534	002534	Rocky Mountain College	MT	60523	63827	32616	State	false
180647	2143400	21434	015023	Salish Kootenai College	MT	52164	55011	32616	State	false
180692	253700	2537	002537	The University of Montana-Western	MT	44338	46758	32616	State	false
180814	974300	9743	002538	Bellevue University	NE	71325	75218	34635	National	false
180832	986200	9862	009862	Clarkson College	NE	80614	85014	35918	State	false
180878	639900	6399	006399	Bryan College of Health Sciences	NE	77318	81538	35918	State	false
180902	2099500	20995	014468	Central Community College	NE	48675	51332	35918	State	false
180948	253900	2539	002539	Chadron State College	NE	51820	54649	35918	State	false
180957	2079700	20797	014176	College of Hair Design-Downtown	NE	30904	32591	35918	State	true
180984	254100	2541	002541	Concordia University-Nebraska	NE	53848	56787	34635	National	false
181002	254200	2542	002542	Creighton University	NE	81178	85609	34635	National	false
181020	254400	2544	002544	Doane University	NE	58227	61405	35918	State	false
181127	254800	2548	002548	Hastings College	NE	52539	55407	35918	State	false
181145	849200	8492	008492	CHI Health School of Radiologic Technology	NE					
181190	1151900	11519	011519	Joseph's College Cosmetology	NE	26838	28303	35918	State	true
181215	255100	2551	002551	University of Nebraska at Kearney	NE	56647	59739	35918	State	false
181297	640400	6404	009937	Nebraska Methodist College of Nursing & Allied Health	NE	74574	78645	35918	State	false
181303	1258600	12586	004432	Metropolitan Community College Area	NE	53376	56290	35918	State	false
181312	255700	2557	002557	Mid-Plains Community College	NE	47858	50470	35918	State	false
181330	255300	2553	002553	Midland University	NE	58061	61230	35918	State	false
181394	255400	2554	002554	University of Nebraska at Omaha	NE	60448	63748	35918	State	false
181419	2550800	25508	015339	Nebraska Indian Community College	NE					
181428	689500	6895	006895	University of Nebraska Medical Center	NE	85735	90415	35918	State	false
181446	255500	2555	002555	Nebraska Wesleyan University	NE	61753	65124	35918	State	false
181464	256500	2565	002565	University of Nebraska-Lincoln	NE	62769	66195	35918	State	false
181491	1166700	11667	002556	Northeast Community College	NE	49390	52086	35918	State	false
181534	255900	2559	002559	Peru State College	NE	53258	56165	35918	State	false
181543	4240800	42408	042408	Summit Christian College	NE					
181604	254000	2540	002540	College of Saint Mary	NE	64669	68199	35918	State	false
181640	2508300	25083	007591	Southeast Community College Area	NE	54277	57240	35918	State	false
181738	256300	2563	002563	Union Adventist University	NE	61367	64717	34635	National	false
181765	256596	2565	007358	Nebraska College of Technical Agriculture	NE	62769	66195	35918	State	false
181783	256600	2566	002566	Wayne State College	NE	52406	55267	35918	State	false
181817	256000	2560	002560	Western Nebraska Community College	NE	50624	53387	35918	State	false
181853	256700	2567	002567	York University	NE	47078	49648	34635	National	false
181880	1323200	13232	013232	Academy of Hair Design-Las Vegas	NV	25688	27090	35918	State	true
182005	1036200	10362	010362	College of Southern Nevada	NV	51080	53868	35918	State	false
182148	2237500	22375	015804	Las Vegas College	NV	42732	45065	35918	State	false
182281	256900	2569	002569	University of Nevada-Las Vegas	NV	62637	66056	35918	State	false
182290	256800	2568	002568	University of Nevada-Reno	NV	67498	71182	35918	State	false
182306	697700	6977	006977	Great Basin College	NV	57602	60746	35918	State	false
182500	2107700	21077	010363	Truckee Meadows Community College	NV	55261	58277	35918	State	false
182564	1036300	10363	013896	Western Nevada College	NV	50403	53154	35918	State	false
182634	257200	2572	002572	Colby-Sawyer College	NH	57874	61033	34635	National	false
182670	257300	2573	002573	Dartmouth College	NH	111883	117990	34635	National	false
182704	864502	8645	014177	Empire Beauty School-Laconia	NH	35339	37268	41048	State	true
182722	2179600	21796	015403	Empire Beauty School-Somersworth	NH	32919	34716	41048	State	true
182795	257500	2575	002575	Franklin Pierce University	NH	66687	70327	34635	National	false
182829	258903	2589	G20979	University of New Hampshire-Franklin Pierce School of Law	NH					
182892	2245400	22454	015836	Keene Beauty Academy	NH	33472	35299	41048	State	true
182980	257900	2579	002579	New England College	NH	55330	58350	41048	State	false
183026	258000	2580	002580	Southern New Hampshire University	NH	67139	70804	34635	National	false
183044	258900	2589	002589	University of New Hampshire-Main Campus	NH	71253	75142	34635	National	false
183062	259000	2590	002590	Keene State College	NH	58191	61367	34635	National	false
183071	258901	2589	E40895	University of New Hampshire at Manchester	NH	71253	75142	34635	National	false
183080	259100	2591	002591	Plymouth State University	NH	57351	60482	41048	State	false
183099	258100	2581	002581	NHTI-Concord's Community College	NH	55056	58061	41048	State	false
183105	529100	5291	005291	White Mountains Community College	NH	60674	63986	41048	State	false
183114	756000	7560	007560	River Valley Community College	NH	54465	57438	41048	State	false
183123	755500	7555	007555	Lakes Region Community College	NH	49311	52003	41048	State	false
183132	258200	2582	002582	Manchester Community College	NH	44863	47312	41048	State	false
183141	923600	9236	009236	Nashua Community College	NH	54792	57783	41048	State	false
183150	258300	2583	002583	Great Bay Community College	NH	54407	57377	41048	State	false
183202	2211600	22116	013558	Paul Mitchell the School-Portsmouth	NH	31050	32745	41048	State	true
183211	258600	2586	002586	Rivier University	NH	79087	83404	34635	National	false
183239	258700	2587	002587	Saint Anselm College	NH	76334	80501	34635	National	false
183248	2140400	21404	015016	St Joseph School of Nursing	NH	89260	94132	41048	State	false
183257	258904	2589	002589	University of New Hampshire College of Professional Studies Online	NH	71253	75142	34635	National	false
183275	3043100	30431	030431	Thomas More College of Liberal Arts	NH	54779	57769	34635	National	false
183488	1246200	12462	012462	Eastwick College-Hackensack	NJ	43216	45575	36709	State	false
183600	259500	2595	002595	Assumption College for Sisters	NJ					
183655	259600	2596	002596	Atlantic Cape Community College	NJ	47694	50297	36709	State	false
183725	2132300	21323	014968	Fortis Institute-Wayne	NJ	39605	41767	34635	National	false
183743	473600	4736	004736	Bergen Community College	NJ	51761	54586	36709	State	false
183789	750200	7502	007502	Berkeley College-Woodland Park	NJ	48750	51411	36709	State	false
183804	794700	7947	003972	Beth Medrash Govoha	NJ	53524	56446	36709	State	false
183822	261704	2617	002597	Bloomfield College of Montclair State University	NJ	61351	64700	36709	State	false
183859	840400	8404	008404	Brookdale Community College	NJ	50402	53153	36709	State	false
183877	773000	7730	007730	Rowan College at Burlington County	NJ	51060	53847	36709	State	false
183910	259800	2598	002598	Caldwell University	NJ	64716	68249	36709	State	false
183938	686500	6865	006865	Camden County College	NJ	55466	58494	36709	State	false
183974	259900	2599	002599	Centenary University	NJ	63207	66657	36709	State	false
183983	2312000	23120	016349	Adult and Continuing Education-BCTS	NJ	47365	49950	36709	State	false
184056	1246100	12461	012461	Lincoln Technical Institute-Iselin	NJ	42316	44626	34635	National	false
184092	2106601	21066	E01471	American Institute-Clifton	NJ	36918	38933	34635	National	false
184180	772900	7729	007106	County College of Morris	NJ	52838	55722	36709	State	false
184205	690104	6901	002601	Rowan College of South Jersey-Cumberland Campus	NJ	48576	51228	36709	State	false
184348	260300	2603	002603	Drew University	NJ	59259	62494	36709	State	false
184427	793808	7938	016176	Lincoln Technical Institute-South Plainfield	NJ	51742	54566	34635	National	false
184481	710700	7107	007107	Essex County College	NJ	48042	50664	36709	State	false
184506	945919	9459	009459	Empire Beauty School-Union	NJ	27175	28658	34635	National	true
184603	260700	2607	002607	Fairleigh Dickinson University-Metropolitan Campus	NJ	68049	71763	36709	State	false
184612	261000	2610	002610	Felician University	NJ	78605	82896	36709	State	false
184694	260701	2607	002607	Fairleigh Dickinson University-Florham Campus	NJ	68049	71763	36709	State	false
184746	849400	8494	008494	Hohokus School of Trade and Technical Sciences	NJ	41843	44127	36709	State	false
184773	260800	2608	002608	Georgian Court University	NJ	62671	66092	36709	State	false
184782	260900	2609	002609	Rowan University	NJ	62686	66108	36709	State	false
184791	690100	6901	006901	Rowan College of South Jersey-Gloucester Campus	NJ	48576	51228	36709	State	false
184816	757309	7573	007573	Empire Beauty School-Cherry Hill	NJ	25810	27219	34635	National	true
184959	2053700	20537	013618	Eastwick College-Ramsey	NJ	60033	63310	36709	State	false
184968	641700	6417	006417	Holy Name Medical Center-Sister Claire Tynan School of Nursing	NJ	94263	99408	36709	State	false
184995	1295400	12954	012954	Hudson County Community College	NJ	44020	46423	36709	State	false
185129	261300	2613	002613	New Jersey City University	NJ	60965	64293	36709	State	false
185262	262200	2622	002622	Kean University	NJ	59472	62718	36709	State	false
185396	793811	7938	007506	Lincoln Technical Institute-Union	NJ	51742	54566	34635	National	false
185466	1090300	10903	010903	Rizzieri Aveda School for Beauty and Wellness	NJ	32286	34048	36709	State	true
185509	474000	4740	002641	Mercer County Community College	NJ					
185536	261500	2615	002615	Middlesex College	NJ	55906	58958	36709	State	false
185572	261600	2616	002616	Monmouth University	NJ	68968	72733	36709	State	false
185590	261700	2617	002617	Montclair State University	NJ	61351	64700	36709	State	false
185679	642100	6421	006421	JFK Muhlenberg Harold B. and Dorothy A. Snyder Schools	NJ	89666	94560	36709	State	false
185721	2092300	20923	013129	Eastwick College-Nutley	NJ	46087	48603	36709	State	false
185758	261900	2619	G02619	New Brunswick Theological Seminary	NJ					
185767	2223700	22237	015709	Robert Fiance Beauty Schools-West New York	NJ	22939	24191	36709	State	true
185828	262100	2621	002621	New Jersey Institute of Technology	NJ	91874	96889	36709	State	false
185873	262400	2624	002624	Ocean County College	NJ	49336	52029	36709	State	false
185970	1062900	10629	010629	P B Cosmetology Education Center	NJ	35010	36921	36709	State	false
186016	759300	7593	007593	Parisian Beauty School	NJ	28516	30073	36709	State	true
186034	999400	9994	009994	Passaic County Community College	NJ	47350	49935	36709	State	false
186052	2131600	21316	014877	Pennco Tech-Blackwood	NJ	45022	47480	36709	State	false
186122	262600	2626	G02626	Princeton Theological Seminary	NJ					
186131	262700	2627	002627	Princeton University	NJ	108590	114517	34635	National	false
186186	860900	8609	008609	Rabbinical College of America	NJ					
186201	934400	9344	009344	Ramapo College of New Jersey	NJ	67266	70938	36709	State	false
186274	1209000	12090	012090	Robert Fiance Beauty Schools	FL	22920	24171	34635	National	true
186283	262800	2628	002628	Rider University	NJ	63250	66703	36709	State	false
186371	262901	2629	002629	Rutgers University-Camden	NJ	77933	82187	36709	State	false
186380	262900	2629	002629	Rutgers University-New Brunswick	NJ	77933	82187	36709	State	false
186399	262902	2629	002629	Rutgers University-Newark	NJ	77933	82187	36709	State	false
186405	642902	6429	014775	Capital Health School of Radiologic Technology	NJ					
186423	642900	6429	006429	Capital Health School of Nursing	NJ					
186432	263800	2638	002638	Saint Peter's University	NJ	64352	67865	36709	State	false
186469	546100	5461	005461	Salem Community College	NJ	50664	53430	36709	State	false
186584	263200	2632	002632	Seton Hall University	NJ	76919	81118	36709	State	false
186593	2234600	22346	015759	Shore Beauty School	NJ	28824	30397	36709	State	true
186618	260000	2600	002600	Saint Elizabeth University	NJ	66386	70010	36709	State	false
186645	773100	7731	007731	Raritan Valley Community College	NJ	57072	60187	36709	State	false
186867	263900	2639	002639	Stevens Institute of Technology	NJ	112538	118681	36709	State	false
186876	934500	9345	009345	Stockton University	NJ	58872	62086	36709	State	false
186900	1198900	11989	011989	Talmudical Academy-New Jersey	NJ					
187000	545200	5452	005452	Aviation Institute of Maintenance-Teterboro	NJ	72682	76649	36709	State	false
187046	2192200	21922	011648	Thomas Edison State University	NJ	85816	90500	36709	State	false
187134	264200	2642	002642	The College of New Jersey	NJ	72068	76002	36709	State	false
187198	264300	2643	002643	UCNJ Union College of Union County New Jersey	NJ	48553	51203	36709	State	false
187444	262500	2625	002625	William Paterson University of New Jersey	NJ	59272	62507	36709	State	false
187505	1300500	13005	013005	Olympian Academy of Cosmetology	NM	23597	24885	34635	National	true
187532	474200	4742	004742	Central New Mexico Community College	NM	48652	51308	31529	State	false
187596	2357600	23576	016119	Navajo Technical University	NM					
187620	265702	2657	E00876	New Mexico State University-Dona Ana	NM	54874	57869	31529	State	false
187639	474300	4743	004743	Clovis Community College	NM	59171	62401	31529	State	false
187648	265100	2651	002651	Eastern New Mexico University-Main Campus	NM	54827	57820	31529	State	false
187666	265101	2651	002661	Eastern New Mexico University-Roswell Campus	NM	54827	57820	31529	State	false
187745	2146400	21464	014152	Institute of American Indian and Alaska Native Culture and Arts Development	NM	37813	39877	31529	State	false
187897	265300	2653	002653	New Mexico Highlands University	NM	55864	58913	31529	State	false
187903	265500	2655	002655	New Mexico Junior College	NM	60987	64316	31529	State	false
187912	265600	2656	002656	New Mexico Military Institute	NM	54591	57571	34635	National	false
187958	266301	2663	002663	University of New Mexico-Gallup Campus	NM	59818	63083	31529	State	false
187967	265400	2654	002654	New Mexico Institute of Mining and Technology	NM	85232	89884	31529	State	false
187976	266303	2663	002663	University of New Mexico-Los Alamos Campus	NM	59818	63083	31529	State	false
187985	266300	2663	002663	University of New Mexico-Main Campus	NM	59818	63083	31529	State	false
187994	265701	2657	002658	New Mexico State University-Alamogordo	NM	54874	57869	31529	State	false
188003	4300600	43006	043006	Southeast New Mexico College	NM					
188021	265704	2657	008854	New Mexico State University-Grants	NM	54874	57869	31529	State	false
188030	265700	2657	002657	New Mexico State University-Main Campus	NM	54874	57869	31529	State	false
188049	266302	2663	002663	University of New Mexico-Valencia County Campus	NM	59818	63083	31529	State	false
188058	2083900	20839	005286	Northern New Mexico College	NM	61774	65146	31529	State	false
188100	266000	2660	002660	San Juan College	NM	46786	49340	31529	State	false
188137	2278100	22781	016065	Santa Fe Community College	NM	53855	56795	31529	State	false
188182	265000	2650	013935	University of the Southwest	NM	51952	54788	34635	National	false
188207	3076100	30761	030761	Southwestern College	NM					
188216	2511000	25110	011185	Southwestern Indian Polytechnic Institute	NM	34652	36543	31529	State	false
188225	266304	2663	002663	University of New Mexico-Taos Campus	NM	59818	63083	31529	State	false
188261	3206300	32063	032063	Mesalands Community College	NM	33937	35789	31529	State	false
188289	4178500	41785	041785	Vogue College of Cosmetology-Santa Fe	NM	29372	30975	31529	State	true
188304	266400	2664	002664	Western New Mexico University	NM	54074	57026	31529	State	false
188340	266500	2665	002665	Vaughn College of Aeronautics and Technology	NY	82718	87233	33962	State	false
188429	266600	2666	002666	Adelphi University	NY	83002	87533	33962	State	false
188438	286000	2860	002860	SUNY Adirondack	NY	44935	47388	33962	State	false
188517	267807	2678	004749	Bryant & Stratton College-Albany	NY	43374	45742	34635	National	false
188526	288500	2885	002885	Albany College of Pharmacy and Health Sciences	NY	113282	119466	33962	State	false
188535	288600	2886	G02886	Albany Law School	NY					
188580	288700	2887	G02887	Albany Medical College	NY					
188641	266800	2668	002668	Alfred University	NY	58242	61421	33962	State	false
188650	3358301	33583	E01740	Allen School-Brooklyn	NY	37719	39778	34635	National	false
188669	2171900	21719	015038	The Ailey School	NY					
188678	746500	7465	007465	American Academy of Dramatic Arts-New York	NY	29927	31561	34635	National	true
188687	1081300	10813	010813	American Academy McAllister Institute of Funeral Service	NY	60862	64184	33962	State	false
188854	757200	7572	016082	American Musical and Dramatic Academy	NY	31967	33712	34635	National	true
188890	751800	7518	007518	Apex Technical School	NY	46910	49471	33962	State	false
188915	643500	6435	006435	Arnot Ogden Medical Center	NY	76943	81143	33962	State	false
188942	2506000	25060	011208	Associated Beth Rivkah Schools	NY	23390	24667	33962	State	true
189015	266900	2669	G02669	Bank Street College of Education	NY					
189088	267100	2671	002671	Bard College	NY	45380	47857	34635	National	false
189097	270800	2708	002708	Barnard College	NY	72527	76486	34635	National	false
189219	1183000	11830	011830	Berk Trade and Business School	NY	47739	50345	33962	State	false
189228	739400	7394	008556	Berkeley College-New York	NY	52781	55662	33962	State	false
189255	4273200	42732	042732	Berkowits School of Electrolysis	NY					
189273	1119200	11192	011192	Beth Hamedrash Shaarei Yosher Institute	NY					
189282	643800	6438	006438	Mount Sinai Phillips School of Nursing	NY	114062	120288	33962	State	false
189404	2105900	21059	014628	Brittany Beauty Academy	NY	24090	25405	33962	State	true
189413	1302900	13029	013029	Boricua College	NY	50662	53427	33962	State	false
189468	928400	9284	009284	Brittany Beauty Academy	NY	21467	22639	33962	State	true
189477	3903400	39034	039034	American Beauty School	NY	24991	26355	33962	State	true
189501	267700	2677	G02677	Brooklyn Law School	NY					
189547	286200	2862	002862	SUNY Broome Community College	NY	48966	51639	33962	State	false
189565	267806	2678	E40759	Bryant & Stratton College-Syracuse North	NY	43374	45742	34635	National	false
189583	267800	2678	002678	Bryant & Stratton College-Buffalo	NY	43374	45742	34635	National	false
189592	267803	2678	012470	Bryant & Stratton College-Greece	NY	43374	45742	34635	National	false
189705	268100	2681	002681	Canisius University	NY	59476	62723	33962	State	false
189714	2056400	20564	014122	Capri Cosmetology Learning Centers	NY	29423	31029	33962	State	true
189811	1236400	12364	012364	St Paul's School of Nursing-Queens	NY	94468	99625	33962	State	false
189839	286100	2861	002861	Cayuga County Community College	NY					
189857	477600	4776	004776	Central Yeshiva Tomchei Tmimim Lubavitz	NY	24036	25348	34635	National	true
189990	4233700	42337	042337	Christine Valmy International School for Esthetics Skin Care & Makeup	NY	25487	26878	33962	State	true
190008	2125500	21255	014760	Circle in the Square Theatre School	NY	33618	35453	34635	National	false
190044	269900	2699	002699	Clarkson University	NY	91312	96296	33962	State	false
190053	678700	6787	006787	Clinton Community College	NY	45905	48411	33962	State	false
190071	644300	6443	006443	Cochran School of Nursing	NY	118099	124545	33962	State	false
190080	270000	2700	G02700	Colgate Rochester Crozer Divinity School	NY					
190099	270100	2701	002701	Colgate University	NY	77917	82170	34635	National	false
190114	976900	9769	009769	Metropolitan College of New York	NY	53658	56587	33962	State	false
190150	270700	2707	002707	Columbia University in the City of New York	NY	115519	121825	34635	National	false
190169	678900	6789	006789	Columbia-Greene Community College	NY	51620	54438	33962	State	false
190239	757300	7573	007573	Empire Beauty School-Queens	NY	25810	27219	34635	National	true
190318	752200	7522	007522	Continental School of Beauty Culture-Rochester	NY	28496	30051	33962	State	true
190372	271000	2710	002710	The Cooper Union for the Advancement of Science and Art	NY	75729	79863	33962	State	false
190415	271100	2711	002711	Cornell University	NY	113372	119560	34635	National	false
190424	271101	2711	G04762	Weill Medical College of Cornell University	NY					
190442	286300	2863	002863	SUNY Corning Community College	NY	45809	48309	33962	State	false
190451	644500	6445	006445	Pomeroy College of Nursing at Crouse Hospital	NY	83428	87982	33962	State	false
190503	730400	7304	007304	Culinary Institute of America	NY	51285	54084	34635	National	false
190512	727300	7273	007273	CUNY Bernard M Baruch College	NY	82748	87265	33962	State	false
190521	269100	2691	002691	CUNY Borough of Manhattan Community College	NY	46157	48676	33962	State	false
190530	269200	2692	002692	CUNY Bronx Community College	NY	44993	47449	33962	State	false
190549	268700	2687	002687	CUNY Brooklyn College	NY	62833	66263	33962	State	false
190558	269800	2698	002698	College of Staten Island CUNY	NY	65495	69070	33962	State	false
190567	268800	2688	002688	CUNY City College	NY	67740	71438	33962	State	false
190576	476500	4765	G04765	CUNY Graduate School and University Center	NY	88842	93691	33962	State	false
190585	861100	8611	008611	CUNY Hostos Community College	NY	45126	47589	33962	State	false
190594	268900	2689	002689	CUNY Hunter College	NY	73236	77234	33962	State	false
190600	269300	2693	002693	CUNY John Jay College of Criminal Justice	NY	60020	63296	33962	State	false
190619	269400	2694	002694	CUNY Kingsborough Community College	NY	43394	45763	33962	State	false
190628	1005100	10051	010051	CUNY LaGuardia Community College	NY	47724	50329	33962	State	false
190637	702200	7022	007022	CUNY Lehman College	NY	63353	66811	33962	State	false
190646	1009700	10097	010097	CUNY Medgar Evers College	NY	58886	62100	33962	State	false
190655	269600	2696	002696	CUNY New York City College of Technology	NY	64145	67646	33962	State	false
190664	269000	2690	002690	CUNY Queens College	NY	68713	72464	33962	State	false
190673	269700	2697	002697	CUNY Queensborough Community College	NY	45408	47887	33962	State	false
190682	3191300	31913	G31913	CUNY School of Law	NY					
190691	475900	4759	004759	CUNY York College	NY	61389	64740	33962	State	false
190707	1161400	11614	011614	CVPH Medical Center School of Radiologic Technology	NY					
190716	271200	2712	002712	D'Youville  University	NY	84182	88777	33962	State	false
190725	280800	2808	002808	Daemen University	NY	70310	74148	33962	State	false
190752	4119600	41196	041196	Yeshiva of Far Rockaway Derech Ayson Rabbinical Seminary	NY					
190761	271300	2713	002713	Dominican University New York	NY	71939	75866	33962	State	false
190840	286400	2864	002864	Dutchess Community College	NY	44694	47134	33962	State	false
190956	644800	6448	015891	Belanger School of Nursing	NY	84169	88763	33962	State	false
190983	271800	2718	002718	Elmira College	NY	64723	68256	33962	State	false
191083	1068400	10684	010684	Erie Community College	NY	48895	51564	33962	State	false
191126	286600	2866	002866	Fashion Institute of Technology	NY	59839	63105	33962	State	false
191199	753200	7532	007532	Finger Lakes Community College	NY	46233	48757	33962	State	false
191205	1256100	12561	012561	Five Towns College	NY	41628	43900	33962	State	false
191241	272200	2722	002722	Fordham University	NY	84203	88799	34635	National	false
191302	286700	2867	002867	Fulton-Montgomery Community College	NY	45309	47782	33962	State	false
191311	2231901	22319	015765	Gemological Institute of America-New York	NY	41390	43649	34635	National	false
191339	678200	6782	006782	Genesee Community College	NY	48414	51057	33962	State	false
191515	272800	2728	002728	Hamilton College	NY	79130	83449	34635	National	false
191533	272900	2729	002729	Hartwick College	NY	60324	63617	33962	State	false
191597	1015300	10153	015395	Helene Fuld College of Nursing	NY	117149	123544	33962	State	false
191612	478800	4788	004788	Herkimer County Community College	NY	40716	42938	33962	State	false
191621	273500	2735	002735	Hilbert College	NY	53063	55959	33962	State	false
191630	273100	2731	002731	Hobart William Smith Colleges	NY	70017	73839	34635	National	false
191649	273200	2732	002732	Hofstra University	NY	72921	76901	33962	State	false
191676	273400	2734	002734	Houghton University	NY	41835	44119	33962	State	false
191719	286800	2868	002868	Hudson Valley Community College	NY	54719	57706	33962	State	false
191728	2206000	22060	015599	Hunter Business School	NY	44594	47028	33962	State	false
191931	273700	2737	002737	Iona University	NY	69776	73585	33962	State	false
191940	2157900	21579	015201	Isabella Graham Hart School of Practical Nursing	NY	51508	54320	33962	State	false
191959	737500	7375	007375	Island Drafting and Technical Institute	NY	54644	57627	33962	State	false
191968	273900	2739	002739	Ithaca College	NY	60436	63735	34635	National	false
191986	286900	2869	002869	Jamestown Community College	NY	44726	47167	33962	State	false
192022	287000	2870	002870	Jefferson Community College	NY	41990	44282	33962	State	false
192040	274000	2740	002740	Jewish Theological Seminary of America	NY					
192110	274200	2742	002742	The Juilliard School	NY	43488	45862	34635	National	false
192165	1054900	10549	010549	Kehilath Yakov Rabbinical Seminary	NY	19057	20097	33962	State	true
192192	274400	2744	002744	Keuka College	NY	58373	61559	33962	State	false
192271	746600	7466	007466	LIM College	NY	66341	69962	34635	National	false
192323	274800	2748	002748	Le Moyne College	NY	66403	70028	33962	State	false
192448	275100	2751	002751	Long Island University	NY	74905	78994	33962	State	false
192484	738800	7388	007388	Long Island Beauty School-Hempstead	NY	29356	30958	33962	State	true
192624	1302600	13026	013026	Machzikei Hadath Rabbinical College	NY					
192688	740100	7401	007401	Mandl School-The College of Allied Health	NY	48793	51456	33962	State	false
192703	275800	2758	002758	Manhattan University	NY	88328	93149	33962	State	false
192712	275900	2759	002759	Manhattan School of Music	NY	30305	31959	34635	National	true
192749	276000	2760	002760	Manhattanville University	NY	68011	71723	33962	State	false
192785	276300	2763	002763	Maria College of Albany	NY	69643	73444	33962	State	false
192800	2160100	21601	015230	Marion S Whelan School of Nursing of Geneva General Hospital	NY	89481	94365	33962	State	false
192819	276500	2765	002765	Marist University	NY	78561	82849	34635	National	false
192864	276900	2769	002769	Marymount Manhattan College	NY	52050	54891	34635	National	false
192961	1220300	12203	012203	St. Peter's Hospital College of Nursing	NY	87478	92253	33962	State	false
192970	1167700	11677	011677	Memorial Hospital School of Radiation Therapy Technology	NY					
193016	277200	2772	002772	Mercy University	NY	62616	66034	33962	State	false
193052	726400	7264	007264	Mesivta Torah Vodaath Rabbinical Seminary	NY	22412	23635	33962	State	true
193061	933500	9335	009335	Mesivta of Eastern Parkway-Yeshiva Zichron Meilech	NY					
193070	397400	3974	003974	Mesivtha Tifereth Jerusalem of America	NY					
193201	2219500	22195	015332	Mildred Elley School-Albany Campus	NY	44844	47292	34635	National	false
193247	479800	4798	004798	Mirrer Yeshiva Cent Institute	NY					
193265	2275900	22759	016723	Modern Welding School	NY	54701	57687	33962	State	false
193283	287100	2871	002871	Mohawk Valley Community College	NY	45913	48419	33962	State	false
193292	277500	2775	002775	Molloy University	NY	96058	101301	33962	State	false
193308	479900	4799	004799	Monroe University	NY	48907	51577	33962	State	false
193326	287200	2872	002872	Monroe Community College	NY	47430	50019	33962	State	false
193353	277800	2778	002778	Mount Saint Mary College	NY	77894	82146	33962	State	false
193380	4237200	42372	042372	Montefiore School of Nursing	NY	132571	139807	33962	State	false
193399	270300	2703	002703	University of Mount Saint Vincent	NY	83648	88214	33962	State	false
193405	702600	7026	G07026	Icahn School of Medicine at Mount Sinai	NY					
193478	287300	2873	002873	Nassau Community College	NY	51431	54238	33962	State	false
193584	277900	2779	002779	Nazareth University	NY	57472	60609	33962	State	false
193609	902900	9029	009029	Neighborhood Playhouse School of the Theater	NY	26937	28407	34635	National	true
193654	2066200	20662	002780	The New School	NY	56719	59815	34635	National	false
193751	1227700	12277	012277	Northeast College of Health Sciences	NY					
193821	278300	2783	G02783	New York Law School	NY					
193830	278400	2784	G02784	New York Medical College	NY					
193858	1055100	10551	010551	New York School for Medical and Dental Assistants	NY	38878	41000	34635	National	false
193900	278500	2785	002785	New York University	NY	89427	94308	34635	National	false
193946	287400	2874	002874	Niagara County Community College	NY	47142	49715	33962	State	false
193973	278800	2788	002788	Niagara University	NY	67652	71345	33962	State	false
193991	2314200	23142	016374	Empire Beauty School-Peekskill	NY	26720	28179	33962	State	true
194028	711100	7111	007111	North Country Community College	NY	54281	57244	33962	State	false
194073	274900	2749	G02749	New York College of Podiatric Medicine	NY					
194091	278200	2782	002782	New York Institute of Technology	NY	81370	85812	33962	State	false
194116	2069000	20690	013606	New York School of Interior Design	NY					
194189	1198400	11984	011984	Ohr Hameir Theological Seminary	NY					
194222	287500	2875	002875	Onondaga Community College	NY	46821	49377	33962	State	false
194240	287600	2876	002876	Orange County Community College	NY	53257	56164	33962	State	false
194259	2104300	21043	012387	Otsego Area BOCES-Practical Nursing Program	NY	52714	55591	33962	State	false
194310	279100	2791	002791	Pace University	NY	80804	85215	34635	National	false
194392	279500	2795	002795	Paul Smiths College of Arts and Science	NY	48703	51361	33962	State	false
194435	818900	8189	008189	Continental School of Beauty Culture-West Seneca	NY	27154	28636	33962	State	true
194499	1235800	12358	012358	Plaza College	NY	45706	48201	33962	State	false
194569	2169100	21691	015291	Davis College	NY	35984	37948	34635	National	false
194578	279800	2798	002798	Pratt Institute-Main	NY	58793	62002	34635	National	false
194657	397600	3976	003976	Rabbinical Academy Mesivta Rabbi Chaim Berlin	NY					
194666	861400	8614	008614	Rabbinical College Bobover Yeshiva Bnei Zion	NY	26701	28158	33962	State	true
194693	1094300	10943	010943	Rabbinical College Beth Shraga	NY					
194718	861700	8617	008617	Rabbinical Seminary Mkor Chaim	NJ					
194736	1037800	10378	010378	Rabbinical College of Long Island	NY					
194763	397800	3978	003978	Rabbinical Seminary of America	NY					
194824	280300	2803	002803	Rensselaer Polytechnic Institute	NY	98311	103677	34635	National	false
194958	280500	2805	002805	Roberts Wesleyan University	NY	64802	68339	33962	State	false
195003	280600	2806	002806	Rochester Institute of Technology	NY	84133	88725	34635	National	false
195030	289400	2894	002894	University of Rochester	NY	87197	91957	34635	National	false
195049	280700	2807	G02807	The Rockefeller University	NY					
195058	287700	2877	002877	Rockland Community College	NY	48706	51365	33962	State	false
195067	2173200	21732	015331	Empire Beauty School-Manhattan	NY	24506	25844	34635	National	true
195128	281000	2810	002810	Russell Sage College	NY	66409	70034	33962	State	false
195155	281500	2815	002815	St Bernard's School of Theology and Ministry	NY					
195164	281700	2817	002817	St Bonaventure University	NY	62639	66058	33962	State	false
195173	282000	2820	002820	St. Francis College	NY	58523	61717	33962	State	false
195191	646700	6467	006467	St. Joseph's College of Nursing	NY	88318	93139	33962	State	false
195216	282900	2829	002829	St Lawrence University	NY	66273	69891	34635	National	false
195243	283200	2832	002832	St. Thomas Aquinas College	NY	60309	63601	33962	State	false
195289	924800	9248	009248	Samaritan Hospital School of Nursing	NY	80296	84679	33962	State	false
195304	281300	2813	002813	Sarah Lawrence College	NY	50184	52923	34635	National	false
195322	678500	6785	006785	Schenectady County Community College	NY	44040	46444	33962	State	false
195438	2505900	25059	011076	Sh'or Yoshuv Rabbinical College	NY					
195474	281600	2816	002816	Siena College	NY	70594	74447	33962	State	false
195526	281400	2814	002814	Skidmore College	NY	61281	64626	34635	National	false
195544	282500	2825	002825	St. Joseph's University-New York	NY	64336	67848	33962	State	false
195580	283300	2833	G02833	Saint Vladimirs Orthodox Theological Seminary	NY					
195702	646100	6461	006461	Saint Elizabeth College of Nursing	NY	81862	86330	33962	State	false
195720	282100	2821	002821	St. John Fisher University	NY	70456	74302	33962	State	false
195784	947900	9479	009479	St Paul's School of Nursing-Staten Island	NY	84341	88945	33962	State	false
195809	282300	2823	002823	St. John's University-New York	NY	77868	82118	33962	State	false
195988	287900	2879	002879	Sullivan County Community College	NY	43580	45959	33962	State	false
196006	285400	2854	002854	SUNY College of Technology at Alfred	NY	58372	61558	33962	State	false
196015	285500	2855	002855	SUNY College of Technology at Canton	NY	57422	60556	33962	State	false
196024	285700	2857	002857	SUNY College of Technology at Delhi	NY	56927	60034	33962	State	false
196033	285600	2856	002856	SUNY College of Agriculture and Technology at Cobleskill	NY	50709	53477	33962	State	false
196042	285800	2858	002858	Farmingdale State College	NY	65444	69016	33962	State	false
196051	285900	2859	002859	SUNY Morrisville	NY	52536	55404	33962	State	false
196060	283500	2835	002835	University at Albany	NY	66256	69873	33962	State	false
196079	283600	2836	002836	Binghamton University	NY	80304	84687	33962	State	false
196088	283700	2837	002837	University at Buffalo	NY	71430	75329	33962	State	false
196097	283800	2838	002838	Stony Brook University	NY	81850	86318	33962	State	false
196103	285100	2851	002851	SUNY College of Environmental Science and Forestry	NY	57774	60928	33962	State	false
196112	1167800	11678	011678	SUNY Polytechnic Institute	NY	73730	77755	33962	State	false
196121	284100	2841	002841	SUNY Brockport	NY	57799	60954	33962	State	false
196130	284200	2842	002842	SUNY Buffalo State University	NY	53203	56107	33962	State	false
196149	284300	2843	002843	State University of New York at Cortland	NY	58555	61751	33962	State	false
196158	284400	2844	002844	SUNY at Fredonia	NY	52192	55041	33962	State	false
196167	284500	2845	002845	SUNY College at Geneseo	NY	63560	67029	33962	State	false
196176	284600	2846	002846	State University of New York at New Paltz	NY	56933	60041	33962	State	false
196185	284700	2847	002847	SUNY Oneonta	NY	58809	62019	33962	State	false
196194	284800	2848	002848	State University of New York at Oswego	NY	59955	63228	33962	State	false
196200	285000	2850	002850	SUNY College at Potsdam	NY	49169	51853	33962	State	false
196219	679100	6791	006791	SUNY at Purchase College	NY	45570	48057	33962	State	false
196228	992900	9929	009929	SUNY College of Optometry	NY					
196237	710900	7109	007109	SUNY Old Westbury	NY	58756	61963	33962	State	false
196246	284900	2849	002849	State University of New York at Plattsburgh	NY	58319	61502	33962	State	false
196255	283900	2839	002839	SUNY Downstate Health Sciences University	NY	109981	115984	33962	State	false
196264	1028600	10286	010286	Empire State University	NY	63250	66703	33962	State	false
196291	285300	2853	002853	SUNY Maritime College	NY	104752	110470	33962	State	false
196307	284000	2840	002840	Upstate Medical University	NY	99039	104445	33962	State	false
196389	2170000	21700	016904	Swedish Institute a College of Health Sciences	NY	47162	49736	33962	State	false
196413	288200	2882	002882	Syracuse University	NY	79406	83740	34635	National	false
196431	1201100	12011	012011	Talmudical Seminary Oholei Torah	NY					
196440	2550600	25506	014614	Talmudical Institute of Upstate New York	NY					
196468	397900	3979	G03979	Teachers College at Columbia University	NY					
196565	678800	6788	006788	Tompkins Cortland Community College	NY	54537	57514	33962	State	false
196583	2191600	21916	015485	Torah Temimah Talmudical Seminary	NY					
196592	1014200	10142	010142	Touro University	NY	73235	77233	33962	State	false
196653	281200	2812	002812	Trocaire College	NY	69860	73673	33962	State	false
196680	283400	2834	014251	Excelsior University	NY	78218	82488	34635	National	false
196699	288000	2880	002880	Ulster County Community College	NY	50370	53119	33962	State	false
196866	288900	2889	002889	Union College	NY	81583	86036	34635	National	false
196884	289000	2890	G02890	Union Theological Seminary in the City of New York	NY					
197018	1118900	11189	011189	United Talmudical Seminary	NY	18950	19984	33962	State	true
197027	289200	2892	002892	United States Merchant Marine Academy	NY	92950	98024	34635	National	false
197036	289300	2893		United States Military Academy	NY					
197045	288300	2883	002883	Utica University	NY	77491	81721	33962	State	false
197133	289500	2895	002895	Vassar College	NY	61818	65192	34635	National	false
197142	289600	2896	002896	Villa Maria College	NY	41151	43397	33962	State	false
197151	746800	7468	007468	School of Visual Arts	NY	42822	45159	34635	National	false
197197	289900	2899	002899	Wagner College	NY	85313	89970	33962	State	false
197221	290000	2900	002900	Webb Institute	NY	92973	98048	34635	National	false
197285	520800	5208	005208	The College of Westchester	NY	46791	49345	33962	State	false
197294	288100	2881	002881	SUNY Westchester Community College	NY	112190	118314	33962	State	false
197337	1192100	11921	011921	Westchester School of Beauty Culture	NY					
197531	1185900	11859	011859	Word of Life Bible Institute	NY	34393	36270	34635	National	false
197601	2505800	25058	011997	Yeshiva Karlin Stolin	NY					
197647	2265100	22651	015993	Yeshiva Derech Chaim	NY					
197674	1167000	11670	011670	Yeshiva of Nitra Rabbinical College	NY	31517	33237	33962	State	true
197692	2152000	21520	014812	Yeshivath Shaar Hatorah	NY					
197708	290300	2903	002903	Yeshiva University	NY	93796	98916	34635	National	false
197735	1302700	13027	013027	Yeshivath Viznitz	NY	19601	20671	33962	State	true
197744	1182100	11821	011821	Yeshivath Zichron Moshe	NY					
197814	291700	2917	002917	College of the Albemarle	NC	39693	41860	32616	State	false
197850	798500	7985	007985	South Piedmont Community College	NC	46657	49204	32616	State	false
197869	290600	2906	002906	Appalachian State University	NC	54010	56958	32616	State	false
197887	403300	4033	004033	Asheville-Buncombe Technical Community College	NC	45910	48416	32616	State	false
197911	290800	2908	002908	Barton College	NC	51766	54592	32616	State	false
197966	855800	8558	008558	Beaufort County Community College	NC	51493	54304	32616	State	false
197984	291000	2910	002910	Belmont Abbey College	NC	57346	60476	34635	National	false
197993	291100	2911	002911	Bennett College	NC	44644	47081	34635	National	false
198011	798700	7987	007987	Bladen Community College	NC	46043	48556	32616	State	false
198039	968400	9684	009684	Blue Ridge Community College	NC	40879	43110	32616	State	false
198066	291200	2912	002912	Brevard College	NC	41671	43946	34635	National	false
198084	2170700	21707	015285	Brunswick Community College	NC	47006	49572	32616	State	false
198109	647700	6477	015358	Cabarrus College of Health Sciences	NC	62531	65944	32616	State	false
198118	483500	4835	004835	Caldwell Community College and Technical Institute	NC	43377	45745	32616	State	false
198136	291300	2913	002913	Campbell University	NC	63540	67008	32616	State	false
198154	532000	5320	005320	Cape Fear Community College	NC	48346	50985	32616	State	false
198206	808100	8081	008081	Carteret Community College	NC	41388	43647	32616	State	false
198215	291400	2914	002914	Catawba College	NC	49190	51875	32616	State	false
198233	531800	5318	005318	Catawba Valley Community College	NC	44829	47276	32616	State	false
198251	544900	5449	005449	Central Carolina Community College	NC	42844	45183	32616	State	false
198260	291500	2915	002915	Central Piedmont Community College	NC	48441	51085	32616	State	false
198303	291600	2916	002916	Chowan University	NC	43702	46087	34635	National	false
198321	808200	8082	008082	Cleveland Community College	NC	41985	44277	32616	State	false
198330	531600	5316	005316	Coastal Carolina Community College	NC	44018	46421	32616	State	false
198367	679900	6799	008086	Craven Community College	NC	43904	46301	32616	State	false
198376	291900	2919	002919	Davidson-Davie Community College	NC	44533	46964	32616	State	false
198385	291800	2918	002918	Davidson College	NC	72718	76687	34635	National	false
198419	292000	2920	002920	Duke University	NC	115722	122039	34635	National	false
198455	544800	5448	005448	Durham Technical Community College	NC	57868	61027	32616	State	false
198464	292300	2923	002923	East Carolina University	NC	60888	64212	32616	State	false
198491	885500	8855	008855	Edgecombe Community College	NC	46820	49376	32616	State	false
198507	292600	2926	002926	Elizabeth City State University	NC	50194	52934	32616	State	false
198516	292700	2927	002927	Elon University	NC	77800	82047	34635	National	false
198534	764000	7640	007640	Fayetteville Technical Community College	NC	48138	50766	32616	State	false
198543	292800	2928	002928	Fayetteville State University	NC	51687	54508	32616	State	false
198552	531700	5317	005317	Forsyth Technical Community College	NC	48625	51279	32616	State	false
198561	292900	2929	002929	Gardner-Webb University	NC	60516	63819	32616	State	false
198570	297300	2973	002973	Gaston College	NC	45803	48303	32616	State	false
198598	293000	2930	002930	Greensboro College	NC	51898	54731	32616	State	false
198613	293100	2931	002931	Guilford College	NC	50433	53186	32616	State	false
198622	483800	4838	004838	Guilford Technical Community College	NC	44924	47376	32616	State	false
198640	798600	7986	007986	Halifax Community College	NC	45575	48063	32616	State	false
198668	808300	8083	008083	Haywood Community College	NC	41095	43338	32616	State	false
198677	3089300	30893	030893	Heritage Bible College	NC					
198695	293300	2933	002933	High Point University	NC	65028	68578	34635	National	false
198710	293400	2934	002934	Isothermal Community College	NC	40215	42410	32616	State	false
198729	768700	7687	007687	James Sprunt Community College	NC	34297	36169	32616	State	false
198756	293600	2936	002936	Johnson C Smith University	NC	46511	49050	34635	National	false
198774	933600	9336	009336	Johnston Community College	NC	48144	50772	32616	State	false
198808	293900	2939	002939	Lees-McRae College	NC	50979	53762	34635	National	false
198817	294000	2940	002940	Lenoir Community College	NC	48050	50673	32616	State	false
198835	294100	2941	002941	Lenoir-Rhyne University	NC	57711	60861	32616	State	false
198844	1192600	11926	011926	Leons Beauty School Inc	NC	27403	28899	32616	State	true
198862	294200	2942	002942	Livingstone College	NC	37280	39315	34635	National	false
198871	294300	2943	002943	Louisburg College	NC	37222	39254	32616	State	false
198899	294400	2944	002944	Mars Hill University	NC	50256	52999	32616	State	false
198905	798800	7988	007988	Martin Community College	NC	41361	43619	32616	State	false
198914	1119700	11197	011197	Mayland Community College	NC	43484	45858	32616	State	false
198923	808500	8085	008085	McDowell Technical Community College	NC	44664	47102	32616	State	false
198950	294500	2945	002945	Meredith College	NC	54650	57633	32616	State	false
198969	294600	2946	002946	Methodist University	NC	60011	63287	32616	State	false
198978	2306824	23068	E00896	Miller-Motte College-Wilmington	NC	34393	36270	34635	National	false
198987	294700	2947	002947	Mitchell Community College	NC	43465	45838	32616	State	false
199023	808700	8087	008087	Montgomery Community College	NC	41824	44107	32616	State	false
199032	294800	2948	002948	Montreat College	NC	47821	50431	32616	State	false
199069	294900	2949	002949	University of Mount Olive	NC	57606	60750	32616	State	false
199078	2205000	22050	013850	College of Wilmington	NC	27903	29426	32616	State	true
199087	855700	8557	008557	Nash Community College	NC	48139	50767	32616	State	false
199102	290500	2905	002905	North Carolina A & T State University	NC	56996	60107	32616	State	false
199111	290700	2907	002907	University of North Carolina Asheville	NC	45777	48276	32616	State	false
199120	297400	2974	002974	University of North Carolina at Chapel Hill	NC	81033	85456	32616	State	false
199139	297500	2975	002975	University of North Carolina at Charlotte	NC	65370	68938	32616	State	false
199148	297600	2976	002976	University of North Carolina at Greensboro	NC	51594	54410	32616	State	false
199157	295000	2950	002950	North Carolina Central University	NC	50812	53586	32616	State	false
199184	398100	3981	003981	University of North Carolina School of the Arts	NC	42023	44317	34635	National	false
199193	297200	2972	002972	North Carolina State University at Raleigh	NC	75943	80088	32616	State	false
199209	295100	2951	002951	North Carolina Wesleyan University	NC	48447	51091	32616	State	false
199218	298400	2984	002984	University of North Carolina Wilmington	NC	61925	65305	32616	State	false
199263	703100	7031	007031	Pamlico Community College	NC	32918	34715	32616	State	false
199272	295300	2953	002953	William Peace University	NC	51163	53956	32616	State	false
199281	295400	2954	002954	University of North Carolina at Pembroke	NC	49668	52379	32616	State	false
199306	295500	2955	002955	Pfeiffer University	NC	57619	60764	32616	State	false
199324	964600	9646	009646	Piedmont Community College	NC	37251	39284	32616	State	false
199333	406200	4062	004062	Pitt Community College	NC	47389	49976	32616	State	false
199412	295700	2957	002957	Queens University of Charlotte	NC	70176	74007	34635	National	false
199421	544700	5447	005447	Randolph Community College	NC	39546	41705	32616	State	false
199449	546400	5464	005464	Richmond Community College	NC	42771	45106	32616	State	false
199458	2280900	22809	014101	Mid-Atlantic Christian University	NC					
199467	861300	8613	008613	Roanoke-Chowan Community College	NC					
199476	861200	8612	008612	Robeson Community College	NC	46135	48653	32616	State	false
199485	295800	2958	002958	Rockingham Community College	NC	44278	46695	32616	State	false
199494	575400	5754	005754	Rowan-Cabarrus Community College	NC	43916	46313	32616	State	false
199582	296800	2968	002968	Saint Augustine's University	NC	41272	43525	32616	State	false
199607	296000	2960	002960	Salem College	NC	49227	51914	32616	State	false
199625	789200	7892	007892	Sampson Community College	NC	43410	45780	32616	State	false
199634	296100	2961	002961	Sandhills Community College	NC	43952	46351	32616	State	false
199643	296200	2962	002962	Shaw University	NC	44468	46895	32616	State	false
199689	1179904	11799	E40536	Paul Mitchell the School-Fayetteville	NC	27444	28942	34635	National	true
199698	154001	1540	E40905	St. Andrews University	NC	50359	53108	34635	National	false
199722	296400	2964	002964	Southeastern Community College	NC	51895	54728	32616	State	false
199731	846600	8466	008466	Southwestern Community College	NC	45381	47858	32616	State	false
199740	1119400	11194	011194	Stanly Community College	NC	44892	47342	32616	State	false
199759	296300	2963	G02963	Southeastern Baptist Theological Seminary	NC	69450	73241	32616	State	false
199768	297000	2970	002970	Surry Community College	NC	43856	46250	32616	State	false
199786	546300	5463	005463	Alamance Community College	NC	41411	43671	32616	State	false
199795	943000	9430	009430	Tri-County Community College	NC	41132	43377	32616	State	false
199838	990300	9903	009903	Vance-Granville Community College	NC	47633	50233	32616	State	false
199847	297800	2978	002978	Wake Forest University	NC	92943	98016	34635	National	false
199856	484400	4844	004844	Wake Technical Community College	NC	49034	51711	32616	State	false
199865	297900	2979	002979	Warren Wilson College	NC	36684	38686	34635	National	false
199883	648300	6483	006483	Watts College of Nursing	NC	77794	82040	32616	State	false
199892	298000	2980	008216	Wayne Community College	NC	45147	47611	32616	State	false
199908	298200	2982	002982	Western Piedmont Community College	NC	41714	43991	32616	State	false
199926	298300	2983	002983	Wilkes Community College	NC	41911	44199	32616	State	false
199953	484500	4845	004845	Wilson Community College	NC	48262	50896	32616	State	false
199962	298500	2985	002985	Wingate University	NC	58916	62132	32616	State	false
199971	3570300	35703	035703	Carolina Christian College	NC					
199980	3009500	30095	030095	Winston Salem Barber School	NC	16565	17469	32616	State	true
199999	298600	2986	002986	Winston-Salem State University	NC	56396	59474	32616	State	false
200004	298100	2981	002981	Western Carolina University	NC	54667	57651	32616	State	false
200013	869408	8694	004846	Rasmussen University-North Dakota	ND	59996	63271	34635	National	false
200022	298800	2988	002988	Bismarck State College	ND	65276	68839	36955	State	false
200059	298900	2989	002989	Dickinson State University	ND	59571	62823	34635	National	false
200086	2553700	25537	015536	Nueta Hidatsa Sahnish College	ND					
200110	1040600	10406	010406	Josef's School of Hair Skin & Body-Grand Forks	ND	33735	35576	36955	State	true
200156	299000	2990	002990	University of Jamestown	ND	59388	62630	34635	National	false
200192	299100	2991	002991	Lake Region State College	ND	60667	63979	36955	State	false
200208	2236500	22365	015793	Cankdeska Cikana Community College	ND					
200217	299200	2992	002992	University of Mary	ND	65398	68968	34635	National	false
200226	299300	2993	002993	Mayville State University	ND	54027	56976	36955	State	false
200253	299400	2994	002994	Minot State University	ND	56408	59487	36955	State	false
200280	300500	3005	003005	University of North Dakota	ND	69563	73360	34635	National	false
200305	299600	2996	002996	North Dakota State College of Science	ND	60587	63894	36955	State	false
200314	299500	2995	002995	Dakota College at Bottineau	ND	57933	61095	36955	State	false
200332	299700	2997	002997	North Dakota State University-Main Campus	ND	67679	71373	34635	National	false
200341	300700	3007	003007	Williston State College	ND	54746	57734	36955	State	false
200466	2188200	21882	014993	Sitting Bull College	ND	39240	41382	34635	National	false
200484	1205900	12059	012059	Trinity Bible College and Graduate School	ND	42326	44636	34635	National	false
200527	2301100	23011	009450	Turtle Mountain Community College	ND					
200554	2242900	22429	014470	United Tribes Technical College	ND	34923	36829	36955	State	true
200572	300800	3008	003008	Valley City State University	ND	52034	54874	36955	State	false
200590	3079000	30790	030790	ETI Technical College of Niles	OH	41164	43411	33962	State	false
200697	300900	3009		Air Force Institute of Technology-Graduate School of Engineering & Management	OH					
200785	962105	9621	009621	Herzing University-Akron	OH	58575	61772	34635	National	false
200800	312300	3123	003123	University of Akron Main Campus	OH	62809	66237	33962	State	false
200846	312301	3123	003123	University of Akron Wayne College	OH	62809	66237	33962	State	false
200873	3457300	34573	034573	Allegheny Wesleyan College	OH					
201034	2562300	25623	017290	Apollo Career Center	OH	46663	49210	33962	State	false
201061	301100	3011	003011	Art Academy of Cincinnati	OH	35735	37686	33962	State	false
201098	3117000	31170	031170	Ashland County-West Holmes Career Center	OH	32931	34729	33962	State	false
201104	301200	3012	003012	Ashland University	OH	59855	63122	33962	State	false
201131	2187900	21879	015449	Ashtabula County Technical and Career Campus	OH	47950	50567	33962	State	false
201140	301300	3013	003013	Athenaeum of Ohio	OH					
201159	3051400	30514	030514	Auburn Career Center	OH	48563	51214	33962	State	false
201177	648700	6487	006487	Aultman College of Nursing and Health Sciences	OH	72441	76395	33962	State	false
201195	301400	3014	003014	Baldwin Wallace University	OH	59094	62320	33962	State	false
201283	994100	9941	009941	Belmont College	OH	49749	52465	33962	State	false
201371	301600	3016	003016	Bluffton University	OH	49053	51731	33962	State	false
201432	301801	3018	007856	Bowling Green State University-Firelands	OH	54998	58000	33962	State	false
201441	301800	3018	003018	Bowling Green State University-Main Campus	OH	54998	58000	33962	State	false
201469	267808	2678	015298	Bryant & Stratton College-Parma	OH	43374	45742	34635	National	false
201478	2073300	20733	014071	Buckeye Hills Career Center	OH	42114	44413	33962	State	false
201496	2192100	21921	015492	Butler Technology and Career Development Schools	OH	59443	62688	33962	State	false
201539	2140700	21407	015029	Canton City Schools Adult Career and Technical Education	OH	43966	46366	33962	State	false
201548	302300	3023	003023	Capital University	OH	59121	62348	33962	State	false
201645	302400	3024	003137	Case Western Reserve University	OH	94237	99381	34635	National	false
201654	302500	3025	003025	Cedarville University	OH	60679	63991	34635	National	false
201672	1104600	11046	011046	Central Ohio Technical College	OH	59751	63013	33962	State	false
201681	1224800	12248	012248	Central School of Practical Nursing	OH	53902	56844	33962	State	false
201690	302600	3026	003026	Central State University	OH	42843	45182	33962	State	false
201803	747300	7473	007473	Choffin Career  and Technical Center	OH	45297	47770	33962	State	false
201821	648900	6489	006489	The Christ College of Nursing and Health Sciences	OH	74804	78887	33962	State	false
201867	1090600	10906	010906	Cincinnati College of Mortuary Science	OH	52859	55744	33962	State	false
201885	312500	3125	003125	University of Cincinnati-Main Campus	OH	72188	76128	33962	State	false
201928	1034500	10345	010345	Cincinnati State Technical and Community College	OH	59235	62468	33962	State	false
201946	312501	3125	010805	University of Cincinnati-Clermont College	OH	72188	76128	33962	State	false
201955	312502	3125	004868	University of Cincinnati-Blue Ash College	OH	72188	76128	33962	State	false
201964	303000	3030	003030	Ohio Christian University	OH	49508	52210	33962	State	false
201973	485200	4852	004852	Clark State College	OH	50997	53781	33962	State	false
202046	398200	3982	003982	Cleveland Institute of Art	OH	41829	44112	33962	State	false
202073	303100	3031	003031	Cleveland Institute of Music	OH	37132	39159	34635	National	false
202134	303200	3032	003032	Cleveland State University	OH	61322	64669	33962	State	false
202152	2272700	22727	016039	Columbiana County Career and Technical Center	OH	44588	47022	33962	State	false
202170	303900	3039	003039	Columbus College of Art & Design	OH	41994	44286	33962	State	false
202222	686700	6867	006867	Columbus State Community College	OH	52681	55557	33962	State	false
202356	304000	3040	003040	Cuyahoga Community College District	OH	49698	52411	33962	State	false
202435	485500	4855	004855	Davis College	OH	36978	38996	33962	State	false
202453	3116200	31162	031162	Dayton Barber College	OH					
202480	312700	3127	003127	University of Dayton	OH	78870	83175	33962	State	false
202514	304100	3041	003041	Defiance College	OH	46468	49004	33962	State	false
202523	304200	3042	003042	Denison University	OH	62838	66268	34635	National	false
202648	1275000	12750	012750	Edison State Community College	OH	53413	56329	33962	State	false
202657	3015300	30153	030153	EHOVE Career Center	OH	50326	53073	33962	State	false
202763	304500	3045	003045	The University of Findlay	OH	60876	64199	33962	State	false
202806	304600	3046	003046	Franklin University	OH	68805	72561	33962	State	false
202888	953000	9530	009530	Gerbers Akron Beauty School	OH	18127	19116	33962	State	true
202903	2220500	22205	015691	Gods Bible School and College	OH	32729	34516	34635	National	true
202912	649400	6494	006494	Good Samaritan College of Nursing and Health Science	OH	75464	79583	33962	State	false
202949	2117300	21173	014694	Great Oaks Career Campuses	OH	52299	55154	33962	State	false
202985	1032300	10323	010323	Hannah E Mullins School of Practical Nursing	OH	52364	55222	33962	State	false
203030	812900	8129	015235	Adult and Community Education-Hudson	OH	60181	63466	33962	State	false
203067	405400	4054	G04054	Hebrew Union College-Jewish Institute of Religion	NY					
203085	304800	3048	003048	Heidelberg University	OH	52647	55521	33962	State	false
203128	304900	3049	003049	Hiram College	OH	52304	55159	33962	State	false
203146	1099300	10993	016522	Hobart Institute of Welding Technology	OH	59953	63226	33962	State	false
203155	759800	7598	007598	Hocking College	OH	44764	47207	33962	State	false
203234	2246300	22463	022463	Ross Medical Education Center-Cincinnati	OH	32978	34778	34635	National	false
203368	305000	3050	003050	John Carroll University	OH	67580	71269	33962	State	false
203386	4074300	40743	040743	Hondros College of Nursing	OH	68894	72655	33962	State	false
203438	2560000	25600	017193	Casal Aveda Institute	OH	22484	23711	33962	State	true
203447	305105	3051	003052	Kent State University at Ashtabula	OH	56839	59942	33962	State	false
203456	305106	3051	003056	Kent State University at East Liverpool	OH	56839	59942	33962	State	false
203465	305102	3051	003054	Kent State University at Stark	OH	56839	59942	33962	State	false
203474	305104	3051	003064	Kent State University at Trumbull	OH	56839	59942	33962	State	false
203483	305103	3051	003062	Kent State University at Tuscarawas	OH	56839	59942	33962	State	false
203492	305107	3051	003061	Kent State University at Salem	OH	56839	59942	33962	State	false
203517	305100	3051	003051	Kent State University at Kent	OH	56839	59942	33962	State	false
203526	305101	3051	003059	Kent State University at Geauga	OH	56839	59942	33962	State	false
203535	306500	3065	003065	Kenyon College	OH	57786	60940	34635	National	false
203544	703500	7035	007035	Kettering College	OH	80027	84395	33962	State	false
203580	306600	3066	003066	Lake Erie College	OH	57903	61064	33962	State	false
203599	680400	6804	006804	Lakeland Community College	OH	52591	55462	33962	State	false
203614	2196300	21963	015524	Collins Career Technical Center	OH	51897	54730	34635	National	false
203678	1002700	10027	010027	James A. Rhodes State College	OH	57771	60924	33962	State	false
203720	2158500	21585	015153	Ohio Business College-Sheffield	OH	31144	32844	33962	State	true
203739	2158501	21585	E00686	Ohio Business College-Sandusky	OH	31144	32844	33962	State	true
203748	306800	3068	003068	Lorain County Community College	OH	52814	55697	33962	State	false
203757	306900	3069	003069	Lourdes University	OH	55959	59014	33962	State	false
203775	307200	3072	003072	Malone University	OH	51485	54295	33962	State	false
203845	307300	3073	003073	Marietta College	OH	64527	68049	33962	State	false
203881	1073600	10736	010736	Marion Technical College	OH	50593	53355	33962	State	false
203942	2210800	22108	015612	Medina County Career Center	OH	40269	42467	33962	State	false
203960	3097000	30970	030970	Mercy College of Ohio	OH	71303	75195	33962	State	false
203997	307500	3075	G03075	Methodist Theological School in Ohio	OH					
204006	307702	3077	003079	Miami University-Hamilton	OH	70785	74649	33962	State	false
204015	307701	3077	003080	Miami University-Middletown	OH	70785	74649	33962	State	false
204024	307700	3077	003077	Miami University-Oxford	OH	70785	74649	33962	State	false
204121	1284800	12848	012848	Moler Hollywood Beauty Academy	OH					
204158	2263700	22637	015980	Miami Valley Career Technology Center	OH	54818	57810	33962	State	false
204176	3071900	30719	030719	Mount Carmel College of Nursing	OH	79807	84163	33962	State	false
204185	308300	3083	003083	University of Mount Union	OH	57955	61118	33962	State	false
204194	708500	7085	007085	Mount Vernon Nazarene University	OH	53516	56437	33962	State	false
204200	303300	3033	003033	Mount St. Joseph University	OH	61602	64965	33962	State	false
204255	813300	8133	008133	Zane State College	OH	41949	44239	33962	State	false
204264	308400	3084	003084	Muskingum University	OH	50429	53182	33962	State	false
204334	1174400	11744	011744	National Beauty College	OH	22026	23228	33962	State	true
204422	531300	5313	005313	North Central State College	OH	53401	56316	33962	State	false
204431	1063000	10630	010630	Northern Institute of Cosmetology	OH					
204440	867700	8677	008677	Northwest State Community College	OH	50785	53557	33962	State	false
204459	813200	8132	015957	Toledo Public Schools Adult and Continuing Education	OH	40977	43214	33962	State	false
204477	2454400	24544	G24544	Northeast Ohio Medical University	OH					
204486	486100	4861	004861	University of Northwestern Ohio	OH	56340	59415	34635	National	false
204501	308600	3086	003086	Oberlin College	OH	51715	54538	34635	National	false
204608	1174500	11745	011745	Ohio Technical College	OH	50776	53548	34635	National	false
204617	303500	3035	003035	Ohio Dominican University	OH	61640	65005	33962	State	false
204635	308900	3089	003089	Ohio Northern University	OH	72080	76015	33962	State	false
204662	309005	3090	003090	Ohio State University Agricultural Technical Institute	OH	70682	74540	33962	State	false
204671	309001	3090	003090	Ohio State University-Lima Campus	OH	70682	74540	33962	State	false
204680	309002	3090	003090	Ohio State University-Mansfield Campus	OH	70682	74540	33962	State	false
204699	309003	3090	003090	Ohio State University-Marion Campus	OH	70682	74540	33962	State	false
204705	309004	3090	003090	Ohio State University-Newark Campus	OH	70682	74540	33962	State	false
204714	1028000	10280	010280	Ohio State Beauty Academy	OH	24533	25872	33962	State	true
204723	2066100	20661	013904	Ohio State College of Barber Styling	OH	20890	22030	33962	State	true
204769	953100	9531	009531	The Spa School	OH	24318	25645	33962	State	true
204778	2519300	25193	013509	Ohio State School of Cosmetology-Canal Winchester	OH	37467	39512	33962	State	false
204796	309000	3090	003090	Ohio State University-Main Campus	OH	70682	74540	33962	State	false
204802	310006	3100	003101	Ohio University-Eastern Campus	OH	70528	74378	33962	State	false
204820	310005	3100	003102	Ohio University-Chillicothe Campus	OH	70528	74378	33962	State	false
204839	310004	3100	003103	Ohio University-Southern Campus	OH	70528	74378	33962	State	false
204848	310003	3100	003104	Ohio University-Lancaster Campus	OH	70528	74378	33962	State	false
204857	310000	3100	003100	Ohio University-Main Campus	OH	70528	74378	33962	State	false
204866	310002	3100	003108	Ohio University-Zanesville Campus	OH	70528	74378	33962	State	false
204884	2301400	23014	016261	East Ohio College	OH	38902	41025	33962	State	false
204893	650700	6507	006507	Trinity Health System School of Nursing	OH	76763	80953	33962	State	false
204909	310900	3109	003109	Ohio Wesleyan University	OH	54483	57457	33962	State	false
204936	311000	3110	003110	Otterbein University	OH	58068	61238	33962	State	false
204945	575300	5753	005753	Owens Community College	OH	55401	58425	33962	State	false
204963	3100100	31001	031001	Paramount Beauty Academy	OH	17490	18445	33962	State	true
204981	2336700	23367	016576	Cuyahoga Valley Career Center	OH	62493	65904	33962	State	false
204990	1001700	10017	010017	Payne Theological Seminary	OH					
205027	311300	3113	003113	Pontifical College Josephinum	OH					
205054	2337700	23377	016568	Professional Skills Institute	OH	46919	49480	33962	State	false
205090	311400	3114	003114	Firelands Regional Medical Center School of Nursing	OH	70617	74472	33962	State	false
205124	311500	3115	003115	Rabbinical College Telshe	OH					
205142	2287900	22879	014338	Raphael's School of Beauty Culture Inc-Niles	OH	19698	20773	33962	State	true
205179	2190700	21907	012267	Fortis College-Centerville	OH	51591	54407	34635	National	false
205203	311600	3116	003116	University of Rio Grande	OH	51840	54670	33962	State	false
205391	2553000	25530	017160	The Modern College of Design	OH	44495	46924	33962	State	false
205443	994200	9942	009942	Shawnee State University	OH	50129	52865	33962	State	false
205470	311900	3119	003119	Sinclair Community College	OH	48980	51654	33962	State	false
205841	1088100	10881	011141	Stark State College	OH	49440	52139	33962	State	false
205887	486600	4866	004866	Stautzenberger College-Maumee	OH	37799	39862	34635	National	false
205957	303600	3036	003036	Franciscan University of Steubenville	OH	49762	52478	34635	National	false
205966	1287000	12870	012870	Southern State Community College	OH	48360	51000	33962	State	false
206011	827800	8278	008278	Terra State Community College	OH	48710	51369	33962	State	false
206039	966000	9660	009660	Tiffin Academy of Hair Design	OH	27089	28568	33962	State	true
206048	312100	3121	003121	Tiffin University	OH	63797	67279	33962	State	false
206084	313100	3131	003131	University of Toledo	OH	66084	69691	33962	State	false
206154	3475400	34754	034754	Tri-State Bible College	OH					
206172	2168100	21681	015232	Tri-County Adult Career Center	OH	35511	37449	33962	State	false
206181	2304700	23047	015194	Tri-Rivers Career Center	OH	56948	60057	33962	State	false
206288	312200	3122	G03122	United Theological Seminary	OH					
206321	2116900	21169	014058	Upper Valley Career Center	OH	49310	52002	33962	State	false
206349	313400	3134	003134	Ursuline College	OH	73605	77623	33962	State	false
206437	313500	3135	003135	Walsh University	OH	63410	66871	33962	State	false
206446	1045300	10453	010453	Washington State College of Ohio	OH	45609	48099	33962	State	false
206491	314100	3141	003141	Wilberforce University	OH	45958	48467	33962	State	false
206507	314200	3142	003142	Wilmington College	OH	52364	55222	33962	State	false
206516	406000	4060	G04060	Winebrenner Theological Seminary	OH					
206525	314300	3143	003143	Wittenberg University	OH	54622	57604	33962	State	false
206589	303700	3037	003037	The College of Wooster	OH	57840	60997	34635	National	false
206604	307800	3078	003078	Wright State University-Main Campus	OH	62601	66018	33962	State	false
206613	307801	3078	009169	Wright State University-Lake Campus	OH	62601	66018	33962	State	false
206622	314400	3144	003144	Xavier University	OH	71477	75379	34635	National	false
206695	314500	3145	003145	Youngstown State University	OH	56047	59106	33962	State	false
206835	315100	3151	003151	Oklahoma Wesleyan University	OK	62310	65711	34635	National	false
206862	314900	3149	003149	Southern Nazarene University	OK	60691	64004	32616	State	false
206905	2597400	25974	025974	Pontotoc Technology Center	OK	54779	57769	32616	State	false
206914	315000	3150	003150	Cameron University	OK	48413	51056	32616	State	false
206923	317600	3176	003176	Carl Albert State College	OK	41241	43492	32616	State	false
206932	2238500	22385	015792	Central Oklahoma College	OK	28521	30078	32616	State	true
206941	315200	3152	003152	University of Central Oklahoma	OK	54402	57372	32616	State	false
206996	315300	3153	003153	Connors State College	OK	48055	50678	32616	State	false
207041	315400	3154	003154	East Central University	OK	53649	56577	32616	State	false
207050	315500	3155	003155	Eastern Oklahoma State College	OK	42926	45269	32616	State	false
207069	315600	3156	003156	Redlands Community College	OK	54174	57131	32616	State	false
207087	2126500	21265	013879	Formations Institute	OK	17405	18355	32616	State	true
207102	970800	9708	009708	Eves College of Hairstyling	OK	21810	23001	32616	State	true
207157	1026600	10266	010266	Randall University	OK	44913	47365	32616	State	false
207209	315700	3157	003157	Langston University	OK	49961	52688	32616	State	false
207236	315800	3158	003158	Murray State College	OK	49179	51863	32616	State	false
207254	767800	7678	007678	Spartan College of Aeronautics and Technology	OK	59016	62237	34635	National	false
207263	316100	3161	003161	Northeastern State University	OK	50752	53522	32616	State	false
207281	316200	3162	003162	Northern Oklahoma College	OK	42753	45087	32616	State	false
207290	316000	3160	003160	Northeastern Oklahoma A&M College	OK	45840	48342	32616	State	false
207306	316300	3163	003163	Northwestern Oklahoma State University	OK	51228	54024	32616	State	false
207315	1128200	11282	G11282	Oklahoma State University Center for Health Sciences	OK					
207324	316500	3165	003165	Oklahoma Christian University	OK	67575	71264	32616	State	false
207342	318401	3184	005889	University of Oklahoma-Health Sciences Center	OK	73280	77280	34635	National	false
207351	317400	3174	003174	Oklahoma Panhandle State University	OK	56708	59803	32616	State	false
207388	317000	3170	003170	Oklahoma State University-Main Campus	OK	65492	69067	32616	State	false
207397	964700	9647	009647	Oklahoma State University-Oklahoma City	OK	55147	58157	32616	State	false
207403	316400	3164	003164	Oklahoma Baptist University	OK	49999	52728	32616	State	false
207449	1039100	10391	010391	Oklahoma City Community College	OK	51737	54561	32616	State	false
207458	316600	3166	003166	Oklahoma City University	OK	64450	67968	34635	National	false
207500	318400	3184	003184	University of Oklahoma-Norman Campus	OK	73280	77280	34635	National	false
207564	317200	3172	003172	Oklahoma State University Institute of Technology	OK	65328	68894	32616	State	false
207582	398500	3985	003985	Oral Roberts University	OK	54666	57650	34635	National	false
207661	316800	3168	003168	Rogers State University	OK	53237	56143	32616	State	false
207670	918500	9185	009185	Rose State College	OK	53127	56027	32616	State	false
207704	2184400	21844	015428	Jenks Beauty College	OK					
207722	316700	3167	003167	University of Science and Arts of Oklahoma	OK	42786	45121	32616	State	false
207740	317800	3178	003178	Seminole State College	OK	41118	43362	32616	State	false
207786	3103800	31038	031038	Southern School of Beauty Inc	OK	21703	22888	32616	State	true
207847	317900	3179	003179	Southeastern Oklahoma State University	OK	56329	59404	32616	State	false
207856	318000	3180	003180	Southwestern Christian University	OK	45678	48171	32616	State	false
207865	318100	3181	003181	Southwestern Oklahoma State University	OK	57954	61117	32616	State	false
207935	976300	9763	009763	Tulsa Community College	OK	50755	53525	32616	State	false
207962	961800	9618	015733	Tulsa Welding School-Tulsa	OK	47453	50043	34635	National	false
207971	318500	3185	003185	University of Tulsa	OK	79396	83730	32616	State	false
208035	314600	3146	003146	Western Oklahoma State College	OK	48797	51461	32616	State	false
208044	2531200	25312	016979	Formations Institute of Cosmetology & Barbering	OK	15696	16553	32616	State	true
208053	2282100	22821	016118	High Plains Technology Center	OK	41154	43400	32616	State	false
208275	318600	3186	003186	Blue Mountain Community College	OR	49347	52041	35320	State	false
208318	318800	3188	003188	Central Oregon Community College	OR	50974	53756	35320	State	false
208390	321800	3218	003218	Chemeketa Community College	OR	50594	53356	35320	State	false
208406	487800	4878	004878	Clackamas Community College	OR	54462	57435	35320	State	false
208415	318900	3189	003189	Clatsop Community College	OR	48572	51223	35320	State	false
208433	2337900	23379	016618	College of Hair Design Careers	OR	30379	32037	35320	State	true
208479	888700	8887	015510	Concorde Career College-Portland	OR	47190	49766	35320	State	false
208512	2104900	21049	014581	Sumner College	OR	74014	78054	35320	State	false
208637	3074500	30745	030745	East West College of the Healing Arts	OR	33144	34953	35320	State	true
208646	319300	3193	003193	Eastern Oregon University	OR	55565	58598	35320	State	false
208725	2159700	21597	015167	New Hope Christian College-Eugene	OR	35230	37153	35320	State	false
208822	319400	3194	003194	George Fox University	OR	69145	72919	35320	State	false
208859	3185300	31853	031853	Phagans Grants Pass College of Beauty	OR	21979	23179	35320	State	true
209038	319600	3196	003196	Lane Community College	OR	59131	62359	35320	State	false
209056	319700	3197	003197	Lewis & Clark College	OR	57262	60388	34635	National	false
209065	319800	3198	003198	Linfield University	OR	81180	85611	35320	State	false
209074	693800	6938	006938	Linn-Benton Community College	OR	48548	51198	35320	State	false
209083	2101002	21010	017143	Northwest College-Beaverton	OR	30364	32021	35320	State	true
209153	1012200	10122	010122	Phagans Medford Beauty School	OR	26317	27754	35320	State	true
209205	2101000	21010	014351	Northwest College-Clackamas	OR	30364	32021	35320	State	true
209241	320300	3203	003203	Mount Angel Seminary	OR					
209250	320400	3204	003204	Mt Hood Community College	OR	52184	55032	35320	State	false
209296	2534000	25340	B07624	National University of Natural Medicine	OR	31660	33388	35320	State	true
209409	320800	3208	003208	Bushnell University	OR	59969	63242	35320	State	false
209490	488200	4882	004883	Oregon Health & Science University	OR	110300	116321	35320	State	false
209506	321100	3211	003211	Oregon Institute of Technology	OR	87138	91894	35320	State	false
209542	321000	3210	003210	Oregon State University	OR	71799	75718	35320	State	false
209551	322300	3223	003223	University of Oregon	OR	62174	65568	34635	National	false
209603	320700	3207	003207	Pacific Northwest College of Art	OR					
209612	321200	3212	003212	Pacific University	OR	62363	65767	34635	National	false
209667	1234800	12348	012348	Phagans Beauty College	OR	27007	28481	35320	State	true
209676	1234700	12347	012347	Phagans Central Oregon Beauty College	OR	26212	27643	35320	State	true
209694	1235100	12351	012351	Phagans School of Beauty	OR	31773	33507	35320	State	true
209700	1235000	12350	012350	Phagans School of Hair Design	OR	32927	34724	35320	State	true
209719	1300800	13008	013130	Summit Salon Academy-Portland	OR	29460	31068	35320	State	true
209746	321300	3213	003213	Portland Community College	OR	55238	58253	35320	State	false
209807	321600	3216	003216	Portland State University	OR	62060	65448	35320	State	false
209825	322400	3224	003224	University of Portland	OR	80459	84851	34635	National	false
209922	321700	3217	003217	Reed College	OR	44518	46948	34635	National	false
209940	1018200	10182	010071	Rogue Community College	OR	46107	48624	35320	State	false
210146	321900	3219	003219	Southern Oregon University	OR	52911	55799	35320	State	false
210155	322000	3220	003220	Southwestern Oregon Community College	OR	48012	50633	35320	State	false
210234	322100	3221	003221	Treasure Valley Community College	OR	45354	47830	34635	National	false
210270	322200	3222	003222	Umpqua Community College	OR	46257	48782	35320	State	false
210304	322500	3225	003225	Warner Pacific University	OR	65093	68646	35320	State	false
210331	133900	1339	001339	Corban University	OR	48593	51245	35320	State	false
210368	717800	7178	G07178	Western Seminary	OR					
210401	322700	3227	003227	Willamette University	OR	54450	57422	34635	National	false
210429	320900	3209	003209	Western Oregon University	OR	54346	57312	35320	State	false
210438	1230900	12309	012309	University of Western States	OR	57165	60285	35320	State	false
210492	322800	3228	003228	Bryn Athyn College of the New Church	PA	46074	48589	35008	State	false
210508	3353300	33533	G33533	Academy of Vocal Arts	PA					
210571	322900	3229	003229	Albright College	PA	57502	60641	35008	State	false
210599	2495500	24955	017218	All-State Career School	PA	48534	51183	35008	State	false
210605	323100	3231	003231	Community College of Allegheny County	PA	54519	57495	35008	State	false
210669	323000	3230	003230	Allegheny College	PA	56294	59367	35008	State	false
210711	2144000	21440	014997	The  Beauty Institute	PA	24175	25495	35008	State	true
210739	398600	3986	003986	DeSales University	PA	74078	78122	35008	State	false
210748	2290400	22904	016163	Altoona Beauty School Inc	PA	25890	27303	35008	State	true
210775	323300	3233	003233	Alvernia University	PA	67275	70947	35008	State	false
210784	2206200	22062	015603	The Beauty Institute-Ambler	PA	30630	32302	35008	State	true
210809	3317300	33173		American College of Financial Services	PA					
211006	1162100	11621	011621	Automotive Training Center-Exton	PA	50826	53600	35008	State	false
211079	680700	6807	006807	Community College of Beaver County	PA	56347	59423	35008	State	false
211088	323500	3235	003235	Arcadia University	PA	60044	63322	35008	State	false
211130	2323000	23230	G23230	Missio Theological Seminary	PA					
211273	323700	3237	003237	Bryn Mawr College	PA	57476	60613	34635	National	false
211291	323800	3238	003238	Bucknell University	PA	96035	101277	34635	National	false
211307	323900	3239	003239	Bucks County Community College	PA	52637	55510	35008	State	false
211316	2270500	22705	016563	Bucks County School of Beauty Culture Inc	PA	31863	33602	35008	State	true
211334	2544300	25443	017146	Butler Beauty Academy	PA	26227	27659	35008	State	true
211343	324000	3240	003240	Butler County Community College	PA	45728	48224	35008	State	false
211431	330300	3303	003303	Carlow University	PA	67381	71059	35008	State	false
211440	324200	3242	003242	Carnegie Mellon University	PA	132971	140229	34635	National	false
211468	324300	3243	003243	Cedar Crest College	PA	67546	71233	35008	State	false
211477	489000	4890	004890	Central Penn College	PA	52318	55174	35008	State	false
211556	324400	3244	003244	Chatham University	PA	65078	68630	35008	State	false
211583	324500	3245	003245	Chestnut Hill College	PA	55964	59019	35008	State	false
211608	331700	3317	003317	Cheyney University of Pennsylvania	PA	49989	52718	35008	State	false
211635	653400	6534	006534	Citizens School of Nursing	PA	70711	74571	35008	State	false
211802	653700	6537	006537	DLP Conemaugh Memorial Medical Center	PA	72928	76909	35008	State	false
211893	325100	3251	003251	Curtis Institute of Music	PA	20026	21119	34635	National	true
211927	711000	7110	007110	Delaware County Community College	PA	56647	59739	35008	State	false
211981	325200	3252	003252	Delaware Valley University	PA	54681	57666	35008	State	false
212009	325300	3253	003253	Dickinson College	PA	67139	70804	34635	National	false
212045	2068300	20683	013957	Douglas Education Center	PA	32917	34714	35008	State	true
212054	325600	3256	003256	Drexel University	PA	91041	96010	35008	State	false
212106	325800	3258	003258	Duquesne University	PA	74665	78741	35008	State	false
212115	332000	3320	003320	East Stroudsburg University of Pennsylvania	PA	56971	60081	35008	State	false
212133	325900	3259	003259	Eastern University	PA	54681	57666	35008	State	false
212197	326200	3262	003262	Elizabethtown College	PA	66236	69852	35008	State	false
212230	817806	8178	008178	Empire Beauty School-Lebanon	PA	26668	28124	34635	National	true
212267	1054205	10542	010542	Empire Beauty School-York	PA	27559	29063	34635	National	true
212276	966408	9664	009664	Empire Beauty School-Lancaster	PA	26908	28377	34635	National	true
212294	966411	9664	009664	Empire Beauty School-Shamokin Dam	PA	26908	28377	34635	National	true
212300	1260600	12606	012606	Empire Beauty School-Pottsville	PA	26762	28223	34635	National	true
212328	966400	9664	009664	Empire Beauty  School-Lehigh Valley	PA	26908	28377	34635	National	true
212337	1260601	12606	012606	Empire Beauty School-Gwinnett	GA	26762	28223	34635	National	true
212355	1054200	10542	010542	Empire Beauty School-Wyoming Valley	PA	27559	29063	34635	National	true
212382	817803	8178	008178	Empire Beauty School-Harrisburg	PA	26668	28124	34635	National	true
212391	1054203	10542	010542	Empire Beauty School-Reading	PA	27559	29063	34635	National	true
212434	2203900	22039	014695	Erie Institute of Technology Inc	PA	48489	51136	35008	State	false
212577	326500	3265	003265	Franklin and Marshall College	PA	74391	78452	34635	National	false
212601	326600	3266	003266	Gannon University	PA	65497	69072	35008	State	false
212656	326700	3267	003267	Geneva College	PA	53795	56731	35008	State	false
212674	326800	3268	003268	Gettysburg College	PA	72658	76624	34635	National	false
212753	2079400	20794	014150	Empire Beauty School-NE Philadelphia	PA	25392	26778	34635	National	true
212771	405800	4058	004058	Gratz College	PA					
212805	326900	3269	G03269	Grove City College	PA	45058	47517	34635	National	false
212832	327000	3270	003270	Gwynedd Mercy University	PA	89170	94037	35008	State	false
212869	327200	3272	003272	Harcum College	PA	47904	50519	35008	State	false
212878	327300	3273	003273	Harrisburg Area Community College	PA	54031	56980	35008	State	false
212911	327400	3274	003274	Haverford College	PA	64523	68045	34635	National	false
212975	2536600	25366	017034	Commonwealth Technical Institute	PA	25166	26540	35008	State	true
212984	327500	3275	003275	Holy Family University	PA	82892	87417	35008	State	false
213011	327600	3276	003276	Immaculata University	PA	72836	76812	35008	State	false
213020	327700	3277	003277	Indiana University of Pennsylvania-Main Campus	PA	57450	60586	35008	State	false
213163	820000	8200	008200	UPMC Jameson School of Nursing	PA	71301	75193	35008	State	false
213181	2112200	21122	014820	Great Lakes Institute of Technology	PA	32970	34770	35008	State	true
213233	2114200	21142	014734	Johnson College	PA	51602	54419	35008	State	false
213251	327900	3279	003279	Juniata College	PA	55079	58085	35008	State	false
213303	328000	3280	003280	Keystone College	PA	46043	48556	35008	State	false
213321	328200	3282	003282	King's College	PA	67122	70786	35008	State	false
213330	2544302	25443	017146	Butler Beauty Academy-Kittanning Beauty Academy	PA	26227	27659	35008	State	true
213349	332200	3322	003322	Kutztown University of Pennsylvania	PA	55608	58643	35008	State	false
213358	398700	3987	003987	La Roche University	PA	57880	61039	35008	State	false
213367	328700	3287	003287	La Salle University	PA	70254	74089	35008	State	false
213376	328300	3283	003283	Lackawanna College	PA	45609	48099	35008	State	false
213385	328400	3284	003284	Lafayette College	PA	91758	96767	34635	National	false
213400	328500	3285	003285	Lancaster Bible College	PA	44774	47218	35008	State	false
213446	328600	3286	G03286	Lancaster Theological Seminary	PA					
213455	2212700	22127	015630	Lancaster School of Cosmetology & Therapeutic Bodywork	PA	34264	36134	35008	State	false
213473	777900	7779	007779	Lansdale School of Business	PA	37351	39390	35008	State	false
213491	2292700	22927	016197	Lansdale School of Cosmetology Inc	PA					
213507	328800	3288	003288	Lebanon Valley College	PA	63570	67040	35008	State	false
213525	681000	6810	006810	Lehigh Carbon Community College	PA	50125	52861	35008	State	false
213534	2306828	23068	017149	Miller-Motte College-Berks Technical Institute	PA	34393	36270	34635	National	false
213543	328900	3289	003289	Lehigh University	PA	101748	107302	34635	National	false
213570	730308	7303	007759	Lincoln Technical Institute-Allentown	PA	47136	49709	34635	National	false
213589	730305	7303	007832	Lincoln Technical Institute-Philadelphia	PA	47136	49709	34635	National	false
213598	329000	3290	003290	Lincoln University	PA	50871	53648	34635	National	false
213622	655100	6551	006551	UPMC St. Margaret School of Nursing	PA	73061	77049	35008	State	false
213631	329100	3291	G03291	United Lutheran Seminary	PA					
213659	681100	6811	006811	Luzerne County Community College	PA	49521	52224	35008	State	false
213668	329300	3293	003293	Lycoming College	PA	57353	60484	35008	State	false
213774	329400	3294	003294	Manor College	PA	50232	52974	35008	State	false
213826	329600	3296	003296	Marywood University	PA	60125	63407	35008	State	false
213914	856800	8568	008568	Vet Tech Institute	PA	38728	40842	35008	State	false
213932	1321400	13214	013124	Roxborough Memorial Hospital School of Nursing	PA	97655	102986	35008	State	false
213987	329700	3297	003297	Mercyhurst University	PA	57293	60420	35008	State	false
213996	329800	3298	003298	Messiah University	PA	58620	61820	35008	State	false
214023	3109100	31091	031091	ASPIRA City College	PA					
214041	332500	3325	003325	Millersville University of Pennsylvania	PA	57515	60654	35008	State	false
214069	324700	3247	003247	Misericordia University	PA	69973	73792	35008	State	false
214111	445200	4452	004452	Montgomery County Community College	PA	53324	56235	35008	State	false
214148	330000	3300	003300	Moore College of Art and Design	PA	42582	44906	34635	National	false
214157	330100	3301	003301	Moravian University	PA	67097	70760	35008	State	false
214166	330200	3302	003302	Mount Aloysius College	PA	62211	65607	35008	State	false
214175	330400	3304	003304	Muhlenberg College	PA	65650	69234	34635	National	false
214272	398800	3988	003988	Neumann University	PA	72633	76598	35008	State	false
214290	778000	7780	007780	New Castle School of Trades	PA	50940	53721	34635	National	false
214379	719100	7191	007191	Northampton County Area Community College	PA	49408	52105	35008	State	false
214476	656000	6560	006560	Heritage Valley Health System School of Nursing	PA	72712	76681	35008	State	false
214528	2183000	21830	015427	Orleans Technical College	PA	48804	51468	35008	State	false
214564	331100	3311	003256	Salus University	PA					
214582	1099800	10998	010998	Pennsylvania Institute of Technology	PA	50857	53633	35008	State	false
214591	332905	3329	003329	Pennsylvania State University-Penn State Erie-Behrend College	PA	76659	80843	35008	State	false
214607	332919	3329	003329	Pennsylvania State University-Penn State Great Valley	PA					
214625	332912	3329	003329	Pennsylvania State University-Penn State New Kensington	PA	76659	80843	35008	State	false
214634	332916	3329	003329	Pennsylvania State University-Penn State Shenango	PA	76659	80843	35008	State	false
214643	332917	3329	003329	Pennsylvania State University-Penn State Wilkes-Barre	PA	76659	80843	35008	State	false
214652	332915	3329	003329	Pennsylvania State University-Penn State Scranton	PA	76659	80843	35008	State	false
214670	332902	3329	003329	Pennsylvania State University-Penn State Lehigh Valley	PA	76659	80843	35008	State	false
214689	332903	3329	003329	Pennsylvania State University-Penn State Altoona	PA	76659	80843	35008	State	false
214698	332904	3329	003329	Pennsylvania State University-Penn State Beaver	PA	76659	80843	35008	State	false
214704	332906	3329	003329	Pennsylvania State University-Penn State Berks	PA	76659	80843	35008	State	false
214713	332920	3329	003329	Pennsylvania State University-Penn State Harrisburg	PA	76659	80843	35008	State	false
214731	332921	3329	003329	Pennsylvania State University-Penn State Brandywine	PA	76659	80843	35008	State	false
214740	332907	3329	003329	Pennsylvania State University-Penn State DuBois	PA	76659	80843	35008	State	false
214759	332908	3329	003329	Pennsylvania State University-Penn State Fayette- Eberly	PA	76659	80843	35008	State	false
214768	332909	3329	003329	Pennsylvania State University-Penn State Hazleton	PA	76659	80843	35008	State	false
214777	332900	3329	003329	Pennsylvania State University-Main Campus	PA	76659	80843	35008	State	false
214786	332910	3329	003329	Pennsylvania State University-Penn State Greater Allegheny	PA	76659	80843	35008	State	false
214795	332911	3329	003329	Pennsylvania State University-Penn State Mont Alto	PA	76659	80843	35008	State	false
214801	332913	3329	003329	Pennsylvania State University-Penn State Abington	PA	76659	80843	35008	State	false
214810	332914	3329	003329	Pennsylvania State University-Penn State Schuylkill	PA	76659	80843	35008	State	false
214829	332918	3329	003329	Pennsylvania State University-Penn State York	PA	76659	80843	35008	State	false
214883	330900	3309	003309	Peirce College	PA	58509	61703	35008	State	false
214892	490200	4902	004902	Penn Commercial Business/Technical School	PA	40596	42812	35008	State	false
214944	944900	9449	005939	Pennco Tech-Bristol	PA	43445	45816	35008	State	false
214971	2107300	21073	014653	Pennsylvania Academy of the Fine Arts	PA	31901	33642	35008	State	true
215008	2330600	23306	016508	Pennsylvania Gunsmith School	PA	46772	49325	35008	State	false
215044	3766300	37663	037663	Cortiva Institute	PA	35989	37953	35008	State	false
215053	2269900	22699	016021	Pennsylvania College of Art and Design	PA	38846	40966	35008	State	false
215062	337800	3378	003378	University of Pennsylvania	PA	124586	131387	34635	National	false
215114	335100	3351	003351	Cairn University-Langhorne	PA	48513	51161	35008	State	false
215123	335200	3352	015979	Philadelphia College of Osteopathic Medicine	PA					
215239	324900	3249	003249	Community College of Philadelphia	PA	50788	53560	35008	State	false
215266	337903	3379	008815	University of Pittsburgh-Bradford	PA	73701	77724	35008	State	false
215275	337904	3379	008815	University of Pittsburgh-Greensburg	PA	73701	77724	35008	State	false
215284	337902	3379	008815	University of Pittsburgh-Johnstown	PA	73701	77724	35008	State	false
215293	337900	3379	008815	University of Pittsburgh-Pittsburgh Campus	PA	73701	77724	35008	State	false
215309	337901	3379	008815	University of Pittsburgh-Titusville	PA	73701	77724	35008	State	false
215381	531000	5310	005310	Pittsburgh Institute of Aeronautics	PA	80825	85237	35008	State	false
215390	1081400	10814	010814	Pittsburgh Institute of Mortuary Science Inc	PA	59182	62412	35008	State	false
215424	335600	3356	G03356	Pittsburgh Theological Seminary	PA					
215442	335700	3357	003357	Point Park University	PA	53024	55918	35008	State	false
215479	1171500	11715	011715	Joseph F McCloskey School of Nursing	PA	84416	89024	35008	State	false
215530	895500	8955	015865	The Salon Professional Academy-Altoona	PA	30620	32291	34635	National	true
215585	1038800	10388	010388	Reading Area Community College	PA	45446	47927	35008	State	false
215594	656500	6565	014104	Reading Hospital School of Health Sciences	PA	84524	89138	35008	State	false
215619	2273400	22734	G22734	Reconstructionist Rabbinical College	PA					
215637	2192800	21928	015499	Walnut Hill College	PA	43016	45364	35008	State	false
215655	335900	3359	003359	Robert Morris University	PA	70755	74617	35008	State	false
215682	1205000	12050	012050	Rosedale Technical College	PA	55157	58168	35008	State	false
215691	336000	3360	003360	Rosemont College	PA	59674	62931	35008	State	false
215743	336600	3366	003366	Saint Francis University	PA	73068	77056	35008	State	false
215770	336700	3367	003367	Saint Joseph's University - Philadelphia	PA	84010	88596	35008	State	false
215798	336800	3368	003368	Saint Vincent College	PA	56796	59896	35008	State	false
215886	2251200	22512	015888	Schuylkill Technology Center	PA	53477	56396	35008	State	false
215929	338400	3384	003384	University of Scranton	PA	79409	83744	34635	National	false
215947	336200	3362	003362	Seton Hill University	PA	53942	56886	35008	State	false
215974	657700	6577	006577	UPMC Shadyside School of Nursing	PA	79778	84133	35008	State	false
215992	2092500	20925	014254	Laurel Technical Institute	PA	39074	41207	35008	State	false
216010	332600	3326	003326	Shippensburg University of Pennsylvania	PA	59882	63151	35008	State	false
216038	332700	3327	003327	Slippery Rock University of Pennsylvania	PA	57301	60429	35008	State	false
216047	336400	3364	016229	Saint Charles Borromeo Seminary-Overbrook	PA	42143	44443	35008	State	false
216074	1292900	12929	012929	South Hills Beauty Academy	PA	33926	35778	35008	State	false
216083	1326300	13263	013263	South Hills School of Business & Technology	PA	42821	45158	35008	State	false
216162	657400	6574	006574	St Lukes Hospital School of Nursing	PA	81740	86202	35008	State	false
216223	2206300	22063	015604	The Beauty Institute	PA	25494	26886	35008	State	true
216278	336900	3369	003369	Susquehanna University	PA	58506	61700	35008	State	false
216287	337000	3370	003370	Swarthmore College	PA	65618	69200	34635	National	false
216296	791200	7912	014990	Thaddeus Stevens College of Technology	PA	57788	60942	35008	State	false
216311	1252300	12523	012523	Talmudical Yeshiva of Philadelphia	PA					
216339	337100	3371	003371	Temple University	PA	67232	70902	35008	State	false
216348	337500	3375	003375	Theological Seminary of the Reformed Episcopal Church	PA					
216357	337600	3376	003376	Thiel College	PA	51262	54060	35008	State	false
216366	1239300	12393	013549	Thomas Jefferson University	PA	87195	91955	35008	State	false
216436	783900	7839	007839	Triangle Tech Inc-Pittsburgh	PA	41698	43974	35008	State	false
216445	2129000	21290	014895	Triangle Tech Inc-Greensburg	PA	55189	58202	35008	State	false
216454	2174400	21744	015326	Triangle Tech Inc-Dubois	PA	55212	58226	35008	State	false
216463	2299300	22993	G22993	Trinity Anglican Seminary	PA					
216524	338500	3385	003385	Ursinus College	PA	65033	68583	35008	State	false
216542	330600	3306	003306	University of Valley Forge	PA	45455	47936	34635	National	false
216551	338600	3386	003386	Valley Forge Military College	PA	52620	55492	34635	National	false
216579	2061000	20610	013650	Venus Beauty Academy	PA	29652	31271	35008	State	true
216597	338800	3388	003388	Villanova University	PA	104228	109917	34635	National	false
216630	658200	6582	006582	Washington Health System School of Nursing	PA	73675	77697	35008	State	false
216667	338900	3389	003389	Washington & Jefferson College	PA	66045	69650	35008	State	false
216694	339100	3391	003391	Waynesburg University	PA	59019	62241	35008	State	false
216746	1162200	11622	011622	Welder Training and Testing Institute	PA	56121	59184	35008	State	false
216764	332800	3328	003328	West Chester University of Pennsylvania	PA	64804	68341	35008	State	false
216773	658300	6583	006583	Western Pennsylvania Hospital School of Nursing	PA	80024	84392	35008	State	false
216807	339200	3392	003392	Westminster College	PA	54065	57016	35008	State	false
216816	339300	3393	G03393	Westminster Theological Seminary	PA					
216825	1017600	10176	010176	Westmoreland County Community College	PA	49187	51872	35008	State	false
216852	331300	3313	003313	Widener University	PA	80946	85364	35008	State	false
216931	339400	3394	003394	Wilkes University	PA	69197	72974	35008	State	false
216940	4123800	41238	041238	Williamson College of the Trades	PA	79194	83517	35008	State	false
217013	339600	3396	003396	Wilson College	PA	54180	57137	35008	State	false
217040	1313400	13134	013134	Yeshivath Beth Moshe	PA					
217059	339900	3399	003399	York College of Pennsylvania	PA	65789	69380	35008	State	false
217077	2127400	21274	014765	YTI Career Institute-York	PA	40192	42386	35008	State	false
217156	340100	3401	003401	Brown University	RI	94678	99846	34635	National	false
217165	340200	3402	003402	Bryant University	RI	90592	95537	34635	National	false
217235	340400	3404	003404	Johnson & Wales University-Providence	RI	54530	57507	34635	National	false
217305	784500	7845	007845	New England Institute of Technology	RI	62151	65544	34635	National	false
217323	2584400	25844	016462	New England Tractor Trailer Training School of Rhode Island	RI	61966	65348	34635	National	false
217402	340600	3406	003406	Providence College	RI	83143	87681	34635	National	false
217420	340700	3407	003407	Rhode Island College	RI	59430	62674	38052	State	false
217475	340800	3408	004916	Community College of Rhode Island	RI	51971	54808	38052	State	false
217484	341400	3414	003414	University of Rhode Island	RI	73243	77241	34635	National	false
217493	340900	3409	003409	Rhode Island School of Design	RI	56554	59641	34635	National	false
217518	341000	3410	003410	Roger Williams University	RI	68129	71848	34635	National	false
217536	341100	3411	003411	Salve Regina University	RI	70451	74297	34635	National	false
217581	1260608	12606	012606	Empire Beauty School-Warwick	RI	26762	28223	34635	National	true
217606	3570500	35705	035705	Northpoint Bible College	MA	36818	38828	34635	National	false
217615	1005600	10056	010056	Aiken Technical College	SC	54588	57568	33703	State	false
217624	341700	3417	003417	Allen University	SC	36436	38425	34635	National	false
217633	341800	3418	003418	Anderson University	SC	55541	58573	33703	State	false
217688	341900	3419	003419	Charleston Southern University	SC	54684	57669	33703	State	false
217712	991000	9910	009910	Technical College of the Lowcountry	SC	47361	49946	33703	State	false
217721	342000	3420	003420	Benedict College	SC	41293	43547	33703	State	false
217749	342100	3421	003421	Bob Jones University	SC	46177	48698	34635	National	false
217776	342200	3422	003422	Southern Wesleyan University	SC	52228	55079	33703	State	false
217794	2356600	23566	016737	Charleston Cosmetology Institute	SC	29622	31239	33703	State	true
217819	342800	3428	003428	College of Charleston	SC	58354	61539	34635	National	false
217837	760200	7602	007602	Northeastern Technical College	SC	36017	37983	33703	State	false
217864	342300	3423	003423	Citadel Military College of South Carolina	SC	74517	78585	33703	State	false
217873	342400	3424	003424	Claflin University	SC	43925	46323	33703	State	false
217882	342500	3425	003425	Clemson University	SC	75142	79244	33703	State	false
217891	492300	4923	004923	Clinton College	SC	35371	37302	33703	State	false
217907	342700	3427	003427	Coker University	SC	47935	50552	33703	State	false
217925	342900	3429	003429	Columbia International University	SC	40332	42534	33703	State	false
217934	343000	3430	003430	Columbia College	SC	52308	55163	33703	State	false
217961	343100	3431	003431	Converse University	SC	44925	47377	33703	State	false
217989	536300	5363	005363	Denmark Technical College	SC	28350	29897	33703	State	true
217998	343200	3432	003432	Erskine College	SC	48305	50942	33703	State	false
218025	399000	3990	003990	Florence-Darlington Technical College	SC	44978	47433	33703	State	false
218061	922600	9226	009226	Francis Marion University	SC	52141	54987	33703	State	false
218070	343400	3434	003434	Furman University	SC	64492	68012	34635	National	false
218113	399100	3991	003991	Greenville Technical College	SC	49389	52085	33703	State	false
218140	492500	4925	004925	Horry-Georgetown Technical College	SC	46000	48511	33703	State	false
218159	3052300	30523	030523	Kenneth Shuler School of Cosmetology-North Augusta	SC	24468	25804	33703	State	true
218195	2341100	23411	016588	Kenneth Shuler School of Cosmetology and Nails-Columbia	SC	26820	28284	33703	State	true
218229	343500	3435	003435	Lander University	SC	47003	49569	33703	State	false
218238	343600	3436	003436	Limestone University	SC	51758	54583	33703	State	false
218335	343800	3438	003438	Medical University of South Carolina	SC	89770	94670	33703	State	false
218353	399300	3993	003993	Midlands Technical College	SC	46832	49388	33703	State	false
218399	343900	3439	003439	Morris College	SC	39972	42154	33703	State	false
218414	344000	3440	003440	Newberry College	SC	50324	53071	33703	State	false
218441	344100	3441	003441	North Greenville University	SC	44607	47042	33703	State	false
218487	681500	6815	006815	Orangeburg Calhoun Technical College	SC	53084	55982	33703	State	false
218520	399200	3992	003992	Piedmont Technical College	SC	44555	46987	33703	State	false
218539	344500	3445	003445	Presbyterian College	SC	57042	60156	33703	State	false
218645	344900	3449	003449	University of South Carolina Aiken	SC	53299	56208	33703	State	false
218654	345000	3450	003450	University of South Carolina Beaufort	SC	49235	51923	33703	State	false
218663	344800	3448	003448	University of South Carolina-Columbia	SC	67741	71439	33703	State	false
218672	345300	3453	003453	University of South Carolina-Lancaster	SC	45843	48345	33703	State	false
218681	345400	3454	003454	University of South Carolina-Salkehatchie	SC	38256	40344	33703	State	false
218690	342600	3426	003426	University of South Carolina-Sumter	SC	36240	38218	33703	State	false
218706	492700	4927	004927	University of South Carolina-Union	SC	33838	35685	33703	State	false
218724	345100	3451	003451	Coastal Carolina University	SC	52398	55258	34635	National	false
218733	344600	3446	003446	South Carolina State University	SC	46691	49240	33703	State	false
218742	695100	6951	006951	University of South Carolina-Upstate	SC	55994	59050	33703	State	false
218751	2063700	20637	013853	Sherman College of Chiropractic	SC					
218821	344700	3447	003447	Spartanburg Methodist College	SC	36778	38786	33703	State	false
218830	399400	3994	003994	Spartanburg Community College	SC	48991	51665	33703	State	false
218858	399500	3995	003995	Central Carolina Technical College	SC	45876	48380	33703	State	false
218885	492600	4926	004926	Tri-County Technical College	SC	54255	57217	33703	State	false
218894	492000	4920	004920	Trident Technical College	SC	58783	61992	33703	State	false
218919	345500	3455	003455	Voorhees University	SC	36170	38144	34635	National	false
218955	932200	9322	009322	Williamsburg Technical College	SC					
218964	345600	3456	003456	Winthrop University	SC	48693	51351	33703	State	false
218973	345700	3457	003457	Wofford College	SC	65763	69353	33703	State	false
218991	399600	3996	003996	York Technical College	SC	47738	50344	33703	State	false
219000	345800	3458	003458	Augustana University	SD	65005	68553	34790	State	false
219037	2137100	21371	014945	The Salon Professional Academy	SD	35007	36918	34790	State	false
219046	345900	3459	003459	Black Hills State University	SD	48243	50876	34790	State	false
219082	346300	3463	003463	Dakota State University	SD	63160	66608	34790	State	false
219091	346100	3461	003461	Dakota Wesleyan University	SD	64461	67980	34790	State	false
219125	2297800	22978	016231	Paul Mitchell the School-Rapid City	SD	28685	30251	34790	State	true
219143	530900	5309	005309	Lake Area Technical College	SD	49488	52189	34790	State	false
219189	828400	8284	008284	Mitchell Technical College	SD	54865	57860	34790	State	false
219198	346500	3465	003465	Mount Marty University	SD	57208	60331	34790	State	false
219204	405700	4057	004057	National American University-Rapid City	SD	53841	56780	34635	National	false
219240	405600	4056	G04056	Kairos University	SD					
219259	346600	3466	003466	Northern State University	SD	53116	56015	34790	State	false
219277	1465900	14659	014659	Oglala Lakota College	SD	52386	55245	34790	State	false
219338	598700	5987	005987	Avera Sacred Heart Hospital	SD					
219347	347000	3470	003470	South Dakota School of Mines and Technology	SD	87878	92675	34635	National	false
219356	347100	3471	003471	South Dakota State University	SD	63042	66483	34790	State	false
219374	2143700	21437	014303	Sinte Gleska University	SD	51797	54624	34790	State	false
219383	346900	3469	003469	University of Sioux Falls	SD	58903	62118	34635	National	false
219392	1147700	11477	011477	Sanford Medical Center	SD					
219408	2277300	22773	016080	Sisseton Wahpeton College	SD					
219426	776400	7764	008285	Southeast Technical College	SD	53289	56198	34790	State	false
219453	1013800	10138	010138	Stewart School	SD	35397	37329	34790	State	false
219471	347400	3474	003474	University of South Dakota	SD	62334	65737	34790	State	false
219480	1017000	10170	010170	Western Dakota Technical College	SD	49930	52655	34790	State	false
219505	1046000	10460	010460	American Baptist College	TN	47224	49802	34635	National	false
219587	2257400	22574	015937	Arnolds Beauty School	TN	21053	22202	32829	State	true
219596	535800	5358	005358	TCAT Athens	TN	46100	48616	32829	State	false
219602	347800	3478	003478	Austin Peay State University	TN	52456	55319	32829	State	false
219639	3440300	34403	034403	Baptist Health Sciences University	TN	73191	77186	32829	State	false
219709	347900	3479	003479	Belmont University	TN	56202	59270	34635	National	false
219718	348000	3480	003480	Bethel University	TN	62152	65545	32829	State	false
219790	353600	3536	003536	Bryan College-Dayton	TN	51604	54421	32829	State	false
219806	348100	3481	003481	Carson-Newman University	TN	53936	56880	32829	State	false
219824	399800	3998	003998	Chattanooga State Community College	TN	48364	51004	32829	State	false
219833	348200	3482	003482	Christian Brothers University	TN	68058	71773	32829	State	false
219842	2188300	21883	B06511	Pentecostal Theological Seminary	TN					
219851	4142000	41420	041420	Austin's Beauty College Inc	TN	31296	33004	32829	State	false
219879	399900	3999	003999	Cleveland State Community College	TN	45295	47767	32829	State	false
219888	348300	3483	003483	Columbia State Community College	TN	46284	48810	32829	State	false
219903	2157100	21571	015510	Concorde Career College-Memphis	TN	34501	36384	34635	National	false
219949	348500	3485	003485	Cumberland University	TN	58091	61262	32829	State	false
219976	348600	3486	003486	Lipscomb University	TN	63007	66446	32829	State	false
219994	778200	7782	013955	Tennessee College of Applied Technology-Dickson	TN	43136	45491	32829	State	false
220057	683500	6835	006835	Dyersburg State Community College	TN	59696	62955	32829	State	false
220075	348700	3487	003487	East Tennessee State University	TN	53033	55928	32829	State	false
220118	2204200	22042	015575	Chattanooga College Medical Dental and & Technical Careers	TN	36861	38873	32829	State	false
220127	528100	5281	005281	Tennessee College of Applied Technology-Elizabethton	TN	40444	42652	32829	State	false
220163	2595000	25950	025950	The Hair Academy LLC	TN	16575	17480	32829	State	true
220181	349000	3490	003490	Fisk University	TN	58830	62041	34635	National	false
220206	3001800	30018	030018	Welch College	TN	43472	45845	34635	National	false
220215	349200	3492	003492	Freed-Hardeman University	TN	50701	53469	32829	State	false
220251	1032600	10326	013894	Tennessee College of Applied Technology-Harriman	TN	44754	47197	32829	State	false
220279	528200	5282	013893	Tennessee College of Applied Technology-Hartsville	TN	51479	54289	32829	State	false
220321	535600	5356	014126	Tennessee College of Applied Technology-Hohenwald	TN	43241	45601	32829	State	false
220394	1070000	10700	010700	Tennessee College of Applied Technology-Jacksboro	TN	34821	36722	32829	State	false
220400	493700	4937	004937	Jackson State Community College	TN	48313	50950	32829	State	false
220464	885900	8859	008859	John A Gupton College	TN	56270	59342	32829	State	false
220473	349500	3495	003495	Johnson University	TN	42004	44297	34635	National	false
220491	2153100	21531	015171	Paul Mitchell the School-Murfreesboro	TN	29496	31106	32829	State	true
220516	349600	3496	003496	King University	TN	61394	64745	34635	National	false
220552	493800	4938	004938	South College	TN	52540	55408	34635	National	false
220598	349900	3499	003499	Lane College	TN	38716	40829	32829	State	false
220604	350100	3501	003501	Le Moyne-Owen College	TN					
220613	350000	3500	003500	Lee University	TN	47559	50155	32829	State	false
220631	350200	3502	003502	Lincoln Memorial University	TN	69633	73434	32829	State	false
220640	535300	5353	005353	Tennessee College of Applied Technology-Livingston	TN	39535	41693	32829	State	false
220701	350400	3504	003504	The University of Tennessee Southern	TN	46181	48702	32829	State	false
220710	350500	3505	003505	Maryville College	TN	49454	52153	32829	State	false
220756	535200	5352	005352	Tennessee College of Applied Technology-McKenzie	TN					
220765	865500	8655	008655	Genesis Career College-Cookeville	TN	25270	26649	32829	State	true
220792	350600	3506	G03506	Meharry Medical College	TN					
220853	536000	5360	005360	Tennessee College of Applied Technology-Memphis	TN	40340	42542	32829	State	false
220862	350900	3509	003509	University of Memphis	TN	57507	60646	32829	State	false
220871	1052900	10529	G10529	Memphis Theological Seminary	TN					
220978	351000	3510	003510	Middle Tennessee State University	TN	54525	57501	32829	State	false
220996	778300	7783	007783	Middle Tennessee School of Anesthesia Inc	TN					
221050	535100	5351	013891	Tennessee College of Applied Technology-Morristown	TN	41899	44186	32829	State	false
221096	683600	6836	006836	Motlow State Community College	TN	45149	47613	32829	State	false
221102	2103500	21035	014543	Tennessee College of Applied Technology-Murfreesboro	TN	50879	53656	32829	State	false
221148	793803	7938	007440	Lincoln College of Technology-Nashville	TN	51742	54566	34635	National	false
221184	814500	8145	007534	Nashville State Community College	TN	48592	51244	32829	State	false
221236	528300	5283	005283	Tennessee College of Applied Technology Northwest	TN	44302	46720	32829	State	false
221281	2237900	22379	013943	Tennessee College of Applied Technology-Henry/Carroll	TN	39070	41203	32829	State	false
221333	946400	9464	009464	Tennessee College of Applied Technology-Pulaski	TN	46239	48763	32829	State	false
221351	351900	3519	003519	Rhodes College	TN	65427	68998	34635	National	false
221397	991400	9914	009914	Roane State Community College	TN	45998	48509	32829	State	false
221430	535700	5357	005357	Tennessee College of Applied Technology-Crump	TN	39150	41287	32829	State	false
221485	1043900	10439	010439	Southwest Tennessee Community College	TN	44124	46533	32829	State	false
221494	537900	5379	005379	Tennessee College of Applied Technology-Shelbyville	TN	54975	57976	32829	State	false
221519	353400	3534	003534	The University of the South	TN	63966	67458	34635	National	false
221582	971000	9710	009710	Tennessee College of Applied Technology-Oneida-Huntsville	TN	41875	44161	32829	State	false
221591	402600	4026	004026	Tennessee College of Applied Technology-Upper Cumberland	TN	38089	40168	32829	State	false
221607	530700	5307	005307	Tennessee College of Applied Technology-McMinnville	TN	49364	52059	32829	State	false
221616	535400	5354	013895	Tennessee College of Applied Technology-Jackson	TN	45526	48011	32829	State	false
221625	402500	4025	004025	Tennessee College of Applied Technology-Knoxville	TN	42517	44838	32829	State	false
221643	1269300	12693	012693	Pellissippi State Community College	TN	45692	48186	32829	State	false
221661	351800	3518	003518	Southern Adventist University	TN	58282	61463	34635	National	false
221670	351700	3517	003517	Southern College of Optometry	TN					
221731	352500	3525	003525	Tennessee Wesleyan University	TN	53707	56639	32829	State	false
221740	352900	3529	003529	The University of Tennessee-Chattanooga	TN	57377	60509	32829	State	false
221759	353000	3530	003530	The University of Tennessee-Knoxville	TN	67631	71323	32829	State	false
221768	353100	3531	003531	The University of Tennessee-Martin	TN	47898	50513	32829	State	false
221829	956700	9567	009567	Tennessee School of Beauty of Knoxville Inc	TN	28056	29587	32829	State	true
221838	352200	3522	003522	Tennessee State University	TN	53808	56745	34635	National	false
221847	352300	3523	003523	Tennessee Technological University	TN	57413	60547	32829	State	false
221892	352600	3526	003526	Trevecca Nazarene University	TN	64175	67678	32829	State	false
221908	537800	5378	005378	Northeast State Community College	TN	45463	47945	32829	State	false
221953	352700	3527	003527	Tusculum University	TN	51271	54070	32829	State	false
221971	352800	3528	003528	Union University	TN	60152	63435	32829	State	false
221999	353500	3535	003535	Vanderbilt University	TN	101204	106728	34635	National	false
222053	991200	9912	009912	Volunteer State Community College	TN	47655	50256	32829	State	false
222062	886300	8863	008863	Walters State Community College	TN	46969	49533	32829	State	false
222105	1155300	11553	013531	William R Moore College of Technology	TN	46641	49187	32829	State	false
222178	353700	3537	003537	Abilene Christian University	TX	59305	62542	33352	State	false
222567	353900	3539	003539	Alvin Community College	TX	66597	70232	33352	State	false
222576	354000	3540	003540	Amarillo College	TX	50015	52745	33352	State	false
222628	2259400	22594	014925	Amberton University	TX	72929	76910	33352	State	false
222822	666100	6661	006661	Angelina College	TX	50781	53553	33352	State	false
222831	354100	3541	003541	Angelo State University	TX	54923	57921	33352	State	false
222877	2081400	20814	014305	Arlington Baptist University	TX	48934	51605	33352	State	false
222886	2521200	25212	016944	Arlington Career Institute	TX	36508	38501	33352	State	false
222983	354300	3543	003543	Austin College	TX	57361	60492	33352	State	false
222992	1201500	12015	012015	Austin Community College District	TX	57624	60769	33352	State	false
223001	354400	3544	G03544	Austin Presbyterian Theological Seminary	TX					
223056	1226800	12268	012268	Baldwin Beauty School-South Austin	TX	33487	35315	33352	State	false
223083	660600	6606	014956	Baptist Health System School of Health Professions	TX	79194	83517	33352	State	false
223117	2331200	23312	016525	Baptist Missionary Association Theological Seminary	TX					
223223	494900	4949	015170	Baylor College of Medicine	TX					
223232	354500	3545	003545	Baylor University	TX	69608	73408	33352	State	false
223320	354600	3546	003546	Coastal Bend College	TX					
223427	354900	3549	003549	Blinn College District	TX	53339	56251	33352	State	false
223463	3026500	30265	030265	Remington College-Dallas Campus	TX	33677	35515	34635	National	false
223472	2144800	21448	014986	Vet Tech Institute of Houston	TX	35703	37652	33352	State	false
223506	728700	7287	007287	Brazosport College	TX	62740	66165	33352	State	false
223816	400300	4003	004003	Central Texas College	TX	60854	64176	33352	State	false
223852	1293000	12930	012930	Charles and Sues School of Hair Design	TX	22614	23848	33352	State	true
223898	355300	3553	003553	Cisco College	TX	46191	48712	33352	State	false
223922	355400	3554	003554	Clarendon College	TX	36818	38828	33352	State	false
224004	355700	3557	003557	Concordia University Texas	TX	64701	68233	33352	State	false
224013	2058600	20586	013700	BK Cosmo College of Cosmetology	TX					
224110	355800	3558	003558	North Central Texas College	TX	52437	55299	33352	State	false
224147	1116100	11161	011161	Texas A & M University-Corpus Christi	TX	59765	63027	33352	State	false
224156	1248300	12483	012483	Paul Mitchell the School-Dallas	TX	29983	31620	33352	State	true
224226	356000	3560	003560	Dallas Baptist University	TX	59308	62545	33352	State	false
224244	694100	6941	006941	Dallas Christian College	TX	47383	49969	33352	State	false
224271	1076100	10761	010761	Dallas Institute of Funeral Service	TX	53099	55997	34635	National	false
224305	356200	3562	G03562	Dallas Theological Seminary	TX					
224323	365100	3651	003651	University of Dallas	TX	61870	65247	33352	State	false
224350	356300	3563	003563	Del Mar College	TX	57250	60375	33352	State	false
224527	356400	3564	003564	East Texas Baptist University	TX	48425	51068	33352	State	false
224545	3170300	31703	031703	Texas A&M University-Texarkana	TX	48048	50671	33352	State	false
224554	356500	3565	003565	East Texas A&M University	TX	57494	60632	33352	State	false
224615	445300	4453	004453	Dallas College	TX	53130	56030	33352	State	false
224642	1038700	10387	010387	El Paso Community College	TX	39712	41880	33352	State	false
224660	2098301	20983	014535	Western Technical College	TX	39357	41505	33352	State	false
224679	2098300	20983	014535	Western Technical College	TX	39357	41505	33352	State	false
224712	356600	3566	G03566	Episcopal Theological Seminary of the Southwest	TX					
224758	2267100	22671	016008	Exposito School of Hair Design	TX					
224891	356800	3568	003568	Frank Phillips College	TX	41353	43610	33352	State	false
224961	497200	4972	004972	Galveston College	TX	66991	70648	33352	State	false
225043	4302400	43024	043024	Graham's Barber College	TX					
225070	357000	3570	003570	Grayson College	TX	54877	57872	33352	State	false
225201	1050900	10509	010509	Hallmark University	TX	59410	62653	33352	State	false
225247	357100	3571	003571	Hardin-Simmons University	TX	53769	56704	33352	State	false
225308	357200	3572	003572	Trinity Valley Community College	TX	44266	46682	33352	State	false
225371	357300	3573	003573	Hill College	TX	43521	45897	33352	State	false
225399	357600	3576	003576	Houston Christian University	TX	62310	65711	33352	State	false
225414	1171100	11711	011711	University of Houston-Clear Lake	TX	59865	63133	33352	State	false
225423	1063300	10633	010422	Houston Community College	TX	50591	53353	33352	State	false
225432	361200	3612	003612	University of Houston-Downtown	TX	60550	63855	33352	State	false
225502	1323100	13231	013231	University of Houston-Victoria	TX	57364	60495	33352	State	false
225511	365200	3652	003652	University of Houston	TX	68091	71808	33352	State	false
225520	357400	3574	003574	Howard College	TX	50818	53592	33352	State	false
225548	357500	3575	003575	Howard Payne University	TX	50567	53327	33352	State	false
225575	357700	3577	003577	Huston-Tillotson University	TX					
225627	357800	3578	003578	University of the Incarnate Word	TX	63004	66443	33352	State	false
225876	357900	3579	003579	Jacksonville College-Main Campus	TX	37414	39456	33352	State	false
225885	363700	3637	003637	Jarvis Christian University	TX	40867	43098	33352	State	false
225991	2318200	23182	016404	KD Conservatory College of Film and Dramatic Arts	TX	27651	29160	33352	State	true
226019	358000	3580	003580	Kilgore College	TX	46347	48877	33352	State	false
226091	358100	3581	003581	Lamar University	TX	66816	70463	33352	State	false
226107	2358200	23582	016748	Lamar State College-Orange	TX	54162	57118	33352	State	false
226116	2348500	23485	016666	Lamar State College-Port Arthur	TX	46272	48798	33352	State	false
226134	358200	3582	003582	Laredo College	TX	40362	42565	33352	State	false
226152	965100	9651	009651	Texas A & M International University	TX	50288	53033	33352	State	false
226204	358300	3583	003583	Lee College	TX	57434	60569	33352	State	false
226231	358400	3584	003584	LeTourneau University	TX	65664	69248	33352	State	false
226277	793804	7938	008353	Lincoln College of Technology-Grand Prairie	TX	51742	54566	34635	National	false
226383	358600	3586	003586	Lubbock Christian University	TX	57061	60176	33352	State	false
226408	709600	7096	007096	College of the Mainland	TX	58013	61180	33352	State	false
226471	358800	3588	003588	University of Mary Hardin-Baylor	TX	61024	64355	33352	State	false
226578	359000	3590	003590	McLennan Community College	TX	47348	49932	33352	State	false
226587	359100	3591	003591	McMurry University	TX	48273	50908	33352	State	false
226675	661200	6612	014107	Covenant School of Nursing and Allied Health	TX	75618	79746	33352	State	false
226806	979700	9797	009797	Midland College	TX	54255	57217	33352	State	false
226833	359200	3592	003592	Midwestern State University	TX	62250	65648	33352	State	false
226860	849800	8498	015119	William Edge Institute	TX	18714	19736	33352	State	true
226879	1013000	10130	010130	Wade College	TX	40684	42905	33352	State	false
226903	3035300	30353	030353	Southern Careers Institute-Austin	TX	32680	34464	33352	State	false
227058	3035205	30352	030352	Tint School of Makeup & Cosmetology	TX	31919	33661	33352	State	false
227146	359300	3593	003593	Navarro College	TX	46253	48778	33352	State	false
227182	1114500	11145	011145	Lone Star College System	TX	52634	55507	33352	State	false
227216	359400	3594	003594	University of North Texas	TX	58743	61949	33352	State	false
227225	2315400	23154	016396	Northeast Texas Community College	TX	43940	46338	33352	State	false
227289	359500	3595	G03595	Oblate School of Theology	TX					
227298	2600200	26002	026002	Ocean Corporation	TX	54261	57223	33352	State	false
227304	359600	3596	003596	Odessa College	TX	53686	56616	33352	State	false
227313	1301600	13016	013016	Ogle School Hair Skin Nails-Arlington	TX	28696	30262	33352	State	true
227322	2230500	22305	015596	Ogle School Hair Skin Nails-Ft Worth	TX	29857	31487	33352	State	true
227331	359800	3598	003598	Our Lady of the Lake University	TX	55876	58926	33352	State	false
227368	359900	3599	003599	The University of Texas Rio Grande Valley	TX	53888	56829	33352	State	false
227377	3064600	30646	030646	Texas Southmost College	TX	41643	43916	33352	State	false
227386	360000	3600	003600	Panola College	TX	29299	30898	33352	State	true
227401	360100	3601	003601	Paris Junior College	TX	45220	47688	33352	State	false
227429	360200	3602	003602	Paul Quinn College	TX					
227526	363000	3630	003630	Prairie View A & M University	TX	60602	63910	33352	State	false
227687	360300	3603	003603	Ranger College	TX	42565	44888	33352	State	false
227748	4146700	41467	041467	Aviation Institute of Maintenance-Houston	TX	65631	69213	33352	State	false
227757	360400	3604	003604	Rice University	TX	110080	116089	34635	National	false
227845	362100	3621	003621	Saint Edward's University	TX	59999	63274	33352	State	false
227854	360800	3608	003608	St Philip's College	TX	52292	55146	33352	State	false
227863	365400	3654	003654	University of St Thomas	TX	66137	69747	33352	State	false
227881	360600	3606	003606	Sam Houston State University	TX	57044	60158	33352	State	false
227924	916300	9163	009163	San Antonio College	TX	47341	49925	33352	State	false
227979	360900	3609	003609	San Jacinto Community College	TX	52809	55692	33352	State	false
228042	361000	3610	003610	Schreiner University	TX	58631	61831	33352	State	false
228088	2521800	25218	016910	Seguin Beauty School-Seguin	TX	23933	25239	33352	State	true
228149	362300	3623	003623	St. Mary's University	TX	58545	61741	33352	State	false
228158	361100	3611	003611	South Plains College	TX	45944	48452	33352	State	false
228185	3922300	39223	039223	South Texas Barber College Inc	TX	19588	20657	33352	State	true
228194	497700	4977	G04977	South Texas College of Law Houston	TX					
228200	2306833	23068	017144	South Texas Vocational Technical Institute-Weslaco	TX	34393	36270	34635	National	false
228219	2306809	23068	015669	Miller-Motte College-STVT-McAllen	TX	34393	36270	34635	National	false
228246	361300	3613	003613	Southern Methodist University	TX	95051	100239	34635	National	false
228282	2218300	22183	015668	Southwest School of Business and Technical Careers-San Antonio	TX	22737	23978	33352	State	true
228316	361400	3614	003614	Southwest Texas College	TX	36607	38605	33352	State	false
228325	361600	3616	003616	Nelson University	TX	46199	48721	33352	State	false
228343	362000	3620	003620	Southwestern University	TX	59994	63269	33352	State	false
228431	362400	3624	003624	Stephen F Austin State University	TX	55013	58016	33352	State	false
228459	361500	3615	003615	Texas State University	TX	58786	61995	33352	State	false
228468	361900	3619	003619	Southwestern Adventist University	TX	55144	58154	33352	State	false
228486	361800	3618	003618	Southwestern Christian College	TX	39678	41844	33352	State	false
228501	362500	3625	003625	Sul Ross State University	TX	49811	52530	33352	State	false
228529	363100	3631	003631	Tarleton State University	TX	57758	60911	33352	State	false
228547	362600	3626	003626	Tarrant County College District	TX	50928	53708	33352	State	false
228608	362700	3627	003627	Temple College	TX	54976	57977	33352	State	false
228635	1001900	10019	010019	University of Texas Southwestern Medical Center	TX					
228644	365900	3659	003659	The University of Texas Health Science Center at San Antonio	TX	84730	89355	33352	State	false
228653	495200	4952	013976	The University of Texas Medical Branch at Galveston	TX	93089	98170	33352	State	false
228699	362800	3628	003628	Texarkana College	TX	41406	43666	33352	State	false
228705	363900	3639	003639	Texas A&M University-Kingsville	TX	56982	60092	33352	State	false
228723	363200	3632	003632	Texas A&M University-College Station	TX	76234	80395	33352	State	false
228769	365600	3656	003656	The University of Texas at Arlington	TX	79176	83498	33352	State	false
228778	365800	3658	003658	The University of Texas at Austin	TX	79115	83434	33352	State	false
228787	974100	9741	009741	The University of Texas at Dallas	TX	76497	80673	33352	State	false
228796	366100	3661	003661	The University of Texas at El Paso	TX	58771	61979	33352	State	false
228802	1116300	11163	011163	The University of Texas at Tyler	TX	68633	72379	33352	State	false
228866	363500	3635	003635	Texas Chiropractic College Foundation Inc	TX					
228875	363600	3636	003636	Texas Christian University	TX	76188	80347	34635	National	false
228884	363800	3638	003638	Texas College	TX	43887	46283	33352	State	false
228909	976800	9768	009768	University of North Texas Health Science Center	TX	119351	125866	33352	State	false
228981	364100	3641	003641	Texas Lutheran University	TX	56629	59720	33352	State	false
229018	993000	9930	009930	The University of Texas Permian Basin	TX	63864	67350	33352	State	false
229027	1011500	10115	010115	The University of Texas at San Antonio	TX	60333	63626	33352	State	false
229063	364200	3642	003642	Texas Southern University	TX	55112	58120	33352	State	false
229115	364400	3644	003644	Texas Tech University	TX	66144	69754	33352	State	false
229160	364500	3645	003645	Texas Wesleyan University	TX	57671	60819	33352	State	false
229179	364600	3646	003646	Texas Woman's University	TX	64179	67682	33352	State	false
229267	364700	3647	003647	Trinity University	TX	67249	70920	33352	State	false
229300	495100	4951	013956	The University of Texas Health Science Center at Houston	TX	101125	106645	33352	State	false
229337	1067400	10674	016024	Texas Tech University Health Sciences Center	TX	90257	95184	33352	State	false
229355	364800	3648	003648	Tyler Junior College	TX	48557	51207	33352	State	false
229416	2362000	23620	016696	Universal Technical Institute of Texas Inc.	TX	57080	60196	34635	National	false
229425	2285900	22859	014588	UCAS University of Cosmetology Arts & Sciences-McAllen	TX	20068	21163	33352	State	true
229504	1006000	10060	010060	Vernon College	TX	53885	56826	33352	State	false
229522	1202000	12020	012020	Victoria Beauty & Barber College	TX	19544	20611	33352	State	true
229540	366200	3662	003662	Victoria College	TX	61363	64713	33352	State	false
229656	4178400	41784	041784	Vogue College of Cosmetology-McAllen	TX	20911	22052	33352	State	true
229780	366300	3663	003663	Wayland Baptist University	TX	56530	59616	33352	State	false
229799	366400	3664	003664	Weatherford College	TX	59564	62815	33352	State	false
229814	366500	3665	003665	West Texas A & M University	TX	55166	58177	33352	State	false
229832	954900	9549	009549	Western Texas College	TX	47279	49860	33352	State	false
229841	366800	3668	003668	Wharton County Junior College	TX	54510	57485	33352	State	false
229887	366900	3669	003669	Wiley University	TX	39988	42171	33352	State	false
230010	2115400	21154	014257	Bridgerland Technical College	UT	42070	44366	38052	State	false
230038	367000	3670	003670	Brigham Young University	UT	77018	81222	34635	National	false
230047	160600	1606	001606	Brigham Young University-Hawaii	HI					
230065	3921300	39213	039213	Cameo College of Essential Beauty	UT	27255	28743	38052	State	true
230144	2078800	20788	017313	Collectiv Academy	UT	20315	21424	34635	National	true
230162	2156600	21566	015195	Davis Technical College	UT	47706	50310	38052	State	false
230171	367100	3671	003671	Utah Tech University	UT	55624	58660	38052	State	false
230199	2573100	25731	017310	Evans Hairstyling College-Cedar City	UT	16253	17140	38052	State	true
230205	2572700	25727	017295	Evans Hairstyling College-St George	UT					
230214	2556800	25568	017186	Paul Mitchell the School-Salt Lake City	UT	31097	32794	38052	State	true
230366	2178500	21785	015359	Eagle Gate College-Murray	UT	49128	51810	34635	National	false
230418	367200	3672	003672	Ensign College	UT	58554	61750	38052	State	false
230490	2346500	23465	015526	Ogden-Weber Technical College	UT	47224	49802	38052	State	false
230597	367900	3679	003679	Snow College	UT	38946	41072	38052	State	false
230603	367800	3678	003678	Southern Utah University	UT	59189	62420	38052	State	false
230676	1116500	11165	013721	Uintah Basin Technical College	UT	64652	68181	38052	State	false
230728	367700	3677	003677	Utah State University	UT	63484	66949	38052	State	false
230737	402700	4027	004027	Utah Valley University	UT	66978	70634	38052	State	false
230746	522000	5220	005220	Salt Lake Community College	UT	55279	58296	38052	State	false
230764	367500	3675	003675	University of Utah	UT	75345	79458	38052	State	false
230782	368000	3680	003680	Weber State University	UT	69883	73698	38052	State	false
230807	368100	3681	003681	Westminster University	UT	72401	76353	38052	State	false
230816	368200	3682	003682	Bennington College	VT	38899	41022	34635	National	false
230852	368400	3684	003684	Champlain College	VT	71587	75495	34635	National	false
230861	1116700	11167	011167	Community College of Vermont	VT	45151	47616	36709	State	false
230959	369100	3691	003691	Middlebury College	VT	71188	75074	34635	National	false
230995	369200	3692	003692	Norwich University	VT	75909	80053	34635	National	false
231004	865800	8658	008658	O'Briens Aveda Institute	VT	33777	35621	36709	State	true
231059	369400	3694	003694	Saint Michael's College	VT	60903	64227	34635	National	false
231068	886000	8860	008860	SIT Graduate Institute	VT					
231095	2143500	21435	014991	Sterling College	VT	29415	31021	34635	National	true
231147	1193400	11934	G11934	Vermont Law and Graduate School	VT					
231165	369800	3698	003698	Vermont State University	VT	56249	59319	36709	State	false
231174	369600	3696	003696	University of Vermont	VT	62009	65394	34635	National	false
231280	3010700	30107	030107	Paul Mitchell the School-Roanoke	VA	28991	30573	35878	State	true
231411	3127500	31275	031275	Advanced Technology Institute	VA	47728	50333	35878	State	false
231420	370200	3702	003702	Averett University	VA	59911	63181	35878	State	false
231536	681900	6819	006819	Blue Ridge Community College	VA	51042	53828	35878	State	false
231554	370300	3703	003703	Bluefield University	VA	53206	56110	34635	National	false
231581	370400	3704	003704	Bridgewater College	VA	55722	58764	35878	State	false
231624	370500	3705	003705	William & Mary	VA	80445	84836	35878	State	false
231651	3091300	30913	030913	Regent University	VA	56558	59645	34635	National	false
231688	2128700	21287	021287	Central School of Practical Nursing	VA	52946	55836	35878	State	false
231697	498800	4988	004988	Central Virginia Community College	VA	45157	47622	35878	State	false
231712	370600	3706	003706	Christopher Newport University	VA	62140	65532	35878	State	false
231785	267811	2678	010061	Bryant & Stratton College-Virginia Beach	VA	43374	45742	34635	National	false
231873	499600	4996	004996	Mountain Gateway Community College	VA	44085	46491	35878	State	false
231882	375800	3758	003758	Danville Community College	VA	40486	42696	35878	State	false
231970	372869	3728	010338	Eastern Virginia Medical School	VA					
232016	2334400	23344	016538	Centura College-Virginia Beach	VA	37316	39353	35878	State	false
232025	370900	3709	003709	Emory & Henry University	VA	47079	49649	35878	State	false
232043	370800	3708	003708	Eastern Mennonite University	VA	60150	63433	35878	State	false
232052	374800	3748	003748	Eastern Shore Community College	VA	42773	45108	35878	State	false
232089	371100	3711	003711	Ferrum College	VA	46725	49275	35878	State	false
232186	374900	3749	003749	George Mason University	VA	78425	82706	35878	State	false
232195	866000	8660	008660	Germanna Community College	VA	51929	54764	35878	State	false
232256	371300	3713	003713	Hampden-Sydney College	VA	71699	75613	35878	State	false
232265	371400	3714	003714	Hampton University	VA	61865	65242	34635	National	false
232308	371500	3715	003715	Hollins University	VA	44151	46561	35878	State	false
232414	375900	3759	003759	J Sargeant Reynolds Community College	VA	54140	57095	35878	State	false
232423	372100	3721	003721	James Madison University	VA	70627	74482	35878	State	false
232450	400400	4004	004004	Brightpoint Community College	VA	50344	53092	35878	State	false
232557	2053000	20530	010392	Liberty University	VA	57700	60850	34635	National	false
232566	371900	3719	003719	Longwood University	VA	54005	56953	35878	State	false
232575	865900	8659	008659	Laurel Ridge Community College	VA	49868	52590	35878	State	false
232609	372000	3720	003720	University of Lynchburg	VA	60701	64014	35878	State	false
232618	2175800	21758	015347	Centra College	VA	73709	77732	35878	State	false
232672	372300	3723	003723	Mary Baldwin University	VA	51402	54208	35878	State	false
232681	374600	3746	003746	University of Mary Washington	VA	59661	62918	35878	State	false
232706	372400	3724	003724	Marymount University	VA	74242	78295	35878	State	false
232724	2111600	21116	013889	Sovah School of Health Professions	VA					
232788	962900	9629	009629	Mountain Empire Community College	VA	43703	46089	35878	State	false
232797	372600	3726	003726	American National University	VA	35696	37644	34635	National	false
232867	522300	5223	005223	New River Community College	VA	49197	51882	35878	State	false
232885	3106500	31065	031065	Sentara College of Health Sciences	VA	80530	84926	35878	State	false
232919	2320900	23209	016418	Tidewater Tech-Trades	VA	42699	45030	35878	State	false
232937	376500	3765	003765	Norfolk State University	VA	52371	55230	35878	State	false
232946	372700	3727	003727	Northern Virginia Community College	VA	57487	60625	35878	State	false
232982	372800	3728	003728	Old Dominion University	VA	64472	67991	35878	State	false
233019	375100	3751	003751	Patrick & Henry Community College	VA	44016	46419	35878	State	false
233037	915900	9159	009159	Paul D Camp Community College	VA	48904	51573	35878	State	false
233082	1274400	12744	012744	Southside College of Health Sciences	VA	76113	80268	35878	State	false
233116	992800	9928	009928	Piedmont Virginia Community College	VA	51090	53879	35878	State	false
233277	373200	3732	003732	Radford University	VA	57832	60989	35878	State	false
233286	1159600	11596	011596	Sylvain Melloul International Hair Academy	VA	26765	28226	35878	State	true
233295	373300	3733	003733	Randolph-Macon College	VA	61824	65199	35878	State	false
233301	373400	3734	003734	Randolph College	VA	50675	53441	35878	State	false
233310	916000	9160	009160	Rappahannock Community College	VA	47349	49934	35878	State	false
233329	3361402	33614	033614	Fortis College-Norfolk	VA	33938	35791	34635	National	false
233338	370700	3707	003707	Richard Bland College	VA	40781	43007	35878	State	false
233356	1004300	10043	010043	Bon Secours Memorial College of Nursing	VA	84129	88721	35878	State	false
233374	374400	3744	003744	University of Richmond	VA	84260	88859	34635	National	false
233408	2140000	21400	014108	Riverside College of Health Careers	VA	67735	71432	35878	State	false
233426	373600	3736	003736	Roanoke College	VA	56840	59943	35878	State	false
233480	2358500	23585	023585	Bon Secours St Mary's Hospital School of Medical Imaging	VA	79623	83969	35878	State	false
233541	373700	3737	003737	Shenandoah University	VA	65784	69375	35878	State	false
233602	4274000	42740	042740	Southeastern Free Will Baptist Bible College	NC					
233611	373800	3738	003738	Southern Virginia University	VA	44267	46683	34635	National	false
233639	866100	8661	008661	Southside Virginia Community College	VA	43979	46380	35878	State	false
233648	726000	7260	007260	Southwest Virginia Community College	VA	43371	45738	35878	State	false
233666	953500	9535	009535	Staunton School of Cosmetology	VA					
233684	145901	1459	E00807	Strayer University-Virginia	VA	68449	72185	34635	National	false
233718	374200	3742	003742	Sweet Briar College	VA	52366	55224	34635	National	false
233754	687100	6871	006871	Virginia Peninsula Community College	VA	47856	50468	35878	State	false
233772	371200	3712	003712	Tidewater Community College	VA	48786	51449	35878	State	false
233842	374300	3743	G03743	Union Presbyterian Seminary	VA					
233897	374700	3747	003747	University of Virginia's College at Wise	VA	47686	50289	35878	State	false
233903	709900	7099	007099	Virginia Highlands Community College	VA	45129	47592	35878	State	false
233921	375400	3754	003754	Virginia Polytechnic Institute and State University	VA	85647	90322	35878	State	false
233949	376000	3760	003760	Virginia Western Community College	VA	48004	50624	35878	State	false
234030	373500	3735	003735	Virginia Commonwealth University	VA	64703	68235	35878	State	false
234076	374500	3745	003745	University of Virginia-Main Campus	VA	91448	96440	35878	State	false
234085	375300	3753	003753	Virginia Military Institute	VA	75027	79122	35878	State	false
234119	953700	9537	010822	Asher Institute of Hampton	VA	21925	23122	35878	State	true
234137	376200	3762	003762	Virginia University of Lynchburg	VA	32493	34267	34635	National	true
234155	376400	3764	003764	Virginia State University	VA	51739	54563	35878	State	false
234164	376600	3766	003766	Virginia Union University	VA	50840	53615	35878	State	false
234173	376700	3767	003767	Virginia Wesleyan University	VA	50183	52922	35878	State	false
234207	376800	3768	003768	Washington and Lee University	VA	100514	106001	34635	National	false
234377	376100	3761	003761	Wytheville Community College	VA	41816	44099	35878	State	false
234669	376900	3769	003769	Bellevue College	WA	64079	67577	38829	State	false
234696	499900	4999	016227	Bellingham Technical College	WA					
234711	377000	3770	003770	Big Bend Community College	WA	48868	51535	38829	State	false
234827	377100	3771	003771	Central Washington University	WA	63444	66907	38829	State	false
234845	377200	3772	003772	Centralia College	WA	52981	55873	38829	State	false
234915	1302200	13022	013022	City University of Seattle	WA	83698	88267	38829	State	false
234924	3065000	30650	030650	Paul Mitchell the School-Richland	WA	29736	31359	34635	National	true
234933	377300	3773	003773	Clark College	WA	49337	52030	38829	State	false
234951	575200	5752	015984	Clover Park Technical College	WA	51699	54521	38829	State	false
234979	377400	3774	003774	Columbia Basin College	WA	67608	71298	38829	State	false
235024	1231500	12315	012315	Cornish College of the Arts	WA	40939	43174	38829	State	false
235088	1148100	11481	011481	Divers Institute of Technology	WA	57632	60778	34635	National	false
235097	377500	3775	003775	Eastern Washington University	WA	60781	64099	38829	State	false
235103	500100	5001	005001	Edmonds College	WA	52875	55761	38829	State	false
235149	377600	3776	003776	Everett Community College	WA	54647	57630	38829	State	false
235167	815500	8155	008155	The Evergreen State College	WA	44424	46849	38829	State	false
235237	500000	5000	005000	Pierce College District	WA	53333	56244	38829	State	false
235316	377800	3778	003778	Gonzaga University	WA	80896	85312	38829	State	false
235334	377900	3779	003779	Grays Harbor College	WA	46936	49498	38829	State	false
235343	378000	3780	003780	Green River College	WA	60643	63953	38829	State	false
235352	1249600	12496	013822	Toni & Guy Hairdressing Academy-Shoreline	WA	38017	40092	38829	State	false
235422	377700	3777	003777	Heritage University	WA	62898	66331	38829	State	false
235431	378100	3781	003781	Highline College	WA	59261	62496	38829	State	false
235547	2242500	22425	016059	Bastyr University	WA	46794	49348	38829	State	false
235671	530600	5306	012259	Bates Technical College	WA					
235699	537300	5373	005373	Lake Washington Institute of Technology	WA	55891	58942	38829	State	false
235750	378200	3782	003782	Lower Columbia College	WA	52301	55156	38829	State	false
236018	2541900	25419	017065	BJ's Beauty & Barber College	WA	34018	35875	38829	State	true
236072	970400	9704	009704	North Seattle College	WA	70090	73916	38829	State	false
236133	378300	3783	003783	Northwest University	WA	58404	61592	38829	State	false
236188	378400	3784	003784	Olympic College	WA	57634	60780	38829	State	false
236212	938700	9387	009387	Perry Technical Institute	WA	63923	67412	38829	State	false
236230	378500	3785	003785	Pacific Lutheran University	WA	63671	67146	38829	State	false
236258	378600	3786	003786	Peninsula College	WA	44056	46461	38829	State	false
236328	379700	3797	003797	University of Puget Sound	WA	59684	62942	34635	National	false
236382	1043400	10434	014001	Renton Technical College	WA	56466	59548	38829	State	false
236452	379400	3794	003794	Saint Martin's University	WA	71704	75618	38829	State	false
236504	970600	9706	009706	South Seattle College	WA	50142	52879	38829	State	false
236513	378700	3787	003787	Seattle Central College	WA	60072	63351	38829	State	false
236577	378800	3788	003788	Seattle Pacific University	WA	70115	73942	38829	State	false
236595	379000	3790	003790	Seattle University	WA	79426	83761	38829	State	false
236610	379100	3791	003791	Shoreline Community College	WA	61196	64536	38829	State	false
236638	379200	3792	003792	Skagit Valley College	WA	48533	51182	38829	State	false
236656	537200	5372	005372	South Puget Sound Community College	WA	50185	52924	38829	State	false
236692	379300	3793	003793	Spokane Community College	WA	52567	55436	38829	State	false
236708	954400	9544	009544	Spokane Falls Community College	WA	44489	46917	38829	State	false
236744	2202200	22022	015562	Stylemaster College of Hair Design	WA	20339	21449	38829	State	true
236753	379600	3796	003796	Tacoma Community College	WA	55189	58202	38829	State	false
236887	500600	5006	005006	Walla Walla Community College	WA	56719	59815	38829	State	false
236896	379900	3799	003799	Walla Walla University	WA	68868	72627	34635	National	false
236939	380000	3800	003800	Washington State University	WA	73467	77477	38829	State	false
236948	379800	3798	003798	University of Washington-Seattle Campus	WA	82515	87019	38829	State	false
236975	380100	3801	003801	Wenatchee Valley College	WA	52108	54952	38829	State	false
237011	380200	3802	003802	Western Washington University	WA	58560	61757	38829	State	false
237039	1036400	10364	010364	Whatcom Community College	WA	43628	46009	38829	State	false
237057	380300	3803	003803	Whitman College	WA	56804	59905	34635	National	false
237066	380400	3804	003804	Whitworth University	WA	61291	64637	38829	State	false
237109	380500	3805	003805	Yakima Valley College	WA	51006	53790	38829	State	false
237127	2159100	21591	015132	Appalachian Beauty School	KY					
237136	754400	7544	007544	Appalachian Bible College	WV					
237145	1235900	12359	012359	B M Spurr School of Practical Nursing	WV					
237172	1274300	12743	013732	Ben Franklin Career Center	WV	38243	40331	32616	State	false
237181	380800	3808	003808	Bethany College	WV	52582	55452	34635	National	false
237215	380900	3809	003809	Bluefield State University	WV	61729	65098	32616	State	false
237242	2275300	22753	013938	Cabell County Career Technology Center	WV	50961	53743	32616	State	false
237303	2178200	21782	015412	Charleston School of Beauty Culture	WV	19518	20583	32616	State	true
237312	381800	3818	003818	University of Charleston	WV	68945	72708	32616	State	false
237321	895900	8959	008959	Clarksburg Beauty Academy and School of Massage Therapy	WV	18033	19017	32616	State	true
237330	381000	3810	003810	Concord University	WV	45035	47493	32616	State	false
237358	381100	3811	003811	Davis & Elkins College	WV	51173	53966	32616	State	false
237367	381200	3812	003812	Fairmont State University	WV	52884	55771	32616	State	false
237385	381300	3813	003813	Glenville State University	WV	42049	44344	32616	State	false
237437	904700	9047	009047	Huntington Junior College	WV	28491	30046	32616	State	true
237473	835500	8355	008355	James Rumsey Technical Institute	WV	53906	56848	32616	State	false
237491	2524500	25245	017016	Ralph R Willis Career and Technical Center	WV	46392	48924	32616	State	false
237525	381500	3815	003815	Marshall University	WV	54141	57096	32616	State	false
237543	2535500	25355	017054	Mercer County Technical Education Center	WV	38627	40735	32616	State	false
237561	1290400	12904	012904	Monongalia County Technical Education Center	WV	46812	49367	32616	State	false
237570	3102100	31021	031021	Morgantown Beauty College Inc	WV	29702	31323	32616	State	true
237686	382800	3828	003828	West Virginia University at Parkersburg	WV	47106	49677	32616	State	false
237701	382711	3827	003829	Potomac State College of West Virginia University	WV	64952	68497	34635	National	false
237729	1290500	12905	015748	Academy of Careers and Technology	WV	42573	44897	32616	State	false
237783	382000	3820	003820	Salem University	WV	62274	65673	32616	State	false
237792	382200	3822	003822	Shepherd University	WV	55251	58267	32616	State	false
237817	381600	3816	003816	Southern West Virginia Community and Technical College	WV	37021	39042	32616	State	false
237844	2534800	25348	017035	Fred W Eberle Technical Center	WV	37621	39675	32616	State	false
237880	1124500	11245	011245	West Virginia School of Osteopathic Medicine	WV					
237899	382600	3826	003826	West Virginia State University	WV	44688	47127	32616	State	false
237905	1257300	12573	012573	West Virginia University Hospital Departments of Rad Tech and Nutrition	WV	64188	67692	32616	State	false
237932	382300	3823	003823	West Liberty University	WV	48985	51659	32616	State	false
237950	382701	3827	003827	West Virginia University Institute of Technology	WV	64952	68497	34635	National	false
237969	383000	3830	003830	West Virginia Wesleyan College	WV	55915	58967	32616	State	false
237987	1057300	10573	010573	West Virginia Junior College-Charleston	WV	33018	34820	32616	State	false
237996	500700	5007	005007	West Virginia Junior College-Morgantown	WV	36699	38702	34635	National	false
238005	760000	7600	007600	International Beauty School 4	WV	34850	36752	34635	National	false
238014	905400	9054	010920	West Virginia Northern Community College	WV	39901	42079	32616	State	false
238032	382700	3827	003827	West Virginia University	WV	64952	68497	34635	National	false
238078	383100	3831	003831	Wheeling University	WV	54632	57614	34635	National	false
238096	1174900	11749	011749	Wood County Technical Center-Practical Nursing	WV	40368	42571	32616	State	false
238175	1148400	11484	011484	VICI Beauty School	WI	35925	37886	37201	State	false
238193	383200	3832	003832	Alverno College	WI	67760	71459	37201	State	false
238263	400700	4007	004007	Madison Area Technical College	WI	55207	58220	37201	State	false
238324	663900	6639	006639	Bellin College	WI	77238	81454	37201	State	false
238333	383500	3835	003835	Beloit College	WI	48801	51465	34635	National	false
238397	539000	5390	005390	Blackhawk Technical College	WI	56991	60102	37201	State	false
238458	383800	3838	003838	Carroll University	WI	66639	70277	37201	State	false
238476	383900	3839	003839	Carthage College	WI	59751	63013	34635	National	false
238616	384200	3842	003842	Concordia University-Wisconsin	WI	63361	66820	34635	National	false
238661	384800	3848	003848	Edgewood College	WI	68625	72371	37201	State	false
238722	974400	9744	009744	Fox Valley Technical College	WI	55857	58906	37201	State	false
238759	538900	5389	005389	Gateway Technical College	WI	54142	57097	37201	State	false
238810	3220300	32203	032203	The Professional Hair Design Academy	WI	30327	31982	37201	State	true
238980	385400	3854	003854	Lakeland University	WI	66716	70358	37201	State	false
239008	919400	9194	009194	Lakeshore Technical College	WI	50985	53768	37201	State	false
239017	385600	3856	003856	Lawrence University	WI	51503	54314	34635	National	false
239071	2317200	23172	016394	Maranatha Baptist University	WI	49529	52233	34635	National	false
239080	386100	3861	003861	Marian University	WI	65859	69454	37201	State	false
239105	386300	3863	003863	Marquette University	WI	80228	84607	34635	National	false
239169	2453500	24535	015611	Medical College of Wisconsin	WI					
239220	538000	5380	005380	Mid-State Technical College	WI	53827	56765	37201	State	false
239248	386600	3866	003866	Milwaukee Area Technical College	WI	52346	55203	37201	State	false
239309	2077100	20771	014203	Milwaukee Institute of Art & Design	WI	42304	44613	37201	State	false
239318	386800	3868	003868	Milwaukee School of Engineering	WI	90607	95553	37201	State	false
239372	925600	9256	005303	Moraine Park Technical College	WI	53771	56706	37201	State	false
239390	386900	3869	003869	Mount Mary University	WI	54418	57388	37201	State	false
239424	387400	3874	G03874	Nashotah House	WI					
239442	538400	5384	008919	Nicolet Area Technical College	WI	46857	49415	37201	State	false
239460	538700	5387	005387	Northcentral Technical College	WI	50869	53646	37201	State	false
239488	530100	5301	005301	Northeast Wisconsin Technical College	WI	54887	57883	37201	State	false
239512	387500	3875	003875	Northland College	WI	44714	47155	34635	National	false
239628	388400	3884	003884	Ripon College	WI	50210	52951	37201	State	false
239637	2078000	20780	G20780	Sacred Heart Seminary and School of Theology	WI					
239716	389200	3892	003892	Saint Norbert College	WI	58944	62161	37201	State	false
239877	941900	9419	009419	State College of Beauty Culture	WI	23576	24863	37201	State	true
239910	766900	7669	007699	Southwest Wisconsin Technical College	WI	50757	53528	37201	State	false
240107	391100	3911	003911	Viterbo University	WI	69675	73478	37201	State	false
240116	530400	5304	005304	Chippewa Valley Technical College	WI	57493	60631	37201	State	false
240125	529400	5294	005294	Waukesha County Technical College	WI	57764	60917	37201	State	false
240170	384000	3840	003840	Western Technical College	WI	53114	56013	37201	State	false
240189	392600	3926	003926	University of Wisconsin-Whitewater	WI	58704	61908	37201	State	false
240198	1182400	11824	011824	Northwood Technical College	WI	49705	52418	37201	State	false
240213	2271300	22713	G22713	Wisconsin School of Professional Psychology	WI					
240268	391700	3917	003917	University of Wisconsin-Eau Claire	WI	60838	64159	37201	State	false
240277	389900	3899	003899	University of Wisconsin-Green Bay	WI	54344	57310	37201	State	false
240329	391900	3919	003919	University of Wisconsin-La Crosse	WI	60184	63469	37201	State	false
240338	2136600	21366	014658	Wisconsin Lutheran College	WI	57728	60879	37201	State	false
240365	392000	3920	003920	University of Wisconsin-Oshkosh	WI	59730	62990	37201	State	false
240374	501500	5015	005015	University of Wisconsin-Parkside	WI	55184	58196	37201	State	false
240392	962100	9621	009621	Herzing University-Madison	WI	58575	61772	34635	National	false
240417	391500	3915	003915	University of Wisconsin-Stout	WI	64234	67740	37201	State	false
240426	392500	3925	003925	University of Wisconsin-Superior	WI	50018	52748	37201	State	false
240444	389500	3895	003895	University of Wisconsin-Madison	WI	78974	83285	34635	National	false
240453	389600	3896	003896	University of Wisconsin-Milwaukee	WI	62480	65890	37201	State	false
240462	392100	3921	003921	University of Wisconsin-Platteville	WI	70899	74769	37201	State	false
240471	392300	3923	003923	University of Wisconsin-River Falls	WI	54923	57921	34635	National	false
240480	392400	3924	003924	University of Wisconsin-Stevens Point	WI	51548	54362	37201	State	false
240505	392800	3928	003928	Casper College	WY	46963	49526	38037	State	false
240514	728900	7289	005018	Central Wyoming College	WY	43068	45419	38037	State	false
240596	392900	3929	003929	Eastern Wyoming College	WY	38259	40347	38037	State	false
240620	925900	9259	009259	Laramie County Community College	WY	49818	52537	38037	State	false
240657	393100	3931	003931	Northwest College	WY	41536	43803	38037	State	false
240666	393000	3930	003930	Northern Wyoming Community College District	WY	51958	54794	38037	State	false
240693	393300	3933	003933	Western Wyoming Community College	WY	52871	55757	38037	State	false
240709	2211900	22119	015625	Cheeks Beauty Academy	WY	29957	31592	34635	National	true
240718	915700	9157	009157	WyoTech	WY	52345	55202	34635	National	false
240727	393200	3932	003932	University of Wyoming	WY	61749	65120	38037	State	false
240736	1001000	10010	010010	American Samoa Community College	AS					
240745	1536100	15361	015361	Guam Community College	GU					
240754	393500	3935	003935	University of Guam	GU					
240790	3033000	30330	015746	Northern Marianas College	MP					
240879	2343600	23436	015542	Institute of Beauty Careers	PR	14521	15314	16153	State	true
241146	2303800	23038	016268	American Educational College	PR	12082	12741	16153	State	true
241182	2234900	22349	015758	Antilles School of Technical Careers	PR	20095	21192	16153	State	false
241191	501900	5019	005019	Universidad Adventista de las Antillas	PR	37996	40070	16153	State	false
241216	2505400	25054	016871	Atlantic University	PR	22917	24168	16153	State	false
241225	502200	5022	010015	Universidad Central de Bayamon	PR	31246	32952	16153	State	false
241304	890200	8902	022606	Columbia Central University-Caguas	PR	22820	24066	16153	State	false
241331	1072400	10724	010724	Albizu University-San Juan	PR	60661	63972	34635	National	false
241377	1252500	12525	012525	Caribbean University-Bayamon	PR	26954	28425	16153	State	false
241386	1252503	12525	012525	Caribbean University-Carolina	PR	26954	28425	16153	State	false
241395	393601	3936	005021	Pontifical Catholic University of Puerto Rico-Arecibo	PR	27811	29329	16153	State	false
241410	393600	3936	003936	Pontifical Catholic University of Puerto Rico-Ponce	PR	27811	29329	16153	State	false
241517	2189100	21891	015465	CEM College-San Juan	PR	23984	25293	16153	State	false
241614	2335500	23355	016544	Universidad Teologica del Caribe	PR					
241720	1056700	10567	010567	Colegio Universitario de San Juan	PR	30268	31920	16153	State	false
241739	2587500	25875	025875	Universidad Ana G. Mendez-Cupey Campus	PR	29751	31375	16153	State	false
241766	1081900	10819	010819	Puerto Rico Conservatory of Music	PR	29023	30607	16153	State	false
241793	2166000	21660	B06171	Center for Advanced Studies On Puerto Rico and the Caribbean	PR					
241836	2165101	21651	013587	EDP University of Puerto Rico Inc-San Sebastian	PR	36386	38372	16153	State	false
241951	2569400	25694	017345	Escuela de Artes Plasticas y Diseno de Puerto Rico	PR	23081	24341	16153	State	false
242042	2241910	22419	E01435	Instituto Tecnologico de Puerto Rico-Recinto de Manati	PR					
242112	2260800	22608	014105	Huertas College	PR	28857	30432	16153	State	false
242121	2340600	23406	014952	Humacao Community College	PR	22381	23603	16153	State	false
242130	1194001	11940	E01650	ICPR Junior College-Arecibo	PR	17478	18432	16153	State	false
242149	1194002	11940	E01651	ICPR Junior College-Mayaguez	PR	17478	18432	16153	State	false
242556	2241904	22419	015872	Instituto Tecnologico de Puerto Rico-Recinto de Guayama	PR					
242583	2241907	22419	015868	Instituto Tecnologico de Puerto Rico-Recinto de San Juan	PR					
242617	4254200	42542	042542	Inter American University of Puerto Rico-San German	PR	28262	29805	16153	State	false
242626	393900	3939	003939	Inter American University of Puerto Rico-Aguadilla	PR	26098	27523	16153	State	false
242635	502600	5026	005026	Inter American University of Puerto Rico-Arecibo	PR	31592	33316	16153	State	false
242644	502700	5027	005027	Inter American University of Puerto Rico-Barranquitas	PR	23825	25125	16153	State	false
242653	394000	3940	003940	Inter American University of Puerto Rico-Metro	PR	37728	39787	16153	State	false
242662	502900	5029	005029	Inter American University of Puerto Rico-Ponce	PR	29403	31008	16153	State	false
242680	2282800	22828	010763	Inter American University of Puerto Rico-Fajardo	PR	27079	28557	16153	State	false
242699	2282700	22827	010764	Inter American University of Puerto Rico-Guayama	PR	29433	31040	16153	State	false
242705	502800	5028	005028	Inter American University of Puerto Rico-Bayamon	PR	33732	35573	16153	State	false
242723	4250900	42509	G42509	Inter American University of Puerto Rico-School of Law	PR					
242820	2195800	21958	014452	Liceo de Arte y Tecnologia	PR	25623	27022	16153	State	false
242945	2195400	21954	015006	Modern Hairstyling Institute-Bayamon	PR	14590	15386	16153	State	true
242954	2195500	21955	015007	Modern Hairstyling Institute-Arecibo	PR	14734	15538	16153	State	true
242972	2260600	22606	015953	NUC University	PR	25779	27186	34635	National	true
243081	2482400	24824	G24824	Ponce Health Sciences University	PR					
243106	1212300	12123	012123	University of Puerto Rico-Aguadilla	PR	29117	30706	16153	State	false
243115	722800	7228	007228	University of Puerto Rico-Arecibo	PR	30977	32668	16153	State	false
243133	1097500	10975	010975	University of Puerto Rico-Bayamon	PR	35322	37250	16153	State	false
243142	3016000	30160	030160	University of Puerto Rico-Carolina	PR	28995	30578	16153	State	false
243151	720600	7206	007206	University of Puerto Rico at Cayey	PR	32963	34762	16153	State	false
243179	394300	3943	003943	University of Puerto Rico-Humacao	PR	33230	35044	16153	State	false
243188	1092200	10922	010922	University of Puerto Rico-Utuado	PR	21586	22764	16153	State	false
243197	394400	3944	003944	University of Puerto Rico-Mayaguez	PR	51164	53957	16153	State	false
243203	2460000	24600	003945	University of Puerto Rico-Medical Sciences	PR	44928	47380	16153	State	false
243212	965200	9652	009652	University of Puerto Rico at Ponce	PR	29384	30988	16153	State	false
243221	710800	7108	007108	University of Puerto Rico-Rio Piedras	PR	36313	38295	16153	State	false
243346	394100	3941	011718	Universidad Ana G. Mendez-Carolina Campus	PR	28676	30241	16153	State	false
243443	393700	3937	003937	Universidad del Sagrado Corazon	PR	35718	37668	16153	State	false
243498	2588600	25886	G25886	Seminario Evangelico de Puerto Rico	PR					
243568	2163300	21633	014999	Universidad Central Del Caribe	PR	39392	41542	16153	State	false
243577	2100000	21000	014255	Universidad Politecnica de Puerto Rico	PR	69903	73719	34635	National	false
243586	393603	3936	003936	Pontifical Catholic University of Puerto Rico-Mayaguez	PR	27811	29329	16153	State	false
243601	1171900	11719	011719	Universidad Ana G. Mendez-Gurabo Campus	PR	33439	35264	16153	State	false
243638	1034300	10343	010343	College of Micronesia-FSM	FM					
243647	1100900	11009	011009	Palau Community College	PW					
243665	394600	3946	003946	University of the Virgin Islands	VI					
243744	130500	1305	001305	Stanford University	CA	136959	144435	34635	National	false
243780	182500	1825	001825	Purdue University-Main Campus	IN	81751	86213	34635	National	false
243823	2305300	23053	016293	Parker University	TX	52900	55788	33352	State	false
243832	2165100	21651	013587	EDP University of Puerto Rico Inc-San Juan	PR	36386	38372	16153	State	false
243841	1194000	11940	011940	ICPR Junior College	PR	17478	18432	16153	State	false
244233	2515400	25154	016839	City College-Hollywood	FL	41247	43498	33352	State	false
244279	2326800	23268	015548	Meridian College	FL	41872	44158	33352	State	false
244437	157406	1574	001562	Georgia State University-Perimeter College	GA	58898	62113	32616	State	false
244446	562200	5622	016582	Georgia Piedmont Technical College	GA	46601	49145	32616	State	false
244613	2556100	25561	017319	ETI School of Skilled Trades	IL	52366	55224	34790	State	false
245281	3263300	32633	032633	Traxlers School of Hair	MS	11887	12536	30786	State	true
245625	2503900	25039	016857	Warren County Community College	NJ	43525	45901	36709	State	false
245652	209300	2093	002093	St. John's College	NM	37727	39786	34635	National	false
245777	2622900	26229	026229	Bais Medrash Elyon	NY					
245838	301002	3010	E00554	Antioch University-Los Angeles	CA	63882	67369	34635	National	false
245847	301003	3010	E00556	Antioch University-Santa Barbara	CA	63882	67369	34635	National	false
245865	301004	3010	E00557	Antioch University-New England	NH					
245883	301005	3010	E00555	Antioch University-Seattle	WA	63882	67369	34635	National	false
245892	301000	3010	003010	Antioch University	OH	63882	67369	34635	National	false
245953	694200	6942	006942	Mid-America Christian University	OK	55200	58213	32616	State	false
245962	2306832	23068	E40504	Miller-Motte College-Tulsa	OK	34393	36270	34635	National	false
245980	3109800	31098	031098	Ponca City Beauty College	OK					
245999	2222700	22227	015702	Francis Tuttle Technology Center	OK	36657	38658	32616	State	false
246017	996400	9964	009964	Central Technology Center	OK	41040	43280	32616	State	false
246035	3042500	30425	030425	Carrington College-Portland	OR	39064	41196	34635	National	false
246071	3098600	30986	015035	Career Technology Center of Lackawanna County	PA	56911	60017	35008	State	false
246354	2341300	23413	016615	Palo Alto College	TX	38443	40541	33352	State	false
246415	2326000	23260	016468	UCAS University of Cosmetology Arts & Sciences-San Antonio 410	TX	24315	25642	33352	State	true
246460	2239100	22391	013984	Central Texas Beauty College-Round Rock	TX	28691	30257	33352	State	true
246789	3216300	32163	G32163	HJ International Graduate School for Peace and Public Leadership	NY					
246813	560000	5600	005600	Athens Technical College	GA	47299	49881	32616	State	false
246895	830302	8303	E00701	GateWay Community College-Central City	AZ	70264	74099	35918	State	false
246974	974801	9748	009748	Carrington College-San Leandro Campus	CA	47661	50263	36565	State	false
247010	2349200	23492	016668	Headmasters School of Hair Design	ID					
247047	2559500	25595	017178	The Salon Professional Academy-Nampa	ID	22621	23856	35094	State	true
247065	2491100	24911	016726	Beckfield College-Florence	KY	56129	59193	33352	State	false
247153	469201	4692	015076	Dorsey College-Wayne	MI	34001	35857	32616	State	false
247162	4002400	40024	G40024	Ecumenical Theological Seminary	MI					
247409	2099701	20997	E01459	Ross Medical Education Center-Saginaw	MI	31741	33474	34635	National	true
247603	2568800	25688	025688	Sussex County Community College	NJ	41662	43936	36709	State	false
247649	2532600	25326	017157	Landmark College	VT	31926	33669	34635	National	true
247773	2363800	23638	017076	Yeshiva Gedolah of Greater Detroit	MI					
247834	2361400	23614	016792	Collin County Community College District	TX	55094	58101	33352	State	false
247940	3034500	30345	030345	Owensboro Community and Technical College	KY	44854	47302	33352	State	false
248192	2526100	25261	016920	Allure Beauty College	KY	10508	11082	33352	State	true
248527	2352500	23525	016707	Cloyd's Beauty School 3 Inc	LA	25175	26549	32616	State	true
248606	1227200	12272	012272	Moore Norman Technology Center	OK	42499	44819	32616	State	false
248624	533000	5330	015946	Fayette County Career & Technical Institute Practical Nursing Program	PA	44765	47209	35008	State	false
248633	791600	7916	015456	Franklin County Career and Technology Center	PA	57737	60889	35008	State	false
248660	2275500	22755	016062	Paul Mitchell the School-Knoxville	TN	23577	24864	32829	State	true
248703	2230600	22306	015602	Ogle School Hair Skin Nails-Hurst	TX	28268	29811	33352	State	true
248925	535900	5359	013968	Tennessee College of Applied Technology Nashville	TN	41766	44046	32829	State	false
248934	1019800	10198	010198	ECPI University	VA	54409	57379	34635	National	false
249061	793700	7937	007937	Ms Roberts Academy of Beauty Culture	IL					
249238	2357700	23577	016749	Paul Mitchell the School-Houston	TX	26657	28112	33352	State	true
249609	3011601	30116	030115	Fortis Institute-Forty Fort	PA	39004	41133	35008	State	false
250027	2546200	25462	017118	Laurel Business Institute	PA	34469	36350	35008	State	false
250285	3110700	31107	031107	Aviation Institute of Maintenance-Philadelphia	PA	70039	73862	35008	State	false
250744	469204	4692	011969	Dorsey College-Roseville	MI	34001	35857	32616	State	false
250902	2328500	23285	016495	Moler-Pickens Beauty Academy	OH	29252	30849	33962	State	true
250993	531200	5312	005312	Red River Technology Center	OK	44667	47105	32616	State	false
251260	104000	1040	001040	Southern Union State Community College	AL	50973	53755	31815	State	false
251312	1303907	13039	004922	South University-Columbia	SC	68975	72740	34635	National	false
260363	1096300	10963	016825	Greene County Career and Technology Center	PA	50920	53699	35008	State	false
260372	2532200	25322	017199	Lac Courte Oreilles Ojibwe University	WI	46909	49470	37201	State	false
260664	2260200	22602	022602	Diesel Driving Academy-Shreveport	LA	45918	48424	32616	State	false
260691	2217101	22171	E41277	Pima Medical Institute-Mesa	AZ	42937	45281	34635	National	false
260789	3062700	30627	030627	Platt College-Los Angeles	CA	44565	46998	36565	State	false
260929	2607100	26071	026071	Paul Mitchell the School-Boise	ID	24959	26321	35094	State	true
260965	825901	8259	E00784	Educators of Beauty College of Cosmetology-Rockford	IL	23398	24675	34790	State	true
261436	2588200	25882	025882	Douglas J Aveda Institute	MI	29058	30644	32616	State	true
261676	2339700	23397	016611	Ross Medical Education Center-Brighton	MI	34405	36283	34635	National	false
261685	2339701	23397	E01462	Ross Medical Education Center-Ann Arbor	MI	34405	36283	34635	National	false
261719	2209200	22092	015615	Dorsey School of Beauty	MI	20480	21598	32616	State	true
261773	1173500	11735	013785	Pike-Lincoln Technical Center	MO	56137	59201	33703	State	false
262031	2530600	25306	017027	St Charles Community College	MO	48369	51009	33703	State	false
262086	4161800	41618	041618	University of Massachusetts Global	CA	74838	78923	34635	National	false
262129	3957400	39574	039574	New College of Florida	FL	43848	46241	33352	State	false
262165	4140300	41403		Montana Bible College	MT					
262341	3034400	30344	030344	Conservatory of Recording Arts and Sciences	AZ	37389	39430	35918	State	false
262457	2120701	21207	014741	San Joaquin Valley College-Fresno	CA	42211	44515	36565	State	false
262466	4172500	41725	041725	Dr. Ida Rolf Institute	CO	21193	22350	34635	National	true
362700	2326900	23269	016467	Aveda Institute-Fort Myers	FL	27910	29433	33352	State	true
363013	2099702	20997	E01460	Ross Medical Education Center-Port Huron	MI	31741	33474	34635	National	true
363147	2563000	25630	017237	Raphael's School of Beauty Culture Inc-Alliance	OH	22269	23485	33962	State	true
363165	533900	5339	016140	Metro Technology Centers	OK	47829	50440	32616	State	false
363633	996200	9962	009962	Luna Community College	NM	38111	40191	31529	State	false
363679	2568500	25685	017279	Grabber School of Hair Design	MO	32414	34183	33703	State	false
363712	3256300	32563	032563	Yeshivah Gedolah Rabbinical College	FL					
363882	2287903	22879	014338	Raphael's School of Beauty Culture Inc-Brunswick	OH	19698	20773	33962	State	true
363907	1252502	12525	012525	Caribbean University-Ponce	PR	26954	28425	16153	State	false
363916	1252501	12525	012525	Caribbean University-Vega Baja	PR	26954	28425	16153	State	false
363934	2559000	25590	017188	University of Advancing Technology	AZ	54762	57751	34635	National	false
364016	2623600	26236	026236	Paradise Valley Community College	AZ	64729	68262	35918	State	false
364025	3072200	30722	030722	Chandler-Gilbert Community College	AZ	68137	71856	35918	State	false
364548	1071700	10717	010717	Great Plains Technology Center	OK	44322	46741	32616	State	false
364575	2057400	20574	013657	Roane-Jackson Technical Center	WV	44022	46425	32616	State	false
364627	1120600	11206	011206	Pioneer Technology Center	OK	37175	39204	32616	State	false
364636	888600	8886	016994	Portage Lakes Career Center	OH	44410	46834	33962	State	false
364946	996300	9963	009963	Caddo Kiowa Technology Center	OK	21039	22187	32616	State	true
364964	1278300	12783	012783	Center for Instruction Technology & Innovation	NY	40840	43069	33962	State	false
365091	2520000	25200	017286	International School of Skin Nailcare & Massage Therapy	GA	24894	26253	32616	State	true
365125	2537200	25372	017004	Palomar Institute of Cosmetology	CA	30618	32289	36565	State	true
365198	1034200	10342	010342	Southern Oklahoma Technology Center	OK	40071	42258	32616	State	false
365213	834300	8343	013530	Autry Technology Center	OK	44150	46560	32616	State	false
365240	2497800	24978	016861	Greene County Career Center	OH	62186	65580	33962	State	false
365374	996500	9965	009965	Canadian Valley Technology Center	OK	48081	50706	32616	State	false
365383	2529800	25298	017083	Wilkes-Barre Area Career and Technical Center Practical Nursing	PA	54731	57719	35008	State	false
365480	2060800	20608	012474	Meridian Technology Center	OK	39328	41475	32616	State	false
365505	528900	5289	014833	Waynesville Career Center	MO	51909	54742	33703	State	false
365693	961700	9617	009617	Capitol Beauty School	NE	28970	30551	35918	State	true
365763	1152300	11523	015846	Morris County Vocational School District	NJ	66347	69969	36709	State	false
365824	2099703	20997	E01461	Ross Medical Education Center-Roosevelt Park	MI	31741	33474	34635	National	true
365833	2533601	25336	E01463	Ross Medical Education Center-Kentwood	MI	32987	34788	34635	National	false
366003	3264300	32643	032643	South Florida Bible College and Theological Seminary	FL					
366155	2338000	23380	016578	Cloyd's Barber School 2 Inc	LA					
366191	822101	8221	E40546	Universal Technical Institute of Illinois Inc	IL	58404	61592	34635	National	false
366252	339500	3395	003395	Pennsylvania College of Technology	PA	66316	69936	35008	State	false
366261	355600	3556	003556	Commonwealth Institute of Funeral Service	TX	55538	58570	33352	State	false
366270	2538300	25383	017022	Delta College of Arts & Technology	LA	35243	37167	32616	State	false
366340	2610900	26109	026109	Stone Child College	MT	45263	47734	32616	State	false
366368	2600100	26001	026001	New York Academy of Art	NY					
366395	287800	2878	002878	Suffolk County Community College	NY	50418	53170	33962	State	false
366401	3035700	30357	030357	Las Positas College	CA	52625	55498	36565	State	false
366465	3030000	30300	030300	Ogeechee Technical College	GA	40635	42853	32616	State	false
366535	3026516	30265	030265	Remington College-Mobile Campus	AL	33677	35515	34635	National	false
366553	2278800	22788	016068	Southern Technical College	FL	43649	46032	33352	State	false
366571	423300	4233	014918	Mercy-St Luke's School of Radiologic Technology	IA					
366623	2600000	26000	026000	Northwest Technology Center-Alva	OK					
366711	3011300	30113	030113	California State University-San Marcos	CA	67891	71597	36565	State	false
367088	2607000	26070	026070	Tricoci University of Beauty Culture LLC-Bloomington	IN	27770	29286	34790	State	true
367103	2284306	22843	E00710	Interactive College of Technology-Newport	KY	34836	36738	34635	National	false
367112	2306826	23068	026068	Miller-Motte College-McCann-Monroe	LA	34393	36270	34635	National	false
367158	2180105	21801	E01464	Ross Medical Education Center-Taylor	MI	31944	33688	34635	National	true
367361	2331301	23313	E00711	Interactive College of Technology	TX	30722	32399	33352	State	true
367431	2544303	25443	017146	Butler Beauty Academy-New Castle Beauty Academy	PA	26227	27659	35008	State	true
367459	3063300	30633	030633	NorthWest Arkansas Community College	AR	48056	50679	32427	State	false
367875	2601600	26016	015158	H W Brewster Technical College	FL	39799	41971	33352	State	false
367954	3171300	31713	G31713	University of St. Augustine for Health Sciences	CA					
367972	1071000	10710	016426	Capital Area Career Center	IL	60654	63965	34790	State	false
367981	2587700	25877	025877	Hair Professionals Career College	IL	21122	22275	34790	State	true
368230	945917	9459	E01437	Empire Beauty School-Bloomfield	NJ	27175	28658	34635	National	true
368364	3008700	30087	030087	Southwest Technology Center	OK	60211	63498	32616	State	false
368407	2350100	23501	016699	Western Area Career & Technology Center	PA	54106	57059	35008	State	false
368452	2578200	25782	017347	Nossi College of Art and Design	TN	35271	37196	32829	State	false
368629	2217105	22171	E41283	Pima Medical Institute-Seattle	WA	42937	45281	34635	National	false
368647	1014000	10140	013969	Mineral County Vocational Technical Center	WV					
368771	2545900	25459	017061	Hypnosis Motivation Institute	CA	28159	29696	34635	National	true
368832	2236400	22364	015795	Thanh Le College School of Cosmetology	CA	17339	18285	36565	State	true
368911	3066500	30665	030665	Southeastern Technical College	GA	44621	47057	32616	State	false
369002	3235300	32353	032353	Massachusetts School of Law	MA					
369400	2100502	21005	E40552	Universal Technical Institute-Orlando	FL	50463	53218	34635	National	false
369419	559400	5594	005594	Erwin Technical College	FL	41518	43784	33352	State	false
369446	3082900	30829	030829	Rosel School of Cosmetology	IL	17585	18545	34790	State	true
369455	178300	1783	001783	Worsham College of Mortuary Science	IL	61608	64971	34790	State	false
369516	3066300	30663	030663	Bryan University	MO	37432	39475	34635	National	false
369668	533500	5335	015445	Central Pennsylvania Institute of Science and Technology	PA	47037	49605	35008	State	false
369686	3303300	33033	033033	Northwest Educational Center	TX	29174	30766	33352	State	true
369783	3019800	30198	030198	PCI Health Training Center	TX	35822	37777	33352	State	false
369950	2529500	25295	025295	Hamrick School	OH	52393	55253	33962	State	false
371052	2341000	23410	016592	Fortis College	AL	33893	35743	34635	National	false
371690	563800	5638	005638	Downey Adult School	CA	39366	41515	36565	State	false
371830	2494800	24948	024948	CRU Institute of Cosmetology and Barbering	CA	22723	23963	36565	State	true
371928	3063400	30634	030634	Modern Technology School	CA	51098	53887	36565	State	false
371964	2128301	21283	E00727	National Career Education	CA	49241	51929	34635	National	false
372028	1170702	11707	011707	North-West College-Glendale	CA	39201	41341	36565	State	false
372073	3039900	30399	030399	Fremont University	CA	39626	41789	36565	State	false
372082	3029600	30296	015017	Pomona Unified School District Adult and Career Education	CA	28773	30344	36565	State	true
372240	1244600	12446	012446	Universal College of Beauty Inc-Los Angeles 2	CA	15794	16656	36565	State	true
372329	3006300	30063	030063	IBMC College	CO	38488	40589	39622	State	false
372356	3027400	30274	030274	Avalon Institute-Aurora	CO	32789	34579	39622	State	true
372462	2499000	24990	016785	Academy of Cosmetology	FL	20608	21733	33352	State	true
372921	1031903	10319	E00780	Fortis College-Smyrna	GA	40980	43217	34635	National	false
373085	2339708	23397	E01451	Ross College-Davenport	IA	34405	36283	34635	National	false
373216	1083600	10836	010836	Pivot Point Academy	IL	32002	33749	34790	State	true
373456	3027300	30273	030273	Blalock's Professional Beauty College	LA					
373526	3030900	30309	030309	Diesel Driving Academy-Baton Rouge	LA	48134	50761	32616	State	false
373678	2122000	21220	014731	New England Hair Academy	MA	33954	35807	39139	State	true
373696	2181600	21816	015418	Rob Roy Academy-Worcester	MA	29694	31315	34635	National	true
373711	466900	4669	004669	Upper Cape Cod Regional Technical School	MA	67736	71433	39139	State	false
373784	3493300	34933	034933	All-State Career-Baltimore	MD	40918	43152	34635	National	false
374024	3051900	30519	B08041	Adler Graduate School	MN					
374316	2244300	22443	014397	Academy of Hair Design-Jackson	MS	20010	21102	30786	State	true
374343	3032400	30324	G30324	KC's School of Hair Design	MS	24713	26062	30786	State	true
374574	1246102	12461	E00912	Lincoln Technical Institute-Moorestown	NJ	42316	44626	34635	National	false
374592	539900	5399	005399	MCVSD	NJ	32023	33771	36709	State	true
375230	3000100	30001	030001	Yeshiva Gedolah Imrei Yosef D'spinka	NY	17404	18354	33962	State	true
375373	2336300	23363	016558	Knox County Career Center	OH	44510	46940	33962	State	false
375407	3023700	30237	030237	Madison Adult Career Center	OH	31829	33566	33962	State	true
375416	3026511	30265	030265	Remington College-Cleveland Campus	OH	33677	35515	34635	National	false
375568	3051500	30515	030515	Brown & Clermont Adult Career Campuses	OH	38193	40278	33962	State	false
375656	3051100	30511	030511	Chisholm Trail Technology Center	OK	36658	38659	32616	State	false
375683	996800	9968	009968	Gordon Cooper Technology Center	OK	43075	45426	32616	State	false
375726	920400	9204	009204	Kiamichi Technology Center-McAlester	OK	36651	38652	32616	State	false
375939	3081900	30819	030819	YTI Career Institute-Altoona	PA	34067	35927	35008	State	false
375966	2492600	24926	016763	Eastern Center for Arts and Technology	PA	67387	71065	35008	State	false
375984	817809	8178	008178	Empire Beauty School-Center City Philadelphia	PA	26668	28124	34635	National	true
376224	2189101	21891	015465	CEM College-Humacao	PR	23984	25293	16153	State	false
376242	2552300	25523	017120	Colegio Mayor de Tecnologia Inc	PR	21250	22410	16153	State	false
376288	2504500	25045	016915	Institucion Chaviano de Mayaguez	PR	15969	16841	16153	State	false
376330	3025900	30259	030259	Liceo de Arte-Dise-O y Comercio	PR	17954	18934	16153	State	false
376385	3029700	30297	030297	Universal Technology College of Puerto Rico	PR	19197	20245	16153	State	false
376446	2552400	25524	017124	Academy of Hair Technology	SC	33541	35372	33703	State	false
376631	2278700	22787	016075	Mr Wayne's School of Unisex Hair Design	TN					
376695	3022400	30224	030224	College of the Marshall Islands	MH					
377111	3026506	30265	E00673	Remington College-Fort Worth Campus	TX	33677	35515	34635	National	false
377193	3011800	30118	030118	UCAS University of Cosmetology Arts & Sciences	TX	27551	29055	33352	State	true
377218	3032300	30323	030323	School of Automotive Machinists & Technology	TX	49986	52714	33352	State	false
377272	3009400	30094	030094	Nuvani Institute	TX					
377281	3021500	30215	030215	Nuvani Institute	TX	23125	24387	33352	State	true
377315	3025000	30250	030250	Texas College of Cosmetology-Abilene	TX	22298	23515	33352	State	true
377449	2334402	23344	023344	Centura College-Newport News	VA	37316	39353	35878	State	false
377458	2334401	23344	023344	Centura College-Norfolk	VA	37316	39353	35878	State	false
377485	3042800	30428	030428	Virginia Beach City Public Schools School of Practical Nursing	VA					
377546	2602100	26021	026021	Northwest College of Art & Design	WA	35490	37427	38829	State	true
377555	379802	3798	003798	University of Washington-Bothell Campus	WA	82515	87019	38829	State	false
377564	379801	3798	003798	University of Washington-Tacoma Campus	WA	82515	87019	38829	State	false
377643	757800	7578	007578	Huntington School of Beauty Culture	WV	21075	22225	32616	State	true
377652	3084400	30844	030844	Valley College-Beckley	WV	24114	25430	32616	State	true
377661	2609400	26094	026094	Valley College-Martinsburg	WV	32659	34442	34635	National	true
377722	2343400	23434	016644	Bellus Academy-Poway	CA	27346	28839	34635	National	true
377759	3019900	30199	030199	Capstone College	CA	69391	73179	36565	State	false
378105	2602300	26023	026023	Central Coast College	CA	42710	45041	36565	State	false
378576	3027700	30277	030277	Pacific College of Health and Science	CA	34536	36421	34635	National	false
378886	3816300	38163	038163	Artistic Nails and Beauty Academy-Tampa	FL	23234	24502	33352	State	true
378956	3035900	30359	030359	National Aviation Academy of Tampa Bay	FL	68902	72663	33352	State	false
379621	2126300	21263	014890	Madison Oneida BOCES-Practical Nursing Program	NY	54524	57500	33962	State	false
379746	3128106	31281	031281	College of Health Care Professions	TX	35515	37454	33352	State	false
379782	2604700	26047	026047	Center for Advanced Legal Studies	TX	43171	45527	33352	State	false
380067	2527500	25275	016945	Houston Training School-Main Campus	TX	17719	18686	33352	State	true
380359	3066600	30666	030666	Bay Mills Community College	MI	44527	46958	32616	State	false
380368	3129100	31291	031291	Fond du Lac Tribal and Community College	MN	53919	56862	37199	State	false
380377	2180000	21800	021800	Northwest Indian College	WA	49696	52409	38829	State	false
380438	2360800	23608	016775	Provo College	UT	51307	54108	34635	National	false
381255	2332806	23328	E40813	CET-Coachella	CA	40676	42896	34635	National	false
381282	2332807	23328	016516	CET-Oxnard	CA	40676	42896	34635	National	false
381325	2332803	23328	E40812	CET-Santa Maria	CA	40676	42896	34635	National	false
381352	3686300	36863	G36863	Colorado Chinese Medicine University	CO					
381370	2125600	21256	014295	Michigan College of Beauty-Troy	MI	24777	26129	32616	State	true
381404	2230501	22305	015596	Ogle School Hair Skin Nails-Dallas	TX	29857	31487	33352	State	true
381459	3478400	34784	G34784	Phoenix Seminary	AZ					
381486	2262500	22625	015973	Faust Institute of Cosmetology-Spirit Lake	IA					
381699	2211901	22119	E00831	Cheeks Beauty Academy	CO	29957	31592	34635	National	true
381732	3584400	35844	035844	Colorado School of Healing Arts	CO	32338	34103	39622	State	true
382258	3062400	30624	030624	Mt. Diablo Adult Education-Mt. Diablo USD	CA	53556	56479	36565	State	false
382416	527900	5279	015255	Greater Lowell Technical School	MA	69121	72894	39139	State	false
382461	2235900	22359	015779	Academy of Hair Design-Pearl	MS	25042	26409	30786	State	true
382780	3061100	30611	030611	Genesis Career College-Lebanon	TN	29606	31222	34635	National	true
382911	357401	3574	003574	Southwest College for the Deaf	TX	50818	53592	33352	State	false
382957	3361403	33614	033614	Fortis College-Richmond	VA	33938	35791	34635	National	false
383020	3061200	30612	030612	Midwest College of Oriental Medicine-Racine	WI					
383084	565500	5655	012522	Hacienda La Puente Adult Education	CA	31434	33150	36565	State	true
383163	2573200	25732	017272	La Belle Beauty Academy	FL	17305	18250	33352	State	true
383190	525800	5258	005258	Hawaii Community College	HI	46462	48998	36709	State	false
383279	2528200	25282	016935	Robert Fiance Beauty Schools-North Plainfield	NJ	26789	28251	36709	State	true
383297	738700	7387	007387	Long Island Beauty School-Hauppauge	NY	27302	28792	33962	State	true
383312	3065900	30659	030659	Buckeye Joint Vocational School	OH	33784	35628	33962	State	false
383330	2620000	26200	026200	Sandusky Career Center	OH	59812	63077	33962	State	false
383367	1086000	10860	015272	Greater Altoona Career & Technology Center	PA	42527	44848	35008	State	false
383464	2239101	22391	013984	Central Texas Beauty College-Temple	TX	28691	30257	33352	State	true
383525	2235600	22356	015777	Erie 2 Chautauqua Cattaraugus BOCES-Practical Nursing Program	NY	45379	47856	33962	State	false
383765	2173211	21732	015331	Empire Beauty School-Brooklyn	NY	24506	25844	34635	National	true
383996	265102	2651	002651	Eastern New Mexico University Ruidoso Branch Community College	NM	54827	57820	31529	State	false
384236	2559304	25593	017169	UEI College-Ontario	CA	34461	36342	34635	National	false
384245	2559305	25593	017169	UEI College-Reseda	CA	34461	36342	34635	National	false
384254	3373300	33733	033733	Beacon College	FL	29712	31334	34635	National	true
384306	3327400	33274	033274	Acupuncture and Integrative Medicine College-Berkeley	CA					
384333	3156300	31563	031563	Estrella Mountain Community College	AZ	50342	53090	35918	State	false
384342	3083800	30838	030838	Heartland Community College	IL	48942	51614	34790	State	false
384412	3218300	32183	032183	University of the Potomac-Washington DC Campus	DC	107963	113856	34635	National	false
384421	3077500	30775	030775	Rabbi Jacob Joseph School	NJ					
385132	2612700	26127	026127	The Salon Professional Academy-Melbourne	FL	23567	24853	33352	State	true
385415	4279700	42797	042797	Albert Einstein College of Medicine	NY					
385503	3011600	30116	030116	Fortis Institute-Scranton	PA	39004	41133	35008	State	false
385619	3108500	31085	031085	Everglades University	FL	59470	62716	33352	State	false
386153	2556700	25567	017121	Seminar L'moros Bais Yaakov	NY	34484	36366	33962	State	false
386472	962111	9621	009621	Herzing University-Orlando	FL	58575	61772	34635	National	false
387925	3008600	30086	030086	Cortiva Institute	FL	30895	32581	33352	State	true
388520	3422400	34224	034224	College of Biblical Studies-Houston	TX	47825	50436	33352	State	false
389860	2189000	21890	012967	Mid-EastCTC-Adult Education	OH	53648	56576	33962	State	false
390905	2352800	23528	016745	Polaris Career Center	OH	42598	44923	33962	State	false
391005	4014300	40143	040143	P&A Scholars Beauty School	MI	21862	23055	32616	State	true
391759	3090000	30900	030900	Sharp's Academy of Hairstyling	MI	29522	31133	32616	State	true
392257	3128100	31281	031281	The College of Health Care Professions-Northwest	TX	35515	37454	33352	State	false
392354	3983300	39833	039833	School of Professional Horticulture New York Botanical Garden	NY					
392415	3493304	34933	034933	Fortis College	TX	40918	43152	34635	National	false
393649	3969600	39696	039696	UEI College-Gardena	CA	33652	35489	34635	National	false
393861	2595600	25956	025956	Asian-American International Beauty College	CA	19312	20366	36565	State	true
395362	3542400	35424	035424	Copper Mountain Community College	CA	53634	56562	36565	State	false
395690	2553600	25536	017136	Diversified Vocational College	CA	22419	23643	36565	State	true
397942	3113300	31133	031133	UEI College-Fresno	CA	29409	31014	34635	National	true
399212	3695700	36957	036957	Santiago Canyon College	CA	55988	59044	36565	State	false
399869	3113600	31136	031136	Southern California Institute of Technology	CA	65954	69554	36565	State	false
399911	3814400	38144	038144	Soka University of America	CA	53646	56574	36565	State	false
400080	3108100	31081	031081	Summit College	CA	49353	52047	36565	State	false
400187	3736300	37363	037363	Advance Beauty College	CA	18947	19981	36565	State	true
400558	3124500	31245	031245	Los Angeles Pacific College	CA					
401223	3868300	38683	038683	World Mission University	CA	16438	17335	36565	State	true
401250	3098200	30982	030982	Yo San University of Traditional Chinese Medicine	CA					
401764	4187400	41874	041874	John Amico School of Hair Design	IL	24356	25685	34790	State	true
402563	3332600	33326	033326	Delta College Inc	LA	32032	33780	32616	State	false
402800	2224600	22246	015728	Tri-State Cosmetology Institute	TX	19742	20820	33352	State	true
404055	2218804	22188	E01660	Brookline College-Tempe	AZ	41962	44253	34635	National	false
404222	4251000	42510	G42510	Inter American University of Puerto Rico-School of Optometry	PR					
404338	2314100	23141	023141	Schiller International University	FL	70545	74396	33352	State	false
404426	3100400	31004	031004	Coconino Community College	AZ	47262	49842	35918	State	false
404684	3075600	30756	030756	Emma's Beauty Academy-Juana Diaz	PR	16074	16951	16153	State	false
404718	3008800	30088	030088	Brillare Beauty Institute	TN	27668	29178	32829	State	true
404912	2217104	22171	E41281	Pima Medical Institute-Denver	CO	42937	45281	34635	National	false
405012	2588500	25885	015932	Ohio State School of Cosmetology-Heath	OH	21863	23056	33962	State	true
405058	3127100	31271	031271	Yeshivas Novominsk	NY					
405076	3035302	30353	E00820	Southern Careers Institute-Corpus Christi	TX	32680	34464	33352	State	false
405854	3129200	31292	031292	Rabbinical College of Ohr Shimon Yisroel	NY	22994	24249	33962	State	true
405872	3100700	31007	031007	Carroll Community College	MD	54507	57482	36965	State	false
406024	3083702	30837	015924	Galen College of Nursing-Tampa Bay	FL	79047	83362	34635	National	false
406033	3083701	30837	015924	Galen College of Nursing-San Antonio	TX	79047	83362	34635	National	false
406149	2517100	25171	016937	Sarasota School of Massage Therapy	FL	29795	31421	33352	State	true
406325	1240700	12407	012407	Schuyler Steuben Chemung Tioga Allegany BOCES	NY	47482	50074	33962	State	false
406361	3081600	30816	030816	Delaware Chenango Madison Otsego BOCES-Practical Nursing Program	NY					
406422	2151500	21515	015168	Central Susquehanna Intermediate Unit LPN Career	PA	52840	55724	35008	State	false
406486	3082100	30821	030821	Myotherapy Massage College	UT	32005	33752	38052	State	true
407090	2498200	24982	016841	G Skin & Beauty Institute	IL	32991	34792	34790	State	false
407142	2548500	25485	017096	Cosmetology Training Center	LA	17599	18560	32616	State	true
407151	2358600	23586	016747	Stage One-The Hair School	LA	24352	25681	32616	State	true
407179	1054211	10542	010542	Empire Beauty School-Malden	MA	27559	29063	34635	National	true
407355	2610500	26105	026105	Xenon A Stephanie Moss Academy	NE	31620	33346	35918	State	true
407434	2587600	25876	025876	Orlo School of Hair Design and Cosmetology	NY	28868	30444	33962	State	true
407461	2522700	25227	016975	Eastland-Fairfield Career and Technical Schools	OH	44754	47197	33962	State	false
407470	2334300	23343	016541	Empire Beauty School-Cincinnati	OH	22075	23280	33962	State	true
407489	2568600	25686	017282	Mahoning County Career and Technical Center	OH	37021	39042	33962	State	false
407513	2560700	25607	017174	Pickaway Ross Joint Vocational School District	OH	52422	55283	33962	State	false
407522	2239800	22398	015800	Pioneer Career and Technology Center	OH					
407568	3067600	30676	030676	Raphael's School of Beauty Culture Inc-Boardman	OH	20189	21291	33962	State	true
407577	2354200	23542	016728	Scioto County Career Technical Center	OH	45417	47896	33962	State	false
407610	4251300	42513	042513	Pacific Bible College	OR					
407629	3090800	30908	G30908	Lake Erie College of Osteopathic Medicine	PA	140695	148375	35008	State	false
407683	2285901	22859	E40571	UCAS University of Cosmetology Arts & Sciences-Harlingen	TX	20068	21163	33352	State	true
407708	2203300	22033	013926	Paul Mitchell the School-Federal Way	WA	35531	37470	38829	State	true
407735	1260611	12606	012606	Empire Beauty School-Green Bay	WI	26762	28223	34635	National	true
407832	2245600	22456	015848	Warren County Career Center	OH	61215	64556	33962	State	false
408066	2606300	26063	013791	Paul Mitchell the School-Wichita	KS	28216	29756	33921	State	true
408163	2560600	25606	017191	Pinnacle Institute of Cosmetology	NC	26591	28042	32616	State	true
408385	3035301	30353	E00819	Southern Careers Institute-Pharr	TX	32680	34464	33352	State	false
408844	2547600	25476	017069	Florida National University-Main Campus	FL	40934	43168	33352	State	false
408862	3089100	30891	030891	Georgia Institute of Cosmetology	GA	24380	25711	32616	State	true
409032	3089200	30892	030892	Nouvelle Institute	FL	16481	17381	33352	State	true
409120	2124500	21245	013568	Franklin Technology Center Adult Education	MO	44952	47406	33703	State	false
409193	3085700	30857	030857	Professional Technical Institution	PR	25960	27377	16153	State	false
409254	3510300	35103	G35103	Erikson Institute	IL					
409315	3103400	31034	031034	South Texas College	TX	40768	42993	33352	State	false
409537	4152600	41526	041526	Pike County Joint Vocational School District	OH					
409591	2603800	26038	026038	Lorain County Joint Vocational School District	OH	34568	36455	33962	State	false
409616	341001	3410	003410	Roger Williams University School of Law	RI					
409698	3260300	32603	032603	California State University-Monterey Bay	CA	62324	65726	36565	State	false
410797	3068200	30682	030682	Ohio Media School-Valley View	OH	31953	33697	34635	National	true
410964	3859300	38593	038593	EINE Inc	MA	32990	34791	39139	State	true
411684	3440400	34404	034404	Marian Health Careers Center-Los Angeles Campus	CA	74276	78330	36565	State	false
411754	510200	5102	015252	Cleveland Clinic Health System-School of Diagnostic Imaging	OH	68627	72373	33962	State	false
412173	3346300	33463	033463	Academy for Nursing and Health Occupations	FL	60657	63968	33352	State	false
412535	3104000	31040	031040	Shawsheen Valley School of Practical Nursing	MA	76427	80599	39139	State	false
412544	2616600	26166	026166	Shear Ego International School of Hair Design	NY	24296	25622	33962	State	true
412599	3026517	30265	030265	Remington College-Memphis Campus	TN	33677	35515	34635	National	false
413176	3076500	30765	030765	Fayette Institute of Technology	WV	47919	50535	32616	State	false
413413	3267300	32673	032673	Capella University	MN	84333	88936	34635	National	false
413617	3125100	31251	031251	College of Menominee Nation	WI					
413626	3096400	30964	030964	Leech Lake Tribal College	MN	40741	42965	37199	State	false
413680	2596400	25964	025964	Spartan College of Aeronautics & Technology	CA	69101	72873	36565	State	false
413820	2556500	25565	017166	Yukon Beauty College Inc	OK					
413893	2559315	25593	E00947	United Education Institute-Morrow	GA	34461	36342	34635	National	false
414063	2525900	25259	016954	Artistic Academy of Hair Design	NJ	34470	36352	36709	State	true
414124	3115200	31152	031152	Motoring Technical Training Institute	MA	46174	48694	34635	National	false
414461	3025500	30255	030255	Mech-Tech College	PR	27415	28911	16153	State	false
414489	1226801	12268	012268	Baldwin Beauty School-North Austin	TX	33487	35315	33352	State	false
414540	2616100	26161	026161	Jean Madeline Aveda Institute	PA	31757	33490	35008	State	true
414595	3027701	30277	E00911	Pacific College of Health and Science	NY	34536	36421	34635	National	false
414869	4130900	41309	041309	Tricoci University of Beauty Culture-Indianapolis	IN	27128	28609	34790	State	true
414878	183901	1839	001839	Trine University-Regional/Non-Traditional Campuses	IN	67814	71516	34790	State	false
414911	3180400	31804	031804	Pennsylvania Highlands Community College	PA	37995	40069	35008	State	false
414939	2338512	23385	E01844	Nevada Career Institute	NV	48064	50688	34635	National	false
414966	2560200	25602	017239	Phillips Theological Seminary	OK					
415039	2079410	20794	014150	Empire Beauty School-Hanover	PA	25392	26778	34635	National	true
415057	3094800	30948	030948	Industrial Management Training Institute	CT	54088	57040	36709	State	false
415987	3358300	33583	033583	Allen School-Jamaica	NY	37719	39778	34635	National	false
416458	3125800	31258	031258	Premiere Career College	CA	48238	50871	36565	State	false
416801	2555400	25554	017249	The University of Texas MD Anderson Cancer Center	TX	85744	90424	33352	State	false
417008	2285000	22850	016113	Paul Mitchell the School-Huntsville	AL	25843	27254	31815	State	true
417062	2167800	21678	015125	Estes Institute of Cosmetology Arts and Science	CA	24594	25936	36565	State	true
417105	3067400	30674	030674	Baldwin Park Adult & Community Education	CA	38116	40197	36565	State	false
417123	3084700	30847	030847	Ventura Adult and Continuing Education	CA	42327	44637	36565	State	false
417327	3079900	30799	030799	City College-Altamonte Springs	FL	40977	43214	33352	State	false
417442	2117400	21174	013949	Career Center of Southern Illinois	IL	57561	60703	34790	State	false
417503	2603100	26031	026031	Crave Beauty Academy	KS	27679	29190	33921	State	true
417600	2097300	20973	013591	Hastings Beauty School	MN	25970	27388	37199	State	true
417628	528800	5288	014698	Kirksville Area Technical Center	MO	48857	51524	33703	State	false
417637	542400	5424	005424	Southern Missouri Technical Institute	MO	40421	42627	33703	State	false
417646	543800	5438	015639	Saline County Career Center	MO	53080	55977	33703	State	false
417655	1102600	11026	014434	Warrensburg Area Career Center	MO	44051	46456	33703	State	false
417682	2313000	23130	016354	Cass Career Center	MO	62827	66256	33703	State	false
417716	3068600	30686	030686	Applied Tech	MO	59950	63222	33703	State	false
417725	3070200	30702	030702	Central College of Cosmetology	MO	21553	22729	33703	State	true
417734	3070900	30709	030709	Southeast Missouri Hospital College of Nursing and Health Sciences	MO	69971	73790	33703	State	false
417752	3092600	30926	030926	Messenger College	TX					
417831	2232500	22325	006139	Union County Vocational Technical School	NJ	37626	39680	36709	State	false
417840	2558700	25587	017158	Prism Career Institute-Philadelphia	PA	56051	59111	34635	National	false
417868	843700	8437	015050	Clinton Essex Warren Washington BOCES	NY	39772	41943	33962	State	false
417886	1005200	10052	010052	Jefferson Lewis BOCES-Practical Nursing Program	NY	48878	51546	33962	State	false
417910	1229300	12293	012293	Veeb Nassau County School of Practical Nursing	NY	69288	73070	33962	State	false
417983	2110900	21109	014648	Cattaraugus Allegany BOCES-Practical Nursing Program	NY	56787	59887	33962	State	false
417992	2124000	21240	014888	Orange Ulster BOCES	NY	56194	59261	33962	State	false
418001	2146000	21460	015088	Wayne Finger Lakes BOCES-Practical Nursing Program	NY	57708	60858	33962	State	false
418010	2153600	21536	014498	Broome Delaware Tioga BOCES-Practical Nursing Program	NY	52803	55685	33962	State	false
418029	2158200	21582	015204	Washington Saratoga Warren Hamilton Essex BOCES-Practical Nursing Program	NY	55159	58170	33962	State	false
418038	2170200	21702	015936	Albany BOCES-Adult Practical Nursing Program	NY	50198	52938	33962	State	false
418065	2179400	21794	015375	Eastern Suffolk BOCES	NY	61845	65221	33962	State	false
418083	2272900	22729	016038	Rockland County BOCES-Practical Nursing Program	NY	69080	72851	33962	State	false
418126	2599400	25994		New York College of Health Professions	NY	32138	33892	33962	State	true
418171	3096200	30962	030962	Charles Stuart School of Diamond Setting	NY					
418205	2220800	22208	015692	Career and Technology Education Centers of Licking County	OH	46534	49074	33962	State	false
418223	2351500	23515	016716	Northern Career Institute	OH	51386	54191	33962	State	false
418250	3034200	30342	030342	Washington County Career Center-Adult Technical Training	OH	38613	40721	33962	State	false
418269	3078004	30780	E40449	Ohio Media School-Cincinnati	OH	27666	29176	34635	National	true
418278	3095600	30956	030956	Vantage Career Center	OH	44179	46591	33962	State	false
418296	1005300	10053	010053	Indian Capital Technology Center-Muskogee	OK	36725	38730	32616	State	false
418302	1076200	10762	010762	Western Technology Center	OK	34252	36122	32616	State	false
418320	1153700	11537	011537	Mid-America Technology Center	OK	33219	35032	32616	State	false
418348	2250900	22509	015861	Eastern Oklahoma County Technology Center	OK	56311	59385	32616	State	false
418357	2600500	26005	026005	Wes Watkins Technology Center	OK	42011	44304	32616	State	false
418409	536500	5365	016526	York County School of Technology-Adult & Continuing Education	PA	48902	51571	35008	State	false
418427	752900	7529	007529	Chester County Intermediate Unit	PA	69470	73262	35008	State	false
418445	865300	8653	016566	Jefferson County Dubois Area Vocational Technical Practical Nursing Program	PA	46177	48698	35008	State	false
418454	1000600	10006	016626	Greater Johnstown Career and Technology Center	PA	43600	45980	35008	State	false
418481	2158300	21583	015206	Mifflin County Academy of Science and Technology	PA	47805	50414	35008	State	false
418515	2282500	22825	016100	Lenape Technical School Practical Nursing Program	PA	56476	59559	35008	State	false
418524	2306200	23062	016298	Venango County Area Vocational Technical School	PA	40955	43191	35008	State	false
418533	2310800	23108	016342	Lancaster County Career and Technology Center	PA	56037	59096	35008	State	false
418560	2350200	23502	023502	Indiana County Technology Center	PA	40623	42840	35008	State	false
418588	2353100	23531	016702	Northern Tier Career Center	PA	52914	55802	35008	State	false
418612	2554500	25545	025545	Hazleton Area Career Center	PA					
418658	3493302	34933	030724	All-State Career School-Pittsburgh	PA	40918	43152	34635	National	false
418773	3070500	30705	030705	D'Mart Institute	PR	14445	15233	16153	State	true
418782	2297702	22977	016212	Automeca Technical College-Aguadilla	PR	23349	24624	16153	State	false
418889	3079100	30791	030791	North Central Institute	TN	66589	70224	32829	State	false
418913	2176100	21761	015350	Pipo Academy of Hair Design	TX					
418968	3035200	30352	030352	Tint School of Makeup and Cosmetology-Dallas	TX	31919	33661	33352	State	false
419031	2068000	20680	013676	United Technical Center	WV	38557	40662	32616	State	false
419095	555700	5557	015637	Charles H McCann Technical School	MA					
419183	3097700	30977	030977	Central California School of Continuing Education	CA	45406	47884	36565	State	false
419217	3099600	30996	030996	HCA Florida Mercy Hospital School of Practical Nursing	FL	68857	72616	33352	State	false
419226	3103900	31039	031039	Marion Technical College	FL	38674	40785	33352	State	false
419235	3102000	31020	031020	Rivertown School of Beauty Barber Skin Care and Nails	GA	19067	20108	32616	State	true
419244	3104500	31045	031045	Atlanta Institute of Music and Media	GA	29920	31553	32616	State	true
419253	3101800	31018	031018	Illinois Media School	IL	34937	36844	34790	State	false
419280	3101000	31010	031010	New Dimensions School of Hair Design	MO	29730	31353	33703	State	true
419341	3103300	31033	031033	Jna Institute of Culinary Arts	PA	36939	38955	35008	State	false
419420	3098300	30983	014800	Putnam Career and Technical Center	WV	41118	43362	32616	State	false
419633	3025001	30250	031047	Texas College of Cosmetology-San Angelo	TX	22298	23515	33352	State	true
419703	2297700	22977	016212	Automeca Technical College-Bayamon	PR	23349	24624	16153	State	false
419712	2297701	22977	016212	Automeca Technical College-Caguas	PR	23349	24624	16153	State	false
419721	2297705	22977	030755	Automeca Technical College-Ponce	PR	23349	24624	16153	State	false
420024	2334403	23344	016538	Centura College-Chesapeake	VA	37316	39353	35878	State	false
420042	72098871	20988	014593	University of Phoenix-Hawaii	HI	61486	64842	34635	National	false
420130	2558703	25587	017158	Prism Career Institute-Cherry Hill	NJ	56051	59111	34635	National	false
420246	3107000	31070	G31070	Sonoran University of Health Sciences	AZ					
420255	3106900	31069	031069	Escuela de Peritos Electricistas de Isabela Inc	PR	32792	34582	16153	State	false
420325	3147300	31473	031473	Yeshiva D'monsey Rabbinical College	NY	31220	32924	33962	State	true
420343	793810	7938	E00729	Lincoln Technical Institute-Mahwah	NJ	51742	54566	34635	National	false
420370	3104300	31043	031043	Career Technical Institute	DC	35827	37783	37400	State	false
420398	3372300	33723	033723	Northwest Vista College	TX	46909	49470	33352	State	false
420431	3155500	31555	031555	Oconee Fall Line Technical College	GA	37265	39299	32616	State	false
420440	3122900	31229	031229	York County Community College	ME	46153	48672	36965	State	false
420468	1014700	10147	010147	Western Suffolk BOCES	NY	65962	69563	33962	State	false
420538	4254400	42544	042544	Arkansas State University-Mountain Home	AR	39326	41473	32427	State	false
420556	4151900	41519	E01828	Columbia Gorge Community College	OR	53750	56684	35320	State	false
420705	3110800	31108	G31108	Bakke Graduate University	TX					
420723	4194900	41949	041949	Tillamook Bay Community College	OR	46973	49537	35320	State	false
420981	3193300	31933	031933	Manhattan School of Computer Technology	NY	27846	29366	33962	State	true
421513	2339709	23397	E01452	Ross College-Hopkinsville	KY	34405	36283	34635	National	false
421610	3110400	31104	031104	Paul Mitchell the School-St. George	UT	21774	22963	38052	State	true
421665	3109700	31097	031097	Cadillac Institute of Cosmetology	MI					
421708	3115000	31150	031150	Arizona College of Nursing-Tempe	AZ	38251	40339	34635	National	false
421717	3116400	31164	031164	Vanguard-Sentinel Adult Career and Technology Center	OH	30378	32036	33962	State	true
421771	3110900	31109	031109	Academy of Beauty Professionals	MO	30635	32307	34635	National	true
421841	3120700	31207	031207	New York Conservatory for Dramatic Arts	NY	29308	30908	34635	National	true
421878	3122600	31226	031226	Eastern International College-Jersey City	NJ	70838	74705	36709	State	false
421896	3122500	31225	031225	Academia Serrant Inc	PR	20853	21991	16153	State	false
422020	2120702	21207	014741	San Joaquin Valley College-Trades Education Center	CA	42211	44515	36565	State	false
422695	3299300	32993	032993	Pacific College	CA	73359	77363	36565	State	false
422835	3144400	31444	031444	American College of Healthcare and Technology	CA	35304	37231	36565	State	false
423120	3108600	31086	031086	Compu-Med Vocational Careers Corp	FL	28141	29677	33352	State	true
423397	3104400	31044	031044	Advantage Technical College	PR	28189	29728	16153	State	false
423412	3111000	31110	031110	Mid Cities Barber College	TX					
423643	165701	1657	E00906	Midwestern University-Glendale	AZ					
423652	4283700	42837	042837	Oregon Coast Community College	OR					
425250	3418300	34183	034183	Gwinnett College-Sandy Springs	GA	33715	35555	32616	State	false
425986	2219501	22195	E00838	Mildred Elley-Pittsfield Campus	MA	44844	47292	34635	National	false
427308	3181400	31814	031814	Merkaz Bnos-Business School	NY	34493	36376	33962	State	false
427335	3433500	34335	034335	Lia Schorr Institute of Cosmetic Skin Care Training	NY	34022	35879	33962	State	false
427973	3126300	31263	031263	Aviation Institute of Maintenance-Norfolk	VA	66491	70120	35878	State	false
427991	3127900	31279	031279	Osceola Technical College	FL	37201	39232	33352	State	false
428000	3125600	31256	031256	Miami Ad School	FL	90763	95717	34635	National	false
428019	3126200	31262	031262	Green Country Technology Center	OK	37261	39295	32616	State	false
428055	3124200	31242	031242	Nova College de Puerto Rico	PR	18382	19385	16153	State	false
428125	3125300	31253	031253	John Wesley International Barber and Beauty College	CA	23228	24496	36565	State	true
428170	3123900	31239	031239	Southeastern College-West Palm Beach	FL	42464	44782	33352	State	false
428259	193704	1937	001937	Ottawa University-Milwaukee	WI	62228	65625	34635	National	false
428392	3428300	34283	034283	Klamath Community College	OR	43088	45440	35320	State	false
429085	3153300	31533	031533	American College of Acupuncture and Oriental Med	TX					
429128	3130500	31305	031305	Urban College of Boston	MA	44255	46671	39139	State	false
430184	145911	1459	E40645	Strayer University-Maryland	MD	68449	72185	34635	National	false
430227	966405	9664	009664	Empire Beauty School-Monroeville	PA	26908	28377	34635	National	true
430245	3035303	30353	E00821	Southern Careers Institute-San Antonio	TX	32680	34464	33352	State	false
430306	4137300	41373	041373	Cayce/Reilly School of Massage	VA	24664	26010	34635	National	true
430403	2558704	25587	017158	Prism Career Institute-West Atlantic City	NJ	56051	59111	34635	National	false
430564	3169300	31693	031693	Studio Jewelers	NY					
430582	3114700	31147	031147	Praxis Institute	FL	29224	30819	33352	State	true
430670	3177300	31773	G31773	San Juan Bautista School of Medicine	PR	52531	55398	16153	State	false
430704	3179500	31795	031795	Texas Health and Science University	TX					
430795	2073400	20734	014060	Carver Career Center	WV	33190	35002	32616	State	false
430883	2145800	21458	014996	Cayuga Onondaga BOCES-Practical Nursing Program	NY	52060	54902	33962	State	false
430908	2169600	21696	015422	Clearfield County Career and Technology Center	PA	44483	46911	35008	State	false
430935	3157600	31576	031576	Colegio de Cinematografia Artes y Television	PR	18142	19132	16153	State	false
430971	3128400	31284	031284	Delaware County Technical School-Practical Nursing Program	PA					
431017	3198400	31984	031984	Mid-Del Technology Center	OK	32475	34248	32616	State	false
431071	3203300	32033	032033	New York Institute of Massage Inc	NY	26911	28380	33962	State	true
431105	2172800	21728	014530	Dutchess BOCES-Practical Nursing Program	NY	68793	72548	33962	State	false
431123	2576100	25761	017346	Escuela Tecnica de Electricidad	PR	27476	28976	16153	State	false
431141	3067500	30675	030675	Institute of Technology	CA	43172	45529	36565	State	false
431196	3115300	31153	031153	Genesee Valley BOCES-Practical Nursing Program	NY	50865	53641	33962	State	false
431266	2242400	22424	013629	Henrico County-Saint Marys Hospital School of Practical Nursing	VA	55990	59046	35878	State	false
431275	2098400	20984	014517	Herkimer County BOCES-Practical Nursing Program	NY	51627	54445	33962	State	false
431284	1248800	12488	016987	Graduate America College	TX	24563	25904	33352	State	true
431558	3158300	31583	031583	Cape Coral Technical College	FL	36637	38637	33352	State	false
431600	489900	4899	004899	UPMC Mercy School of Nursing	PA	80990	85411	35008	State	false
431716	2523700	25237	016934	Ocean County Vocational-Technical School	NJ	42510	44830	36709	State	false
431983	2546300	25463	017197	Yeshiva of the Telshe Alumni	NY					
432117	1209200	12092	012092	Kenneth Shuler School of Cosmetology-Rock Hill	SC	25218	26595	33703	State	true
432269	2332838	23328	016516	CET-El Paso	TX	40676	42896	34635	National	false
432348	3559300	35593	G35593	Appalachian School of Law	VA					
432384	3062701	30627	E00914	Platt College-Ontario	CA	44565	46998	36565	State	false
433004	3225300	32253	032253	American University of Health Sciences	CA	120258	126822	36565	State	false
433013	3242300	32423	032423	Career Networks Institute	CA	99952	105408	36565	State	false
433040	1288100	12881	012881	Monty Tech	MA	62461	65870	39139	State	false
433068	3230300	32303	032303	Okaloosa Technical College	FL	40636	42854	33352	State	false
433101	1246116	12461	032323	Lincoln Technical Institute-Lincoln	RI	42316	44626	34635	National	false
433138	915600	9156	009156	Wayne County Schools Career Center	OH	48459	51104	33962	State	false
433174	3104200	31042	031042	Carolinas College of Health Sciences	NC	70775	74638	32616	State	false
433387	3339400	33394	033394	Western Governors University	UT	87445	92218	34635	National	false
433420	998900	9989	009989	California Aeronautical University	CA	47702	50306	36565	State	false
433536	962110	9621	009621	Herzing University-New Orleans	LA	58575	61772	34635	National	false
433660	3255300	32553	032553	Florida Gulf Coast University	FL	59369	62610	33352	State	false
434016	3323300	33233	033233	Little Priest Tribal College	NE					
434061	3956300	39563	039563	South Louisiana Community College	LA	45336	47811	32616	State	false
434140	2217106	22171	E41285	Pima Medical Institute-Chula Vista	CA	42937	45281	34635	National	false
434159	1246109	12461	E01094	Lincoln College of Technology-Marietta	GA	42316	44626	34635	National	false
434274	3276300	32763	032763	Academy of Hair Design-Lufkin	TX	17432	18384	33352	State	true
434308	3296300	32963	032963	Cortiva Institute	MD	34762	36659	36965	State	true
434344	3240300	32403	032403	COLLECTIV Academy-Worcester	MA	33641	35477	39139	State	true
434362	3283300	32833	032833	Northwest HVAC/R Training Center	WA	60707	64021	38829	State	false
434432	3279300	32793	032793	Myotherapy Institute	NE	34284	36155	35918	State	false
434441	3238300	32383	032383	Florida College of Integrative Medicine	FL					
434469	3224300	32243	032243	New Professions Technical Institute	FL	31999	33746	33352	State	false
434496	3293300	32933	032933	Strand College of Hair Design	SC	20562	21684	33703	State	true
434584	3461300	34613	034613	Ilisagvik College	AK					
434672	206300	2063	002063	Community College of Baltimore County	MD	60930	64256	36965	State	false
434751	3921400	39214	039214	White Earth Tribal and Community College	MN					
434821	3294300	32943	032943	Blue Cliff College-Metairie	LA	26644	28098	34635	National	true
434830	3319300	33193	033193	Creative Images Institute of Cosmetology-North Dayton	OH	27631	29139	33962	State	true
434900	3112101	31121	E00902	Dewey University-Carolina	PR	24524	25863	16153	State	false
434937	3937300	39373	039373	Yeshiva College of the Nations Capital	MD					
435000	806700	8067	008067	Louisiana State University Health Sciences Center-Shreveport	LA	76380	80549	32616	State	false
436030	3327300	33273	033273	Hair Academy II	MD	24923	26283	36965	State	true
436304	3789400	37894	037894	River Parishes Community College	LA	62593	66010	32616	State	false
436429	4037300	40373	040373	Los Angeles Film School	CA	33557	35389	34635	National	false
436553	3336300	33363	033363	Century College	PR	14031	14797	16153	State	true
436599	3316400	33164	033164	FINE Mortuary College	MA	65177	68735	34635	National	false
436614	3347300	33473	033473	International Baptist College and Seminary	AZ	31024	32717	34635	National	true
436632	3361300	33613	033613	Gwinnett College	NC	33989	35844	32616	State	false
436650	3356300	33563	033563	Medical Training College	LA	29675	31295	32616	State	true
436818	141704	1417	001417	University of Connecticut-Waterbury Campus	CT	78925	83233	36709	State	false
436827	141705	1417	001417	University of Connecticut-Avery Point	CT	78925	83233	36709	State	false
436836	141702	1417	001417	University of Connecticut-Stamford	CT	78925	83233	36709	State	false
437097	4110300	41103	041103	University of Management and Technology	VA	72298	76244	34635	National	false
437103	3730300	37303	037303	Baton Rouge Community College	LA	45313	47786	32616	State	false
437237	3732300	37323	037323	IYRS School of Technology & Trades	RI	49255	51944	34635	National	false
437556	3368300	33683	033683	Midwest Technical Institute-Illinois	IL	36025	37991	34635	National	false
437608	3412300	34123	034123	Advanced Barber College and Hair Design	TX	17654	18618	33352	State	true
437635	3426300	34263	034263	The College of Health Care Professions-Austin	TX	39421	41573	33352	State	false
437723	3424500	34245	034245	New Community Career & Technical Institute	NJ	32679	34463	36709	State	true
437732	2155312	21553	B07022	The Chicago School-College of Nursing	TX	82068	86548	34635	National	false
437750	3367300	33673	033673	Professional Golfers Career College	CA	40523	42735	36565	State	false
437769	3409500	34095	034095	Chester Career College	VA	41883	44169	35878	State	false
437778	3422300	34223	034223	Milan Institute-San Antonio Ingram	TX	29355	30957	34635	National	true
437857	967300	9673	009673	Rudae's School of Beauty Culture-Ft Wayne	IN	27804	29322	34790	State	true
437936	974807	9748	009748	Carrington College-San Jose	CA	47661	50263	36565	State	false
438179	2218805	22188	E01661	Brookline College-Tucson	AZ	41962	44253	34635	National	false
438221	2306827	23068	E01736	Miller-Motte College-Berks Technical Institute-Lewisburg	PA	34393	36270	34635	National	false
438258	974802	9748	009748	Carrington College-Pleasant Hill Campus	CA	47661	50263	36565	State	false
438285	3008602	30086	030086	Cortiva Institute	FL	30895	32581	33352	State	true
438337	2195900	21959	015008	Modern Hairstyling Institute-Carolina	PR	13865	14622	16153	State	true
438504	822103	8221	E40547	Universal Technical Institute of California Inc	CA	58404	61592	34635	National	false
438586	2113613	21136	E01743	American InterContinental University-Atlanta	GA	50399	53150	34635	National	false
438674	2251600	22516	022516	The Academy of Hair Design Six	MS	24043	25355	30786	State	true
438708	4119000	41190	041190	Eastern West Virginia Community and Technical College	WV	40526	42738	32616	State	false
438735	3176300	31763	031763	Aviation Institute of Maintenance-Indianapolis	IN	71659	75571	34635	National	false
438984	3469300	34693	034693	IVAEM College	PR	16059	16936	16153	State	false
439020	3061201	30612	030612	Midwest College of Oriental Medicine-Skokie	IL					
439118	3042501	30425	030425	Carrington College-Spokane	WA	39064	41196	34635	National	false
439190	3483500	34835	034835	Cascadia College	WA	50202	52942	38829	State	false
439367	3250300	32503	032503	CBD College	CA	54889	57885	36565	State	false
439394	3429700	34297	G34297	East West College of Natural Medicine	FL					
439446	3429600	34296	G34296	Atlantic Institute of Oriental Medicine	FL					
439455	3468500	34685	034685	MDT College of Health Sciences	IL	55116	58125	34790	State	false
439473	3409600	34096	034096	Bennett Career Institute	DC	25687	27089	37400	State	true
439491	3294303	32943	034226	Blue Cliff College-Lafayette	LA	26644	28098	34635	National	true
439570	3367400	33674	033674	Community Care College	OK	31820	33557	32616	State	false
439622	1258900	12589	012557	Erie 1 BOCES	NY	45417	47896	33962	State	false
439668	3445300	34453	034453	HDS Truck Driving Institute	AZ	46065	48579	35918	State	false
439701	3516300	35163	035163	The King's University	TX	46846	49403	33352	State	false
439738	3480300	34803	034803	Fortis College-Baton Rouge	LA	39556	41715	34635	National	false
439747	3458300	34583	034583	My Le's Beauty College	CA	20365	21477	36565	State	true
439774	3433400	34334	034334	New Concept Massage and Beauty School	FL	15524	16371	33352	State	true
439783	3443300	34433	G34433	New York College of Traditional Chinese Medicine	NY					
439792	3434300	34343	034343	Fortis College-Orange Park	FL	40656	42875	33352	State	false
439817	3419400	34194	G34194	Northeastern Seminary	NY					
439844	3498400	34984	034984	Omega Institute of Cosmetology	LA	22934	24186	32616	State	true
439862	3438300	34383	034383	Pacific Islands University	GU					
439871	3479300	34793	034793	PCI College	CA	34750	36647	36565	State	false
439899	3425300	34253	034253	Rosedale Bible College	OH					
439914	3280300	32803	G32803	Seattle Institute of East Asian Medicine	WA					
439932	3453400	34534	034534	Shawnee Beauty College	OK	15690	16546	32616	State	true
440004	3437300	34373	034373	Upper Valley Educators Institute	NH					
440031	3853300	38533	G38533	Keck Graduate Institute	CA					
440059	3523300	35233	035233	Aviation Institute of Maintenance-Atlanta	GA	69646	73448	34635	National	false
440101	1260602	12606	012606	Empire Beauty School-Kennesaw	GA	26762	28223	34635	National	true
440262	3537300	35373	035373	New York Automotive and Diesel Institute	NY	43838	46231	33962	State	false
440271	3026515	30265	030265	Remington College-Baton Rouge Campus	LA	33677	35515	34635	National	false
440396	4150200	41502		New Saint Andrews College	ID					
440402	4203400	42034	042034	Arkansas State University-Newport	AR	50129	52865	32427	State	false
440651	3544300	35443	035443	Atenas University	PR	26161	27589	16153	State	false
440730	1265200	12652	012652	Onondaga Cortland Madison BOCES	NY	40165	42357	33962	State	false
440776	2331300	23313	016506	Interactive College of Technology	TX	30722	32399	33352	State	true
440794	3666300	36663	036663	Pillar College	NJ	44376	46798	36709	State	false
440819	3125602	31256	031256	Miami Ad School-San Francisco	CA	90763	95717	34635	National	false
440828	321001	3210	003210	Oregon State University-Cascades Campus	OR	71799	75718	35320	State	false
440855	3098702	30987	030987	Milan Institute-Amarillo	TX	32079	33830	34635	National	true
440989	2568100	25681	017250	Texas Barber College	TX	20499	21618	33352	State	true
441025	2306816	23068	E00970	Miller-Motte College-Charleston	SC	34393	36270	34635	National	false
441052	2241801	22418	E40842	American Career College-Anaheim	CA	42969	45314	36565	State	false
441070	3772300	37723	037723	Saginaw Chippewa Tribal College	MI					
441104	3355400	33554	G33554	Richmont Graduate University	TN					
441131	3466400	34664	G34664	The Seattle School of Theology & Psychology	WA					
441210	3572300	35723	035723	East Valley Institute of Technology	AZ	50098	52833	35918	State	false
441229	3639300	36393	036393	Smith Chason College	CA	65533	69110	36565	State	false
441256	3646300	36463	036463	Design's School of Cosmetology	CA	23711	25005	36565	State	true
441371	3549300	35493	035493	Ultimate Medical Academy	FL	30561	32229	34635	National	true
441380	3611400	36114	036114	Florida Barber Academy	FL	19897	20983	33352	State	true
441414	3570400	35704	035704	M-DCPS The English Center	FL	26511	27958	33352	State	true
441423	3627600	36276	036276	Florida Education Institute	FL	32568	34346	33352	State	false
441487	3579300	35793	035793	Texas County Technical College	MO	61845	65221	33703	State	false
441496	3616300	36163	036163	Aviation Institute of Maintenance-Kansas City	MO	59051	62274	33703	State	false
441502	3294305	32943	035253	Blue Cliff College-Gulfport	MS	26644	28098	34635	National	true
441575	3652300	36523	036523	Metropolitan Learning Institute	NY	28463	30017	33962	State	true
441593	2199300	21993	015546	Orleans Niagara BOCES-Practical Nursing Program	NY	51227	54023	33962	State	false
441609	3496300	34963	034963	Yeshiva Shaarei Torah of Rockland	NY	86861	91602	34635	National	false
441618	3568300	35683	035683	Leon Studio One School of Beauty Knowledge	NY	25970	27388	33962	State	true
441636	3534400	35344	035344	American Institute of Alternative Medicine	OH	56477	59560	33962	State	false
441645	3626300	36263	036263	Brown Aveda Institute-Mentor	OH	30248	31899	33962	State	true
441663	3642300	36423	036423	Institute of Technology	OR	45997	48508	35320	State	false
441672	3561400	35614	035614	Susquehanna County Career and Technology Center	PA	40825	43053	35008	State	false
441690	3531300	35313	035313	Universidad Pentecostal Mizpa	PR	18744	19767	16153	State	false
441706	3608300	36083	036083	Caribbean Forensic and Technical College	PR	22240	23454	16153	State	false
441742	3542300	35423	035423	Concorde Career College-Grand Prairie	TX	38038	40114	33352	State	false
441760	3627300	36273	036273	Lamar Institute of Technology	TX	59945	63217	33352	State	false
441788	3573300	35733	035733	Aviation Institute of Maintenance-Dallas	TX	66953	70608	33352	State	false
441830	3617300	36173	036173	Healing Mountain Massage School	UT	27310	28801	38052	State	true
441858	3654300	36543	036543	Eastern Virginia Career College	VA	55957	59011	35878	State	false
441876	3645400	36454	036454	Rudy & Kelly Academy A Paul Mitchell Partner School	VA	32003	33750	35878	State	true
441900	4114300	41143	041143	Nevada State University	NV	73626	77645	35918	State	false
441937	3980300	39803	039803	California State University-Channel Islands	CA	59304	62541	36565	State	false
441982	3946300	39463	039463	Franklin W Olin College of Engineering	MA	126895	133822	34635	National	false
442064	3949300	39493	G39493	Won Institute of Graduate Studies	PA					
442073	1246103	12461	E00913	Lincoln Technical Institute-Paramus	NJ	42316	44626	34635	National	false
442134	2217108	22171	E41287	Pima Medical Institute-Colorado Springs	CO	42937	45281	34635	National	false
442240	2531800	25318	016984	Paul Mitchell the School-Costa Mesa	CA	31116	32814	34635	National	true
442295	3691400	36914	G36914	Ave Maria School of Law	FL					
442329	961802	9618	015733	Tulsa Welding School-Jacksonville	FL	47453	50043	34635	National	false
442356	336716	3367	003367	Saint Joseph's University - Lancaster	PA	84010	88596	35008	State	false
442383	1057302	10573	E00996	West Virginia Junior College-Bridgeport	WV	33018	34820	32616	State	false
442426	2340500	23405	016848	St Louis College of Health Careers-Fenton	MO	39521	41678	33703	State	false
442435	2284309	22843	E00960	Interactive College of Technology-Gainesville	GA	34836	36738	34635	National	false
442444	2120704	21207	014741	San Joaquin Valley College-Ontario	CA	42211	44515	36565	State	false
442523	4138600	41386	041386	Alaska Christian College	AK					
442569	4122300	41223	041223	University of Arkansas Grantham	AR	62191	65586	34635	National	false
442602	2100612	21006	021006	Carrington College-Albuquerque	NM	39609	41771	34635	National	false
442611	822104	8221	E40548	NASCAR Technical Institute	NC	58404	61592	34635	National	false
442639	3218301	32183	032183	University of the Potomac-VA Campus	VA	107963	113856	34635	National	false
442657	3098700	30987	030987	Milan Institute-Palm Desert	CA	32079	33830	34635	National	true
442781	3784400	37844	037844	Tohono O'odham Community College	AZ					
442806	3709300	37093	G37093	Edward Via College of Osteopathic Medicine	VA					
442842	3027702	30277	E00983	Pacific College of Health and Science	IL	34536	36421	34635	National	false
442879	3593300	35933	035933	Southwest Institute of Healing Arts	AZ	32631	34412	35918	State	true
442888	2559402	25594	025594	InterCoast Colleges-Riverside	CA	48764	51426	36565	State	false
442976	3611300	36113	036113	Brighton Center's Center for Employment Training	KY	31157	32858	33352	State	true
442985	3681300	36813	036813	California Healing Arts College	CA	33807	35652	36565	State	true
443021	3682400	36824	036824	Dallas Barber & Stylist College	TX	19093	20135	33352	State	true
443030	3684300	36843	G36843	NorthShore University HealthSystem School of Nurse Anesthesia	IL					
443049	3689400	36894	036894	Faith International University	WA	52778	55659	34635	National	false
443058	3676300	36763	036763	Family of Faith Christian University	OK					
443076	3663300	36633	G36633	Hood Theological Seminary	NC					
443100	3452300	34523	034523	Colegio Educativo Tecnologico Industrial Inc	PR					
443137	3588300	35883	035883	Irene's Myomassology Institute	MI	25772	27179	32616	State	true
443146	3680300	36803	036803	Jay's Technical Institute	TX	27837	29356	33352	State	true
443207	3590400	35904	035904	NTMA Machinist Career College	CA	53590	56515	36565	State	false
443216	3650600	36506	036506	P C Age-Jersey City	NJ	56520	59605	36709	State	false
443225	3650603	36506	036506	PC AGE-Metropark	NJ	56520	59605	36709	State	false
443234	3706300	37063	037063	Hollywood Institute	FL	27037	28513	33352	State	true
443252	3661400	36614	036614	South Florida Institute of Technology	FL	38955	41081	33352	State	false
443261	3555400	35554	035554	Southeastern College-Charleston	SC	33941	35794	33703	State	false
443289	3670300	36703	036703	Tigi Hairdressing Academy-Colorado Springs	CO	28280	29824	39622	State	true
443298	3714300	37143	037143	Trend Barber College	TX	22158	23367	33352	State	true
443322	3612400	36124	036124	Valley Grande Institute for Academic Studies	TX	32880	34675	33352	State	false
443331	3698300	36983	036983	West Coast University-Los Angeles	CA	110100	116110	34635	National	false
443340	3513500	35135	035135	Williamson Christian College	TN					
443377	2174401	21744	015326	Triangle Tech Inc-Sunbury	PA	55212	58226	35008	State	false
443410	3724300	37243	037243	DigiPen Institute of Technology	WA	93273	98364	38829	State	false
443492	4038500	40385	040385	Pierpont Community and Technical College	WV	47693	50296	32616	State	false
443571	2559400	25594	025594	InterCoast Colleges-West Covina	CA	48764	51426	36565	State	false
443599	4194400	41944	041944	American College of Healthcare Sciences	OR	29713	31335	34635	National	true
443632	3068201	30682	E00985	Colorado Media School	CO	31953	33697	34635	National	true
443641	2531802	25318	E02114	Paul Mitchell the School-Rhode Island	RI	31116	32814	34635	National	true
443650	2306800	23068	016312	Miller-Motte College-Chattanooga	TN	34393	36270	34635	National	false
443669	2497309	24973	016801	Milan Institute-Sparks	NV	33999	35855	34635	National	false
443696	2331304	23313	E01030	Interactive College of Technology	TX	30722	32399	33352	State	true
443702	3747300	37473	G37473	Bexley Hall Seabury Western Theological Seminary Federation Inc.	IL					
443766	145938	1459	E40648	Strayer University-Tennessee	TN	68449	72185	34635	National	false
443784	145947	1459	E40654	Strayer University-Pennsylvania	PA	68449	72185	34635	National	false
443951	3735400	37354	037354	Charlie's Guard-Detective Bureau and Academy Inc	PR	17389	18338	16153	State	false
443979	2160901	21609	E01054	PCI Academy-Plymouth	MN	37914	39984	34635	National	false
444051	3319301	33193	E01020	Creative Images Institute of Cosmetology-South Dayton	OH	27631	29139	33962	State	true
444088	2218808	22188	E01662	Brookline College-Albuquerque	NM	41962	44253	34635	National	false
444103	4118000	41180	G41180	Byzantine Catholic Seminary of Saints Cyril and Methodius	PA					
444130	3813300	38133	038133	Northcentral University	CA	75912	80056	36565	State	false
444194	3758300	37583	037583	Bayamon Community College	PR	20403	21517	16153	State	false
444219	3871300	38713	038713	Folsom Lake College	CA	58876	62090	36565	State	false
444228	3746300	37463	037463	LeGrand Institute of Cosmetology Inc	SC	29225	30820	33703	State	true
444264	3785300	37853	037853	Cambridge Technical Institute	PR	16284	17173	16153	State	false
444282	1054204	10542	010542	Empire Beauty School-Midlothian	VA	27559	29063	34635	National	true
444291	966401	9664	009664	Empire Beauty School-Owings Mills	MD	26908	28377	34635	National	true
444307	966406	9664	009664	Empire Beauty School-West Mifflin	PA	26908	28377	34635	National	true
444325	3740400	37404	037404	ATI College-Whittier	CA	41595	43865	36565	State	false
444334	3757300	37573	037573	Advance Science International College	FL	57011	60123	33352	State	false
444361	3532400	35324	035324	ATA College	CA	34485	36367	36565	State	true
444370	3491400	34914	034914	American Advanced Technicians Institute	FL	45076	47536	33352	State	false
444398	3733300	37333	037333	Baptist University of the Americas	TX	54430	57401	33352	State	false
444404	3801400	38014	038014	The Beauty Institute	FL	27855	29375	33352	State	true
444413	3713300	37133	037133	Beis Medrash Heichal Dovid	NY					
444440	3783300	37833	037833	Blue Cliff Career College	AL	26352	27790	31815	State	true
444468	3841300	38413	038413	Lawrenceburg Technical College	TN					
444486	3777300	37773	037773	Paul Mitchell the School-Charlotte	NC	28469	30023	32616	State	true
444510	3695300	36953	036953	CES College	CA	35255	37179	36565	State	false
444529	3759300	37593	037593	Stellar Career College	CA	36035	38002	34635	National	false
444556	3727600	37276	037276	Auguste Escoffier School of Culinary Arts-Austin	TX	37636	39690	33352	State	false
444565	3723300	37233	037233	Culinary Institute Inc	TX	37938	40009	33352	State	false
444583	3751300	37513	037513	Escuela Hotelera de San Juan	PR	20977	22122	16153	State	false
444635	3776400	37764	037764	Orion Institute	OH	24826	26181	33962	State	true
444671	3781400	37814	037814	Industrial Technical College	PR	20217	21321	16153	State	false
444699	3735300	37353	037353	Institute of Clinical Acupuncture & Oriental Medicine	HI					
444714	3804400	38044	038044	Gwinnett College-Marietta Campus	GA	38438	40536	32616	State	false
444732	3552300	35523	035523	Leston College	PR	17395	18345	16153	State	false
444778	3827300	38273	038273	Charlotte Christian College and Theological Seminary	NC					
444787	3838300	38383	038383	Nightingale College	UT	82987	87517	34635	National	false
444811	3781300	37813	G37813	PITC Institute	PA	69218	72996	35008	State	false
444857	3829500	38295	038295	Skinworks School of Advanced Skincare	UT	34369	36245	38052	State	true
444866	3746400	37464	037464	Southeastern College-Columbia	SC	32183	33940	33703	State	false
444936	3814300	38143	038143	Turning Point Beauty College	AZ	31427	33142	35918	State	true
444945	3789300	37893	037893	Unitech Training Academy-Lafayette	LA	27850	29370	32616	State	true
444954	4041400	40414	040414	Mountwest Community and Technical College	WV	45495	47978	32616	State	false
445027	2113600	21136	014720	American InterContinental University System	AZ	50399	53150	34635	National	false
445054	4169500	41695		Toyota Technological Institute at Chicago	IL					
445133	2113610	21136	E01051	American InterContinental University-Houston	TX	50399	53150	34635	National	false
445188	4127100	41271	041271	University of California-Merced	CA	65410	68980	36565	State	false
445203	3026501	30265	030265	Remington College-North Houston Campus	TX	33677	35515	34635	National	false
445212	2531803	25318	E02115	Paul Mitchell the School-Orlando	FL	31116	32814	34635	National	true
445230	2217109	22171	E41289	Pima Medical Institute-Las Vegas	NV	42937	45281	34635	National	false
445249	3026519	30265	030265	Remington College-Nashville Campus	TN	33677	35515	34635	National	false
445364	1287201	12872	012872	North-West College-Riverside	CA	40350	42553	36565	State	false
445498	3800300	38003	038003	Colegio Tecnico de Electricidad Galloza	PR	18661	19680	16153	State	false
445540	2538500	25385	017020	Arthur's Beauty College	AR	28726	30294	32427	State	true
445647	2104403	21044	014572	Spa Tech Institute-Westboro	MA	32586	34365	34635	National	true
445656	2104404	21044	014572	Spa Tech Institute-Plymouth	MA	32586	34365	34635	National	true
445692	1009800	10098	009948	Neumont College of Computer Science	UT					
445708	340410	3404	003404	Johnson & Wales University-Charlotte	NC	54530	57507	34635	National	false
445735	4065300	40653	040653	Roseman University of Health Sciences	NV	106489	112302	35918	State	false
445744	3480302	34803	038363	Fortis Institute-Port Saint Lucie	FL	39556	41715	34635	National	false
445762	3883400	38834	038834	Aviation Institute of Maintenance-Manassas	VA	67785	71485	35878	State	false
445780	3832400	38324	038324	Cosmetology School of Arts & Sciences	ID					
445799	2362002	23620	016696	Universal Technical Institute of Pennsylvania Inc	PA	57080	60196	34635	National	false
445841	2341103	23411	E40438	Kenneth Shuler School of Cosmetology-Spartanburg	SC	26820	28284	33703	State	true
445850	2341104	23411	E40439	Kenneth Shuler School of Cosmetology-Columbia	SC	26820	28284	33703	State	true
445869	3872400	38724	G38724	Divine Mercy University	VA					
445911	730303	7303	007303	Lincoln Technical Institute-Shelton	CT	47136	49709	34635	National	false
445948	3838500	38385	038385	Northwest Career College	NV	36673	38675	35918	State	false
445957	3891300	38913	038913	Soma Institute-The National School of Clinical Massage Therapy	IL	33882	35731	34790	State	false
446002	3833300	38333	038333	American Academy of Health and Wellness	MN					
446039	3695500	36955	036955	Arizona School of Acupuncture and Oriental Medicine	AZ					
446048	3941300	39413	039413	Ave Maria University	FL	59489	62736	34635	National	false
446084	3914300	39143	039143	CALC Institute of Technology	IL	37939	40010	34790	State	false
446093	3874300	38743	G38743	Sutter County Career Training Center	CA	36445	38434	36565	State	false
446109	3842500	38425	038425	Cambridge College of Healthcare & Technology	FL	55111	58119	33352	State	false
446118	3797400	37974	037974	Career Care Institute	CA	44045	46449	36565	State	false
446127	4038302	40383	E02088	ATA Career Education	FL	40854	43084	34635	National	false
446163	3874400	38744	038744	Community Christian College	AZ					
446206	3876300	38763	038763	Culpeper Cosmetology Training Center	VA	27924	29448	35878	State	true
446224	3811300	38113	038113	Eastern School of Acupuncture and Traditional Medicine	NJ					
446233	3855300	38553	038553	Ecclesia College	AR	44055	46460	32427	State	false
446242	3885300	38853	G38853	Employment Solutions-College for Technical Education	KY	25640	27040	33352	State	true
446251	3881400	38814	038814	Estelle Medical Academy	IL	28267	29810	34635	National	true
446260	3917300	39173	039173	Evergreen Beauty and Barber College-Everett	WA	33167	34977	38829	State	true
446288	3907300	39073	039073	Paul Mitchell the School-Great Lakes	MI	27616	29123	34635	National	true
446303	3803300	38033	038033	Healthcare Training Institute	NJ	42547	44869	36709	State	false
446349	3734300	37343	037343	John D Rockefeller IV Career Center	WV	54005	56953	32616	State	false
446385	3868400	38684	038684	Los Angeles College of Music	CA	33938	35791	36565	State	true
446516	3638300	36383	036383	Rosslyn Training Academy of Cosmetology	PR					
446525	3830300	38303	038303	SAE Institute of Technology-Nashville	TN	32154	33909	34635	National	true
446552	3903500	39035	039035	Southern Technical College	FL	35576	37518	33352	State	false
446561	3889300	38893	G38893	Stanbridge University	CA	67498	71182	36565	State	false
446598	3821400	38214	038214	Universal College of Healing Arts	NE	25738	27143	35918	State	true
446604	3802300	38023	038023	Uta Mesivta of Kiryas Joel	NY	27957	29483	33962	State	true
446640	3948300	39483	039483	Harrisburg University of Science and Technology	PA	55281	58299	35008	State	false
446774	3957300	39573	039573	Blue Ridge Community and Technical College	WV	45612	48102	32616	State	false
447014	3939600	39396	039396	Daytona College	FL	31951	33695	33352	State	false
447023	3368301	33683	033683	Delta Technical College-Mississippi	MS	36025	37991	34635	National	false
447050	4005300	40053	040053	United States University	CA	81794	86259	36565	State	false
447148	1260606	12606	012606	Empire Beauty School-Avondale	AZ	26762	28223	34635	National	true
447166	2173206	21732	015331	Empire Beauty School-Littleton	CO	24506	25844	34635	National	true
447175	2173207	21732	015067	Empire Beauty School-Aurora	CO	24506	25844	34635	National	true
447263	2270800	22708	016027	Joyce University of Nursing and Health Sciences	UT	74544	78613	38052	State	false
447351	2120706	21207	014741	San Joaquin Valley College-Modesto	CA	42211	44515	36565	State	false
447421	2178501	21785	015359	Eagle Gate College-Layton	UT	49128	51810	34635	National	false
447449	3276301	32763	E40478	Academy of Hair Design-Jasper	TX	17432	18384	33352	State	true
447467	3789301	37893	037893	Unitech Training Academy-West Monroe	LA	27850	29370	32616	State	true
447582	3960300	39603	039603	New River Community and Technical College	WV	39109	41244	32616	State	false
447591	3128101	31281	031281	The College of Health Care Professions-Southwest Houston	TX	35515	37454	33352	State	false
447607	2559309	25593	E01886	UEI College-Chula Vista	CA	34461	36342	34635	National	false
447616	2559310	25593	E01887	UEI College-West Covina	CA	34461	36342	34635	National	false
447689	4142900	41429	041429	Georgia Gwinnett College	GA	56872	59976	32616	State	false
447698	3617500	36175	G36175	Phoenix Institute of Herbal Medicine & Acupuncture	AZ					
447704	4059300	40593	040593	Tucson College of Beauty	AZ	26326	27763	35918	State	true
447713	3974500	39745	039745	California Career College	CA	105760	111533	36565	State	false
447722	4014400	40144	040144	Palladium Technical Academy Inc	CA	30898	32585	36565	State	true
447731	4001300	40013	040013	Los Angeles College of Aesthetics	CA	19612	20683	36565	State	true
447759	3910400	39104	039104	National Polytechnic College	CA	42752	45086	36565	State	false
447768	3971300	39713	039713	American Career College-Ontario	CA	43139	45494	36565	State	false
447777	4057300	40573	040573	Asher College	CA	46572	49114	34635	National	false
447795	3962300	39623	039623	American Institute of Massage Therapy	CA	22815	24060	36565	State	true
447801	3995300	39953	039953	University of East-West Medicine	CA					
447810	4003300	40033	040033	Blake Austin College	CA	44090	46497	36565	State	false
447847	3986300	39863	G39863	Aviator College of Aeronautical Science and Technology	FL					
447865	4029300	40293	040293	Trendsetters School of Beauty & Barbering	FL	19191	20239	33352	State	true
447883	4016500	40165	040165	American Institute of Beauty	FL	25632	27031	33352	State	true
447892	3557300	35573	035573	North Florida Cosmetology Institute	FL	20333	21443	33352	State	true
447908	3823300	38233	038233	Florida Academy of Health & Beauty	FL	18876	19906	33352	State	true
447917	4021300	40213	040213	Augusta School of Massage	GA	24044	25356	32616	State	true
447935	4038300	40383	040383	ATA College	KY	40854	43084	34635	National	false
447953	3752400	37524	037524	SUM Bible College and Theological Seminary	CA	38089	40168	34635	National	false
447962	4040300	40403	040403	Compass Career College	LA	29232	30828	32616	State	true
447971	3965500	39655	039655	Hair Expressions Academy	MD	32149	33904	36965	State	true
447980	4006300	40063	040063	Nuvo College of Cosmetology	MI	22798	24042	32616	State	true
447999	3970400	39704	039704	WellSpring School of Allied Health-Kansas City	MO	32078	33829	34635	National	true
448026	4031300	40313	040313	The Salon Professional Academy-Fargo	ND	36100	38071	36955	State	false
448071	3839300	38393	038393	Aveda Arts & Sciences Institute-New York	NY	31595	33320	33962	State	true
448123	3965400	39654	039654	MyrAngel Beauty Institute	PR	12809	13508	16153	State	true
448196	3987300	39873	039873	Texas Health School	TX	40621	42838	33352	State	false
448220	3909300	39093	039093	Paul Mitchell the School-Logan	UT	27595	29101	38052	State	true
448239	3463300	34633	034633	Careers Unlimited	UT	44633	47069	38052	State	false
448248	3413300	34133	034133	Mountainland Technical College	UT	39284	41428	38052	State	false
448257	4038400	40384	040384	Avi Career Training	VA	26411	27853	34635	National	true
448275	4028300	40283	040283	Mountain State School of Massage	WV	26436	27879	32616	State	true
448372	2120707	21207	014741	San Joaquin Valley College-Rancho Cordova	CA	42211	44515	36565	State	false
448424	2256200	22562	015930	Broken Arrow Beauty College	OK	24127	25444	32616	State	true
448433	2100505	21005	E40554	Universal Technical Institute of Northern California Inc	CA	50463	53218	34635	National	false
448594	4111300	41113	041113	Lemoore College	CA	43402	45771	36565	State	false
448600	486607	4866	004866	Stautzenberger College-Brecksville	OH	37799	39862	34635	National	false
448646	3789302	37893	037893	Unitech Training Academy-Houma	LA	27850	29370	32616	State	true
448673	869402	8694	E01244	Rasmussen University-Illinois	IL	59996	63271	34635	National	false
448691	4206100	42061		International Institute for Restorative Practices	PA					
448770	1162101	11621	011621	Automotive Training Center-Warminster	PA	50826	53600	35008	State	false
448798	1260612	12606	012606	Empire Beauty School-Milwaukee	WI	26762	28223	34635	National	true
448859	2129003	21290	014895	Triangle Tech Inc-Bethlehem	PA	55189	58202	35008	State	false
448895	3422301	34223	034223	Milan Institute-Clovis	CA	29355	30957	34635	National	true
449038	145943	1459	001459	Strayer University-Florida	FL	68449	72185	34635	National	false
449074	2217110	22171	E41291	Pima Medical Institute-Renton	WA	42937	45281	34635	National	false
449083	3071600	30716	030716	CBT Technology Institute-Main Campus	FL	42262	44569	33352	State	false
449092	3071602	30716	030716	CBT Technology Institute-Hialeah	FL	42262	44569	33352	State	false
449135	3112107	31121	E01225	Dewey University-Juana Diaz	PR	24524	25863	16153	State	false
449250	3128102	31281	031281	The College of Health Care Professions-San Antonio	TX	35515	37454	33352	State	false
449311	928401	9284	009284	Brittany Beauty Academy	NY	21467	22639	33962	State	true
449320	793809	7938	E01255	Lincoln Technical Institute-Whitestone	NY	51742	54566	34635	National	false
449339	3819300	38193	038193	American Public University System	WV	70107	73934	34635	National	false
449348	3894300	38943	038943	Huntsville Bible College	AL					
449357	3999300	39993	039993	Beaumont Adult School	CA	58318	61501	36565	State	false
449384	4076400	40764	040764	Gnomon	CA	97872	103214	36565	State	false
449393	4115300	41153	041153	Coachella Valley Beauty College	CA	18908	19940	36565	State	true
449454	4093300	40933	040933	Academy of Natural Therapy Inc	CO	33272	35088	39622	State	true
449463	4104300	41043	041043	Academy Di Capelli-School of Cosmetology	CT	27498	28999	36709	State	true
449472	3702300	37023	037023	Delaware Learning Institute of Cosmetology	DE	33952	35805	34635	State	false
449481	3888300	38883	G38883	Dragon Rises College of Oriental Medicine	FL					
449490	4106300	41063	041063	Palm Beach Academy of Health & Beauty	FL	25893	27306	33352	State	true
449506	3696400	36964	036964	SABER College	FL	36937	38953	33352	State	false
449524	4116600	41166	041166	Taylor College	FL	67357	71034	33352	State	false
449603	4100300	41003	041003	Denmark College	IN	34651	36542	34790	State	false
449612	4112300	41123	041123	Louisiana Culinary Institute	LA	36043	38010	32616	State	false
449658	4081300	40813	040813	Bais Medrash Toras Chesed	NJ					
449676	4043300	40433	040433	Ace Institute of Technology	NY	39259	41402	33962	State	false
449685	4102300	41023	041023	New Age Training	NY	37928	39998	33962	State	false
449700	4117300	41173	041173	Dayton School of Medical Massage	OH	27958	29484	33962	State	true
449728	4060300	40603	040603	ATA College	OK	59574	62826	32616	State	false
449764	3982300	39823	039823	Visible Music College	TN	36048	38016	32829	State	false
449773	4089400	40894	040894	CCI Training Center-Arlington	TX	39373	41522	34635	National	false
449807	4036300	40363	040363	Southeast Texas Career Institute	TX	21456	22627	33352	State	true
449816	4054300	40543	040543	Southwest Technical College	UT	40193	42387	38052	State	false
449834	3966300	39663	039663	Virginia Beach Theological Seminary	VA					
449861	4117400	41174	041174	Milwaukee Career College	WI	36832	38842	37201	State	false
449870	3696300	36963	036963	University of the West	CA	52247	55099	36565	State	false
449889	4151300	41513		American College of Education	IN					
449898	1303908	13039	013039	South University-Tampa	FL	68975	72740	34635	National	false
449904	2248204	22482	013674	Milan Institute of Cosmetology-San Antonio Military	TX	24629	25973	34635	National	true
449922	4180600	41806	G41806	Appalachian College of Pharmacy	VA					
449959	2531805	25318	E02117	Paul Mitchell the School-Tampa	FL	31116	32814	34635	National	true
449968	2531804	25318	E02116	Paul Mitchell the School-San Diego	CA	31116	32814	34635	National	true
449977	2531806	25318	E02118	Paul Mitchell the School-Michigan	MI	31116	32814	34635	National	true
449986	4158200	41582	041582	Paul Mitchell the School-Sherman Oaks	CA	24361	25691	36565	State	true
449995	2149901	21499	E02163	Paul Mitchell the School-Tysons Corner	VA	32122	33875	34635	National	true
450058	1031904	10319	010319	Fortis College-Columbus	OH	40980	43217	34635	National	false
450067	1031905	10319	010319	Fortis College-Cincinnati	OH	40980	43217	34635	National	false
450128	3294304	32943	032943	Blue Cliff College-Alexandria	LA	26644	28098	34635	National	true
450298	145948	1459	001459	Strayer University-Delaware	DE	68449	72185	34635	National	false
450377	145953	1459	001459	Strayer University-Alabama	AL	68449	72185	34635	National	false
450395	3626301	36263	036263	Brown Aveda Institute-Strongsville	OH	30248	31899	33962	State	true
450401	3367401	33674	033674	Clary Sage College	OK	31820	33557	32616	State	false
450571	869414	8694	E01295	Rasmussen University-Wisconsin	WI	59996	63271	34635	National	false
450599	1054206	10542	010542	Empire Beauty School-Richmond	VA	27559	29063	34635	National	true
450605	817805	8178	008178	Empire Beauty School-North Hills	PA	26668	28124	34635	National	true
450614	945909	9459	009459	Empire Beauty School-Concord	NC	27175	28658	34635	National	true
450632	4123900	41239	041239	Lexington Healing Arts Academy	KY	24186	25506	33352	State	true
450641	864500	8645	014177	Empire Beauty School-Hooksett	NH	35339	37268	41048	State	true
450650	3808300	38083	038083	The Institute of Beauty and Wellness	WI	35085	37000	37201	State	true
450696	974803	9748	009748	Carrington College-Stockton	CA	47661	50263	36565	State	false
450711	3714301	37143	037143	Trend Barber College	TX	22158	23367	33352	State	true
450720	1246110	12461	E01265	Euphoria Institute of Beauty Arts & Sciences-Summerlin	NV	42316	44626	34635	National	false
450933	4121500	41215	041215	Columbia Southern University	AL	80589	84988	34635	National	false
450951	4120900	41209	041209	Arizona Culinary Institute	AZ	42087	44384	35918	State	false
450960	4132700	41327	041327	Healthcare Career College	CA	37765	39826	36565	State	false
450988	4092300	40923	040923	Coastline Beauty College	CA	17274	18217	36565	State	true
451042	4128800	41288	041288	Branford Academy of Hair & Cosmetology	CT	38040	40116	36709	State	false
451051	4130700	41307	041307	Academy of Massage and Bodywork	DE	32178	33934	34635	State	true
451079	4133500	41335	041335	Academy for Five Element Acupuncture	FL					
451097	4126900	41269	041269	Academy of Career Training	FL	20962	22106	33352	State	true
451103	4128400	41284	041284	Miami Regional University	FL	84595	89213	33352	State	false
451149	4119400	41194	041194	Aveda Institute-South Florida	FL	30016	31654	33352	State	true
451158	4134800	41348	041348	Aveda Institute-Tallahassee	FL	29369	30972	33352	State	true
451167	4130400	41304	041304	Shear Excellence Hair Academy	FL	17940	18919	33352	State	true
451194	3720300	37203	037203	Carlson College of Massage Therapy	IA	27756	29271	36709	State	true
451228	4121000	41210	041210	MyComputerCareer at Indianapolis	IN	50543	53302	34635	National	false
451237	4132900	41329	041329	Z Hair Academy	KS	28692	30258	33921	State	true
451255	4116900	41169	041169	DiGrigoli School of Cosmetology	MA	25901	27315	39139	State	true
451282	4121100	41211	041211	Elevate Salon Institute	MI	24677	26024	32616	State	true
451291	3968300	39683	039683	Lakewood School of Therapeutic Massage	MI	24111	25427	32616	State	true
451307	4138400	41384	041384	The Salon Professional Academy-Battle Creek	MI	26750	28210	32616	State	true
451316	4133300	41333	041333	Trend Setters School	MO					
451334	4037500	40375	040375	Academy of Hair Design-Springfield	MO	26713	28171	34635	National	true
451343	4131300	41313	041313	Corinth Academy of Cosmetology	MS	16720	17633	30786	State	true
451352	3555300	35553	035553	Southeastern College-Charlotte	NC	35871	37829	32616	State	false
451370	4123400	41234	041234	Yeshivas Be'er Yitzchok	NJ	95988	101228	36709	State	false
451398	4131100	41311	041311	Yeshiva Toras Chaim	NJ					
451404	4115500	41155	041155	Talmudical Seminary of Bobov	NY	20372	21484	33962	State	true
451413	1161700	11617	011617	Center for Allied Health Education	NY	86490	91211	33962	State	false
451468	3837300	38373	038373	Aveda Fredric's Institute-Cincinnati	OH	32289	34052	33962	State	false
451477	4124500	41245	041245	MyComputerCareer at Columbus	OH	52084	54927	34635	National	false
451495	4127500	41275	041275	CDE Career Institute	PA	29085	30673	34635	National	true
451501	4117200	41172	041172	Instituto Educativo Premier	PR	16818	17736	16153	State	false
451510	4096300	40963	G40963	Charleston School of Law	SC					
451529	4124100	41241	041241	Elite College of Cosmetology	TN					
451547	4125500	41255	041255	Manuel and Theresa's School of Hair Design-Bryan	TX	23679	24972	33352	State	true
451556	4131700	41317	041317	Southwest University at El Paso	TX	36187	38162	33352	State	false
451565	4125400	41254	041254	Paul Mitchell the School-Austin	TX	33969	35823	33352	State	false
451574	4072300	40723	040723	Aveda Institute-Provo	UT	38286	40376	38052	State	false
451583	4121700	41217	041217	Dixie Technical College	UT	46064	48578	38052	State	false
451626	4127200	41272	041272	Victoria's Academy of Cosmetology	WA	24130	25447	38829	State	true
451714	1248301	12483	012483	Paul Mitchell the School-San Antonio	TX	29983	31620	33352	State	true
451750	267814	2678	E40761	Bryant & Stratton College-Wauwatosa	WI	43374	45742	34635	National	false
451857	3026504	30265	030265	Remington College-Houston Southeast Campus	TX	33677	35515	34635	National	false
451866	3026513	30265	030265	Remington College-Shreveport Campus	LA	33677	35515	34635	National	false
451918	2275000	22750	016051	TC Beauty	TN	23018	24274	32829	State	true
451927	3951300	39513		Patrick Henry College	VA					
452009	4139400	41394	041394	The Hair Academy	ND	34894	36799	36955	State	true
452072	2180107	21801	015383	Ross Medical Education Center-New Baltimore	MI	31944	33688	34635	National	true
452081	2339702	23397	016611	Ross College-Sylvania	OH	34405	36283	34635	National	false
452106	2241909	22419	E01002	Escuela De Troqueleria Y Herramentaje	PR					
452124	3480303	34803	E01393	Fortis Institute-Nashville	TN	39556	41715	34635	National	false
452373	4038304	40383	E40487	ATA College-Cincinnati	OH	40854	43084	34635	National	false
452771				Dental Assistant Pro LLC-Columbus	OH					
452780				Dental Assistant Pro-Lebanon	OH					
452887	4206700	42067	042067	Elite Welding Academy LLC	OH	55281	58299	34635	National	false
452948	3083703	30837	015924	Galen College of Nursing-Cincinnati	OH	79047	83362	34635	National	false
453163	145944	1459	001459	Strayer University-North Carolina	NC	68449	72185	34635	National	false
453215	145985	1459	001459	Strayer University-New Jersey	NJ	68449	72185	34635	National	false
453297				International Culinary Arts and Sciences Institute	OH					
453756	3068202	30682	E01629	Ohio Media School-Columbus	OH	31953	33697	34635	National	true
453792	4177300	41773	041773	Ohio Medical Career College	OH	66340	69961	33962	State	false
454227	638500	6385	006385	Chamberlain University-Illinois	IL	97262	102571	34635	National	false
454236	638501	6385	006385	Chamberlain University-Ohio	OH	97262	102571	34635	National	false
454245	638503	6385	006385	Chamberlain University-Arizona	AZ	97262	102571	34635	National	false
454537	4138200	41382	041382	The Salon Professional Academy-Appleton	WI	33067	34872	37201	State	true
454546	2248205	22482	013674	Milan Institute of Cosmetology-Vacaville	CA	24629	25973	34635	National	true
454555	2248200	22482	013674	Milan Institute of Cosmetology-Reno	NV	24629	25973	34635	National	true
454607	2577000	25770	017317	Paul Mitchell the School-Esani	GA	36662	38663	32616	State	false
454652	4149200	41492	041492	Paul Mitchell the School-Birmingham	AL	23564	24850	31815	State	true
454689	4100400	41004	G41004	Taft University System	CO	86189	90894	39622	State	false
454698	4115600	41156	041156	Mayfield College	CA	37685	39742	36565	State	false
454722	4132400	41324	041324	Academy of Esthetics and Cosmetology	CA	27915	29439	36565	State	true
454759	4137200	41372	041372	Borner's Barber College	CA	28304	29849	36565	State	true
454768	4138700	41387	041387	Paul Mitchell the School-Pasadena	CA	28294	29838	36565	State	true
454777	4141300	41413	041413	San Francisco Institute of Esthetics & Cosmetology Inc	CA	38644	40753	36565	State	false
454786	4141400	41414	041414	Laurus College	CA	39388	41538	36565	State	false
454795	4141700	41417	041417	Healing Hands School of Holistic Health	CA	31114	32812	36565	State	true
454801	4144200	41442	041442	Career Development Institute Inc	CA	66367	69990	36565	State	false
454810	3776300	37763	037763	Auguste Escoffier School of Culinary Arts-Boulder	CO	36127	38099	34635	National	false
454829	4080300	40803	040803	Aspen University	AZ	80603	85003	34635	National	false
454838	4121200	41212	G41212	Institute of Taoist Education and Acupuncture	CO					
454856	4148300	41483	041483	Denver College of Nursing	CO	83784	88357	34635	National	false
454865	4083400	40834	040834	Cambridge College of Healthcare & Technology	FL	51259	54057	34635	National	false
454874	4135000	41350	041350	Cozmo Beauty School	FL	33007	34809	33352	State	false
454917	4145900	41459	041459	Celebrity School of Beauty	FL	16463	17362	33352	State	true
454926	4147000	41470	041470	Paul Mitchell the School-Atlanta	GA	28342	29889	32616	State	true
454935	4134300	41343	041343	Evans Hairstyling College-Rexburg	ID	22935	24187	35094	State	true
454944	4144500	41445	041445	Paul Mitchell the School-Rexburg	ID	25338	26721	35094	State	true
454953	4136900	41369	041369	University of Aesthetics & Cosmetology	IL	36549	38544	34790	State	false
454962	4137000	41370	041370	The University of Aesthetics & Cosmetology	IL	32694	34479	34790	State	true
454971	4137500	41375	041375	Tricoci University of Beauty Culture-Chicago NW	IL	31963	33708	34790	State	true
454980	4147300	41473	041473	Tricoci University of Beauty Culture-Glendale Heights	IL	34340	36214	34790	State	false
454999	4147400	41474	041474	Tricoci University of Beauty Culture-Peoria	IL	28326	29872	34790	State	true
455008	4147500	41475	041475	Tricoci University of Beauty Culture-Rockford	IL	22179	23390	34790	State	true
455026	4141600	41416	041416	Omega Studios' School of Applied Recording Arts & Sciences	MD	28958	30539	36965	State	true
455062	4141100	41411	041411	French Academy of Cosmetology	MI	27237	28724	32616	State	true
455071	4130600	41306	041306	Healing Arts Center	MO	30294	31948	33703	State	true
455080	4145700	41457	041457	Paul Mitchell the School-Springfield	MO	25301	26682	33703	State	true
455099	4146100	41461	G41461	Urshan Graduate School of Theology	MO					
455105	4140200	41402	041402	Mississippi Institute of Aesthetics Nails & Cosmetology	MS	23213	24480	30786	State	true
455114	4211800	42118	042118	College of Western Idaho	ID	47903	50518	35094	State	false
455141	4140700	41407	041407	Aveda Institute-Chapel Hill	NC	32524	34299	32616	State	false
455178	4146400	41464	G41464	Daoist Traditions College of Chinese Medical Arts	NC					
455187	4131200	41312	041312	Total Image Beauty Academy	NJ	19172	20219	36709	State	true
455196	4134100	41341	041341	Jersey College	NJ	88785	93631	34635	National	false
455202	4136400	41364	041364	American Institute of Medical Sciences & Education	NJ	56760	59858	36709	State	false
455211	4147600	41476	041476	Casal Institute of Nevada	NV	30042	31682	35918	State	true
455220	4125600	41256	041256	Career School of NY	NY	21415	22584	33962	State	true
455257	4138100	41381	041381	Yeshiva of Machzikai Hadas	NY	20564	21686	33962	State	true
455275	4137800	41378	041378	Aveda Institute-Columbus	OH	31803	33539	33962	State	true
455284	4149100	41491	041491	Paul Mitchell the School-Cincinnati	OH	27596	29102	33962	State	true
455327	3970300	39703	039703	Hands on Therapy	TX	30441	32103	33352	State	true
455336	4129800	41298	041298	MediaTech Institute-Dallas	TX	32830	34622	33352	State	false
455354	4142300	41423	041423	Aveda Arts & Sciences Institute-San Antonio	TX	27641	29150	33352	State	true
455381	4145500	41455	041455	Skin Science Institute	UT	28584	30144	38052	State	true
455406	4130500	41305	G41305	Pacific Northwest University of Health Sciences	WA					
455433	2155305	21553	B07022	The Chicago School at Anaheim	CA					
455460	3361400	33614	033614	Fortis College-Dothan	AL	33938	35791	34635	National	false
455479	2341001	23410	016592	Fortis Institute-Pensacola	FL	33893	35743	34635	National	false
455488	2341002	23410	016592	Fortis College-Montgomery	AL	33893	35743	34635	National	false
455512	4143800	41438	041438	Woodland Community College	CA					
455628	3480305	34803	034803	Fortis Institute-Birmingham	AL	39556	41715	34635	National	false
455664	2155300	21553	B07022	The Chicago School at Los Angeles	CA	82068	86548	34635	National	false
455707	4066300	40663	040663	Cardiac and Vascular Institute of Ultrasound	AL	66057	69663	31815	State	false
455725	4152900	41529	041529	Studio Academy of Beauty	AZ	29675	31295	35918	State	true
455734	3935300	39353	039353	California Nurses Educational Institute	CA	47181	49756	36565	State	false
455761	4152800	41528	041528	Paul Mitchell the School-Sacramento	CA	32137	33891	36565	State	true
455770	4153900	41539	041539	Providence Christian College	CA	46288	48815	36565	State	false
455798	4145400	41454	041454	Oxford Academy of Hair Design Inc	CT	24143	25461	36709	State	true
455804	4114400	41144	G41144	Institute of World Politics	DC					
455813	4142700	41427	G41427	Pontifical John Paul II Institute for Studies on Marriage and Family	DC					
455831	4148500	41485	041485	Medical Institute of Palm Beach	FL	33141	34950	33352	State	false
455859	4155200	41552	041552	Oliver Finley Academy of Cosmetology	ID	30231	31881	35094	State	true
455868	4146000	41460	041460	National Career College	CA	40254	42451	36565	State	false
455877	4141000	41410	041410	The Aveda Institute of Beauty and Wellness Chicago	IL	34900	36805	34790	State	false
455886	4147100	41471	041471	Tricoci University of Beauty Culture-Libertyville	IL	32736	34523	34790	State	true
455895	4147200	41472	041472	Tricoci University of Beauty Culture-Bridgeview	IL	27704	29216	34790	State	true
455901	4151800	41518	041518	The Temple-A Paul Mitchell Partner School	MD	33347	35167	36965	State	true
455910	4129400	41294	041294	Center for Massage	NC	21553	22729	32616	State	true
455929	4144400	41444	041444	The Academy of Hair Design LLC	OK	20792	21927	32616	State	true
455965	4141200	41412	041412	COLLECTIV Academy-Cranston	RI	32315	34079	38052	State	true
455974	4146800	41468	E41108	South Texas Training Center	TX	26439	27882	33352	State	true
455983	4127300	41273	041273	Columbia College	VA	29040	30625	34635	National	true
455992	369700	3697	003697	Vermont College of Fine Arts	VT					
456001	4146900	41469	041469	Advanced Welding Institute	VT	51769	54595	34635	National	false
456029	3253300	32533	032533	Paul Mitchell the School-Memphis	TN	25086	26455	32829	State	true
456038	2217111	22171	E41293	Pima Medical Institute-East Valley	AZ	42937	45281	34635	National	false
456065	4126000	41260	041260	Paul Mitchell the School-Cleveland	OH	25211	26587	33962	State	true
456074	4153300	41533	041533	Paul Mitchell the School-Columbus	OH	34620	36510	33962	State	false
456135	945912	9459	009459	Empire Beauty School-Spring Lake Park	MN	27175	28658	34635	National	true
456205	2306823	23068	E01513	Miller-Motte College-Raleigh	NC	34393	36270	34635	National	false
456214	2128302	21283	E01378	Lamson Institute	TX	49241	51929	34635	National	false
456287	2079701	20797	014176	College of Hair Design-East Campus	NE	30904	32591	35918	State	true
456454	941202	9412	009412	Fortis College-Salt Lake City	UT	45736	48233	34635	National	false
456481	2100001	21000	014255	Polytechnic University of Puerto Rico-Miami	FL	69903	73719	34635	National	false
456490	2100002	21000	014255	Polytechnic University of Puerto Rico-Orlando	FL	69903	73719	34635	National	false
456506	2533602	25336	015367	Ross Medical Education Center-Fort Wayne	IN	32987	34788	34635	National	false
456515	2099704	20997	014621	Ross Medical Education Center-Battle Creek	MI	31741	33474	34635	National	true
456542	4167200	41672	G41672	Geisinger Commonwealth School of Medicine	PA	81984	86459	35008	State	false
456551	1040602	10406	010406	Josef's School of Hair Skin & Body-Fargo	ND	33735	35576	36955	State	true
456579	2306813	23068	E01788	Miller-Motte College-Berks Technical Institute-Allentown	PA	34393	36270	34635	National	false
456588	1309501	13095	013095	Salon Success Academy-Fontana	CA	20227	21331	36565	State	true
456597	1309502	13095	013095	Salon Success Academy-Redlands	CA	20227	21331	36565	State	true
456621	145974	1459	001459	Strayer University-West Virginia	WV	68449	72185	34635	National	false
456825	2554801	25548	017180	Paul Mitchell the School-Baton Rouge	LA	21837	23029	32616	State	true
456852	2120708	21207	014741	San Joaquin Valley College-Hesperia	CA	42211	44515	36565	State	false
456922	2306834	23068	E01300	South Texas Vocational Technical Institute-Brownsville	TX	34393	36270	34635	National	false
456931	2306810	23068	E01653	Miller-Motte College-STVT-Corpus Christi	TX	34393	36270	34635	National	false
456959	396903	3969	003969	University of Minnesota-Rochester	MN	71941	75868	37199	State	false
456977	3071603	30716	030716	CBT Technology Institute-Cutler Bay	FL	42262	44569	33352	State	false
457031	1308801	13088	013088	Capri Beauty College	IL	28811	30384	34790	State	true
457077	3422302	34223	034223	Milan Institute-Bakersfield	CA	29355	30957	34635	National	true
457086	4149700	41497	041497	Homestead Schools	CA	66788	70434	36565	State	false
457101	2100613	21006	021006	Carrington College-Las Vegas	NV	39609	41771	34635	National	false
457110	2218001	22180	015667	Carrington College-Reno	NV	57082	60198	34635	National	false
457129	638504	6385	006385	Chamberlain University-Florida	FL	97262	102571	34635	National	false
457192	4183100	41831	041831	Washington Barber College Inc	AR	22065	23269	32427	State	true
457208	2559406	25594	025594	InterCoast Colleges-Rancho Cordova	CA	48764	51426	36565	State	false
457226	4140500	41405	041405	Horizon University	IN					
457253	4148200	41482	041482	Beyond 21st Century Beauty Academy	CA	25075	26444	36565	State	true
457271	4155500	41555	G41555	Academy for Jewish Religion California	CA					
457299	4160400	41604	041604	Angeles College	CA	33534	35364	36565	State	true
457314	4164400	41644	041644	Angeles Institute	CA	59775	63038	36565	State	false
457323	4167000	41670	041670	Paul Mitchell the School-Temecula	CA	25125	26496	36565	State	true
457332	4148400	41484	041484	TIGI Hairdressing Academy Guilford	CT	33949	35802	36709	State	true
457341	4152400	41524	041524	International Institute of Cosmetology	CT	28922	30501	36709	State	true
457350	3856500	38565	038565	Florida School of Traditional Midwifery	FL					
457378	4146200	41462	041462	Emerald Coast Technical College	FL	40437	42644	33352	State	false
457387	4150800	41508	041508	Immokalee Technical College	FL	41588	43858	33352	State	false
457396	4151500	41515	041515	American Academy of Cosmetology	FL	23388	24665	33352	State	true
457402	4156300	41563	041563	University of Fort Lauderdale	FL					
457411	4156400	41564	041564	Aviation Institute of Maintenance-Orlando	FL	71478	75380	34635	National	false
457420	4163000	41630	041630	Summit Salon Academy	FL	31488	33207	33352	State	true
457439	4163100	41631	041631	Summit Salon Academy-Gainesville	FL	28255	29797	33352	State	true
457448	4163200	41632	041632	Tenaj Salon Institute	FL	23171	24436	33352	State	true
457466	4149900	41499	041499	Profile Institute of Barber-Styling	GA	25087	26456	32616	State	true
457475	4150900	41509	041509	Keune Academy by 124	GA	34993	36903	32616	State	false
457484	4252700	42527	042527	Pacific Rim Christian University	HI	38583	40689	36709	State	false
457493	4150600	41506	041506	Paul Mitchell the School-Twin Falls	ID					
457527	4124700	41247	001700	Ambria College of Nursing	IL	81933	86405	34790	State	false
457536	4139000	41390	041390	Midwestern Career College	IL	46684	49232	34790	State	false
457563	4155900	41559	041559	Aveda Fredric's Institute-Indianapolis	IN	36384	38370	34790	State	false
457572	4166700	41667	041667	Summit Salon Academy	IN	28959	30540	34790	State	true
457581	4162700	41627	041627	Eric Fisher Academy	KS	30951	32640	33921	State	true
457606	4151600	41516	041516	My Le's Beauty College	LA	21997	23198	32616	State	true
457615	1218700	12187	012187	Blackstone Valley Vocational Regional School District	MA	67695	71390	39139	State	false
457624	4153200	41532	041532	Southern Worcester County Regional Vocational School District	MA	76546	80724	39139	State	false
457633	4158400	41584	041584	L'esprit Academy	MI	26163	27591	32616	State	true
457642	4159300	41593	041593	Marketti Academy of Cosmetology	MI	28244	29786	32616	State	true
457679	4160500	41605	041605	Avalon School of Cosmetology	MN					
457697	4119100	41191	041191	City Vision University	MO	37055	39078	34635	National	false
457749	4164100	41641	041641	Montana Academy of Salons	MT	30263	31915	32616	State	true
457767	4154900	41549	041549	National Career Institute	NJ	33196	35008	36709	State	true
457776	4162400	41624	041624	Paul Mitchell the School-Albuquerque	NM	31032	32726	31529	State	false
457785	4144800	41448	041448	International Academy of Style	NV	33517	35347	35918	State	true
457794	4117100	41171	041171	EDP School	NY	30267	31919	33962	State	true
457800	4133700	41337	041337	New York Medical Career Training Center	NY	43684	46068	33962	State	false
457819	4144300	41443	041443	Institute of Culinary Education	NY	47145	49718	34635	National	false
457837	4151200	41512	041512	The Salon Professional Academy-Tonawanda	NY	34609	36498	33962	State	false
457855	4156000	41560	041560	Paul Mitchell the School-NYC	NY	30089	31731	33962	State	true
457873	4068300	40683	040683	Four County Career Center	OH					
457916	4166800	41668	041668	Summit Salon Academy-Perrysburg	OH	27245	28732	33962	State	true
457925	4146500	41465	041465	Portland Actors Conservatory	OR	35116	37033	34635	National	false
457943	4149800	41498	041498	Somerset County Technology Center	PA	46805	49360	35008	State	false
457952	4158000	41580	041580	Metro Beauty Academy	PA	29627	31244	35008	State	true
457989	4083300	40833	040833	Academy for Careers and Technology	SC					
458007	4157200	41572	041572	Love Beauty School Inc	TN	23211	24478	32829	State	true
458043	4154800	41548	041548	DuVall's School of Cosmetology	TX	29033	30618	33352	State	true
458061	4158500	41585	041585	Texas Beauty College	TX	25963	27380	33352	State	true
458070	4160700	41607	041607	Avenue Five Institute	TX	35714	37663	33352	State	false
458098	4165800	41658	041658	The Salon Professional Academy-Lewisville	TX	37337	39375	33352	State	false
458104	4153000	41530	041530	Renaissance Academie	UT	21092	22243	38052	State	true
458113	4153800	41538	041538	Ascent College	VA					
458122	4156200	41562	041562	Institute of Advanced Medical Esthetics	VA	33119	34927	35878	State	true
458131	4149400	41494	041494	Aveda Arts & Sciences Institute Seattle	WA	43551	45928	38829	State	false
458140	4155000	41550	041550	Northwest School of Wooden Boat Building	WA	47476	50067	34635	National	false
458168	4157700	41577	041577	The Salon Professional Academy-Onalaska	WI	32128	33882	37201	State	true
458210	3698301	36983	E40750	West Coast University-Orange County	CA	110100	116110	34635	National	false
458229	3698302	36983	E40751	West Coast University-Ontario	CA	110100	116110	34635	National	false
458274	3490300	34903	034903	Paul Mitchell the School-Chicago	IL	32912	34709	34790	State	true
458405	2306820	23068	E01785	Miller-Motte College-Fayetteville	NC	34393	36270	34635	National	false
458423	3881401	38814	038814	European Massage Therapy School-Las Vegas	NV	28267	29810	34635	National	true
458441	2306818	23068	E01836	Miller-Motte College-Columbus	GA	34393	36270	34635	National	false
458681	2190705	21907	012267	Fortis College-Indianapolis	IN	51591	54407	34635	National	false
458803	817810	8178	008178	Empire Beauty School-E Memphis	TN	26668	28124	34635	National	true
458812	1054213	10542	010542	Empire Beauty School-Nashville	TN	27559	29063	34635	National	true
458821	757310	7573	007573	Empire Beauty School-Jackson	TN	25810	27219	34635	National	true
458830	966413	9664	009664	Empire Beauty School-Springfield	PA	26908	28377	34635	National	true
458858	2079411	20794	014150	Empire Beauty School-Speedway	IN	25392	26778	34635	National	true
458867	757308	7573	007573	Empire Beauty School-Morrow	GA	25810	27219	34635	National	true
458885	145984	1459	001459	Strayer University-Arkansas	AR	68449	72185	34635	National	false
458919	145972	1459	E40651	Strayer University-Georgia	GA	68449	72185	34635	National	false
458955	145991	1459	001459	Strayer University-Mississippi	MS	68449	72185	34635	National	false
458964	145937	1459	001459	Strayer University-South Carolina	SC	68449	72185	34635	National	false
458973	10145901	1459	E40649	Strayer University-Texas	TX	68449	72185	34635	National	false
459019	2173210	21732	015331	Empire Beauty School-Charlotte	NC	24506	25844	34635	National	true
459046	757312	7573	007573	Empire Beauty School-Winston-Salem	NC	25810	27219	34635	National	true
459055	966410	9664	009664	Empire Beauty School-West Palm	FL	26908	28377	34635	National	true
459064	945910	9459	009459	Empire Beauty School-Pineville	NC	27175	28658	34635	National	true
459116	4174100	41741	041741	Paul Mitchell the School-Phoenix	AZ	34492	36375	35918	State	false
459170	4162800	41628	041628	Paul Mitchell the School-Modesto	CA	24642	25987	36565	State	true
459198	4165900	41659	041659	Paul Mitchell the School-Fresno	CA	26817	28281	36565	State	true
459204	4169700	41697	041697	Unitek College	CA	67749	71447	34635	National	false
459213	4169800	41698	041698	Gurnick Academy of Medical Arts	CA	70292	74129	36565	State	false
459231	4175200	41752	041752	Paul Mitchell the School-East Bay	CA	31726	33458	36565	State	true
459259	1303910	13039	013039	South University-Richmond	VA	68975	72740	34635	National	false
459268	1303911	13039	E01847	South University-Virginia Beach	VA	68975	72740	34635	National	false
459277	4167100	41671	041671	Aveda Institute-Denver	CO	39155	41292	39622	State	false
459286	4170200	41702	041702	Paul Mitchell the School-Colorado Springs	CO	32735	34522	39622	State	true
459295	4173800	41738	041738	The Salon Professional Academy-Colorado Springs	CO	32391	34159	39622	State	true
459301	4171100	41711	041711	Paul Mitchell the School-Delaware	DE	26462	27906	34635	State	true
459329	4146300	41463	041463	Fred K Marchman Technical College	FL	34166	36031	33352	State	false
459347	4167300	41673	041673	The Salon Professional Academy-Ft Myers	FL	27046	28522	33352	State	true
459374	4175000	41750	041750	Universal Spa Training Academy	IL	36558	38554	34790	State	false
459392	4172700	41727	041727	The Salon Professional Academy-Evansville	IN	27547	29051	34790	State	true
459408	4122000	41220	041220	Tri County Regional Vocational Technical High School	MA	64044	67540	39139	State	false
459426	4157600	41576	041576	Nova Academy of Cosmetology	MN	37067	39090	37199	State	false
459514	4168700	41687	041687	Peloton College	TX	29450	31058	34635	National	true
459523	4168800	41688	041688	ABC Beauty Academy	TX	22309	23527	33352	State	true
459532	4169000	41690	041690	Salon & Spa Institute	TX	24117	25433	33352	State	true
459541	4169900	41699	041699	American Beauty Academy	UT	21645	22826	38052	State	true
459550	4170100	41701	041701	Summit Salon Academy	WA	30688	32363	38829	State	true
459578	4165300	41653	041653	Paul Mitchell the School-Milwaukee	WI	29301	30900	37201	State	true
459727	4142500	41425	041425	Touro University Worldwide	CA	67614	71305	34635	National	false
459736	4142600	41426	041426	Touro University California	CA					
459745	2155306	21553	B07022	The Chicago School at Washington DC	DC					
459824	4142601	41426	E01879	Touro University Nevada	NV	122145	128812	34635	National	false
459842	962103	9621	009621	Herzing University-Kenosha	WI	58575	61772	34635	National	false
459851	962104	9621	009621	Herzing University-Brookfield	WI	58575	61772	34635	National	false
459949	4248500	42485	042485	Texas A&M University-San Antonio	TX	55112	58120	33352	State	false
459958	3493305	34933	034933	Fortis Institute	TX	40918	43152	34635	National	false
459967	3035305	30353	E01688	Southern Careers Institute-Brownsville	TX	32680	34464	33352	State	false
459985	3035306	30353	E01689	Southern Careers Institute-Harlingen	TX	32680	34464	33352	State	false
460011	3052301	30523	E40441	Kenneth Shuler School of Cosmetology-Florence	SC	24468	25804	33703	State	true
460020	1031906	10319	010319	Fortis College-Columbia	SC	40980	43217	34635	National	false
460093	2339703	23397	E01796	Ross Medical Education Center-Davison	MI	34405	36283	34635	National	false
460109	2180108	21801	E01829	Ross Medical Education Center-Granger	IN	31944	33688	34635	National	true
460118	2533603	25336	015367	Ross Medical Education Center-Niles	OH	32987	34788	34635	National	false
460127	2099705	20997	014621	Ross Medical Education Center-Canton	MI	31741	33474	34635	National	true
460136	2217118	22171	E41295	Pima Medical Institute-Houston	TX	42937	45281	34635	National	false
460145	3101801	31018	E40544	Illinois Media School-Chicago Campus	IL	34937	36844	34790	State	false
460172	2306808	23068	E40506	Miller-Motte College-STVT-San Antonio	TX	34393	36270	34635	National	false
460181	887101	8871	008871	Concorde Career College-Dallas	TX	46016	48528	34635	National	false
460190	2089601	20896	014016	Concorde Career Institute-Orlando	FL	40001	42184	33352	State	false
460206	2361602	23616	016820	Concorde Career College-San Antonio	TX	38757	40873	34635	National	false
460394	4173500	41735	041735	Moreno Valley College	CA	53204	56108	36565	State	false
460464	4176100	41761	041761	Norco College	CA	42707	45038	36565	State	false
460482	469208	4692	E01946	Dorsey College-Saginaw	MI	34001	35857	32616	State	false
460534	2248211	22482	013674	Milan Institute of Cosmetology-El Paso	TX	24629	25973	34635	National	true
460543	2362003	23620	E40556	Universal Technical Institute-Dallas Fort Worth	TX	57080	60196	34635	National	false
460677	1194004	11940	011940	ICPR Junior College	PR	17478	18432	16153	State	false
460701	3816301	38163	038163	Artistic Nails and Beauty Academy-Lakeland	FL	23234	24502	33352	State	true
460756	4182200	41822	041822	Hawaii Medical College	HI	40730	42953	36709	State	false
460765	4178100	41781	041781	Carolina College of Hair Design Inc	NC					
460808	4168600	41686	041686	Integrated Massage Therapy Services	ID	25102	26472	35094	State	true
460817	2306821	23068	E01938	Miller-Motte College-Jacksonville	NC	34393	36270	34635	National	false
460826	2306814	23068	E01957	Miller-Motte College-Augusta	GA	34393	36270	34635	National	false
460835	2306819	23068	E01913	Miller-Motte College-Conway	SC	34393	36270	34635	National	false
460862	4171400	41714	041714	Aveda Institute-Portland	OR	33038	34841	34635	National	false
460871	638506	6385	006385	Chamberlain University-Virginia	VA	97262	102571	34635	National	false
460914	4175300	41753	041753	Penrose Academy	AZ	32648	34430	35918	State	true
460932	4174000	41740	041740	Skin Institute	MO	27736	29250	33703	State	true
460969	4170300	41703	041703	Beauty Academy of South Florida	FL	15281	16115	33352	State	true
460978	2230502	22305	015596	Ogle School Hair Skin Nails-North Dallas	TX	29857	31487	33352	State	true
460987	4183400	41834	041834	The Salon Professional Academy	AR	28025	29555	32427	State	true
460996	4170600	41706	041706	The Salon Professional Academy-St Charles	MO	36894	38908	33703	State	false
461014	2219503	22195	015332	Mildred Elley-New York Campus	NY	44844	47292	34635	National	false
461023	4157400	41574	041574	Crestpoint University	AZ	49547	52252	34635	National	false
461032	4154200	41542	041542	Carolina College of Biblical Studies	NC					
461087	2052700	20527	012473	Northeast Technology Center	OK	49636	52345	32616	State	false
461111	2324400	23244	016453	Allstate Hairstyling & Barber College	OH	19350	20406	33962	State	true
461120	3840300	38403	G38403	Omega Graduate School	TN					
461139	4073300	40733	040733	Jung Tao School of Classical Chinese Medicine	NC					
461148	4118800	41188	041188	New York Film Academy	CA	29902	31534	34635	National	true
461175	4145600	41456	041456	International College of Cosmetology	CA	28362	29910	36565	State	true
461193	4151700	41517	041517	Bella Capelli Academy	PA	28946	30526	35008	State	true
461218	4155100	41551	041551	Institute of Medical Careers	PA	33803	35648	34635	National	false
461245	4158300	41583	041583	Flagler Technical College	FL	24972	26335	33352	State	true
461254	4159600	41596	041596	Galaxy Medical College	CA	26966	28438	36565	State	true
461263	4159700	41597	041597	American Medical Sciences Center	CA	42467	44785	36565	State	false
461272	4161900	41619	041619	Mandalyn Academy	UT	32006	33753	38052	State	true
461281	4162000	41620	041620	Jose Maria Vargas University	FL					
461306	4164600	41646	041646	D A Dorsey Technical College	FL	26385	27825	33352	State	true
461315	4164700	41647	041647	Keweenaw Bay Ojibwa Community College	MI					
461324	4165000	41650	041650	Meridian Institute of Surgical Assisting	TN	80536	84932	32829	State	false
461333	4165200	41652	G41652	Mauna Loa Helicopters	HI					
461342	4165500	41655	041655	Acaydia School of Aesthetics	UT	16247	17134	38052	State	true
461379	4168900	41689	041689	Holistic Massage Training Institute	MD	27516	29018	36965	State	true
461388	4169100	41691	041691	Diamonds College	TX	18007	18990	33352	State	true
461412	4169400	41694	G41694	Northern Virginia School of Therapeutic Massage	VA	32996	34797	35878	State	true
461421	4170700	41707	041707	Paul Mitchell the School-St Louis	MO	34126	35989	33703	State	false
461430	4171000	41710	041710	Advanced Training Institute	NV	52670	55545	35918	State	false
461485	4173000	41730	041730	Shepherds Theological Seminary	NC					
461494	4173200	41732	041732	Taylor Andrews Academy of Hair Design-West Jordan	UT	28192	29731	34635	National	true
461500	4173400	41734	041734	Santa Ana Beauty Academy	CA	29215	30810	36565	State	true
461528	4173700	41737	041737	Manna University	NC	45132	47596	32616	State	false
461537	4173900	41739	041739	Evolve Beauty Academy	MO					
461555	4174500	41745	041745	Aveda Institute-New Mexico	NM	28175	29713	31529	State	true
461573	4174800	41748	041748	American Trade School	MO	57813	60969	33703	State	false
461582	4174900	41749	041749	Estelle Skin Care and Spa Institute	IL	27493	28994	34790	State	true
461607	4175400	41754	041754	Elite Cosmetology School	CA	21827	23018	36565	State	true
461625	4176000	41760	041760	American Technical Institute	PR					
461652	4176700	41767	041767	Aveda Institute-Boise	ID	26105	27530	35094	State	true
461689	4177100	41771	041771	Pima Medical Institute-Aurora	CO	39692	41859	34635	National	false
461704	4177400	41774	041774	Capilo School of Hair Design	ME	27457	28956	36965	State	true
461713	4177500	41775	041775	Pure Aesthetics Natural Skincare School	AZ	24662	26008	35918	State	true
461722	4177600	41776	041776	Lindsey Institute of Cosmetology	KY	18760	19784	33352	State	true
461740	4177900	41779	041779	Buckner Barber School	TX					
461759	4178000	41780	041780	Simmons College of Kentucky	KY					
461768	4178700	41787	041787	Atelier Esthetique Institute of Esthetics	NY	27273	28762	33962	State	true
461786	4179200	41792	041792	Advanced College of Cosmetology	WI	31854	33593	37201	State	true
461795	4179500	41795	041795	North American University	TX	56795	59895	33352	State	false
461810	4179700	41797	041797	United Beauty College	CO	31813	33550	39622	State	true
461829	4180000	41800	041800	Cinta Aveda Institute	CA	36659	38660	36565	State	false
461838	4180200	41802	041802	Long Island Nail Skin & Hair Institute	NY	30686	32361	33962	State	true
461847	4180300	41803	041803	Keser Torah-Mayan Hatalmud	NJ					
461856	4181200	41812	041812	Southern California Health Institute	CA	35921	37882	36565	State	false
461865	4181400	41814	041814	Best Care College	NJ	89155	94022	36709	State	false
461874	4182100	41821	041821	First Class Cosmetology School	WI	22737	23978	37201	State	true
461883	4182500	41825	041825	Millennia Atlantic University	FL					
461892	4183300	41833	041833	Abcott Institute	MI	29260	30857	32616	State	true
461908	4183600	41836	041836	The Salon Professional Academy-Kenosha	WI	27258	28746	37201	State	true
461917	4184000	41840	041840	Paul Mitchell the School-Indianapolis	IN	32626	34407	34790	State	true
461926	4184200	41842	041842	Taylor Andrews Academy-St George	UT	14340	15123	38052	State	true
461944	4184700	41847	041847	Protege Academy	MI	26248	27681	32616	State	true
461953	4185000	41850	041850	Colorado Academy of Veterinary Technology	CO	39425	41577	39622	State	false
461962	4185100	41851	041851	Northeast Technical Institute	ME	43604	45984	36965	State	false
461999	4185900	41859	041859	Elite School of Cosmetology	OH	24865	26222	33962	State	true
462008	4186300	41863	041863	Paul Mitchell the School-Las Vegas	NV	23273	24543	35918	State	true
462017	4186600	41866	041866	Summit Salon Academy-Kokomo	IN	29283	30881	34790	State	true
462035	4188300	41883	041883	Florida Academy	FL	33698	35537	33352	State	false
462044	4188800	41888	G41888	Institute for Doctoral Studies in the Visual Arts	ME					
462053	4189600	41896	041896	State Career College	IL	39980	42162	34790	State	false
462062	4189800	41898	041898	Academy for Salon Professionals	CA					
462071	4191900	41919	041919	Paul Mitchell the School-Spokane	WA	33408	35232	38829	State	true
462336	4186900	41869	041869	International College of Beauty Arts & Sciences	CA	17919	18897	36565	State	true
462354	4193700	41937	041937	John Paul the Great Catholic University	CA	40588	42804	36565	State	false
463056	141701	1417	001417	University of Connecticut-Hartford Campus	CT	78925	83233	36709	State	false
464226	193722	1937	001937	Ottawa University-Surprise	AZ	62228	65625	34635	National	false
466921	638507	6385	006385	Chamberlain University-Missouri	MO	97262	102571	34635	National	false
466930	638508	6385	006385	Chamberlain University-Texas	TX	97262	102571	34635	National	false
467094	752205	7522	E01897	Continental School of Beauty Culture-Mattydale	NY	28496	30051	33962	State	true
467863	1179901	11799	E02123	Paul Mitchell the School-Columbia	SC	27444	28942	34635	National	true
467872	1179900	11799	011799	Paul Mitchell the School-Charleston	SC	27444	28942	34635	National	true
467906	1209202	12092	E40440	Kenneth Shuler School of Cosmetology-Greenville	SC	25218	26595	33703	State	true
468246	2101003	21010	014351	Northwest College-Eugene	OR	30364	32021	35320	State	true
468255	2101004	21010	014351	Northwest College-Tualatin	OR	30364	32021	35320	State	true
468769	2332868	23328	016516	CET-Soledad	CA	40676	42896	34635	National	false
468848	2559317	25593	E01928	UEI College-Oceanside	CA	34461	36342	34635	National	false
468893	2554800	25548	017180	Paul Mitchell the School-New Orleans	LA	21837	23029	32616	State	true
468909	2559312	25593	E01888	UEI College-Garden Grove	CA	34461	36342	34635	National	false
468963	2584401	25844	E41363	New England Tractor Trailer Training School of Massachusetts	MA	61966	65348	34635	National	false
469416	3112109	31121	E01748	Dewey University-Manati	PR	24524	25863	16153	State	false
469610	3358303	33583	033583	Allen School-Phoenix	AZ	37719	39778	34635	National	false
469629	3367402	33674	033674	Oklahoma Technical College	OK	31820	33557	32616	State	false
469911	3789303	37893	037893	Unitech Training Academy-Alexandria	LA	27850	29370	32616	State	true
470038	3969601	39696	E01977	UEI College-Riverside	CA	33652	35489	34635	National	false
470047	3970401	39704	039704	WellSpring School of Allied Health-Lawrence	KS	32078	33829	34635	National	true
470296	4125501	41255	041255	Manuel and Theresa's School of Hair Design-Victoria	TX	23679	24972	33352	State	true
470393	4147301	41473	041473	Tricoci University of Beauty Culture-Chicago NE	IL	34340	36214	34790	State	false
474863	4278800	42788	042788	Los Angeles Pacific University	CA	68736	72488	36565	State	false
474915	1085801	10858	E40798	Avalon Institute-Phoenix	AZ	33261	35077	34635	National	false
474924	1085802	10858	E40799	Avalon Institute-Layton	UT	33261	35077	34635	National	false
475015	4203300	42033	042033	Aveda Institute-Des Moines	IA	34296	36168	36709	State	true
475024	2132302	21323	014968	Fortis Institute-Lawrenceville	NJ	39605	41767	34635	National	false
475033	4208600	42086	042086	Relay Graduate School of Education	NY	77686	81927	34635	National	false
475060	2306825	23068	E02015	Miller-Motte College-Macon	GA	34393	36270	34635	National	false
475176	2120709	21207	014741	San Joaquin Valley College-Temecula	CA	42211	44515	36565	State	false
475228	4250101	42501	042501	The Colleges of Law at Santa Barbara	CA					
475282	3440402	34404	034404	Marian Health Careers Center-Van Nuys Campus	CA	74276	78330	36565	State	false
475325	3422304	34223	034223	Milan Institute-Las Vegas	NV	29355	30957	34635	National	true
475398	4124200	41242	041242	Catholic International University	WV					
475404	4190500	41905	041905	New York School of Esthetics & Day Spa	NY	26650	28105	33962	State	true
475422	753205	7532	007532	Finger Lakes Health College of Nursing & Health Sciences	NY	46233	48757	33962	State	false
475431	4188700	41887	041887	ASI Career Institute	NJ	37315	39352	36709	State	false
475468	4184500	41845	041845	Christine Valmy International School of Esthetics & Cosmetology	NJ	27944	29469	36709	State	true
475486	1248302	12483	012483	Paul Mitchell the School-Arlington	TX	29983	31620	33352	State	true
475495	4193200	41932	G41932	Rocky Mountain University of Health Professions	UT					
475547	3907301	39073	E02122	Paul Mitchell the School-Fort Myers	FL	27616	29123	34635	National	true
475556	4204700	42047	042047	Paul Mitchell the School-Raleigh	NC	31577	33301	32616	State	false
475565	4210100	42101	042101	CUNY Stella and Charles Guttman Community College	NY	39979	42161	33962	State	false
475574	4205500	42055	042055	Lil Lou's Beauty and Barber College	IN	17468	18421	34790	State	true
475608	4121800	41218	041218	Criswell College	TX	66210	69824	33352	State	false
475653	4189400	41894	041894	Reflections Academy of Beauty	IL					
475662	2285902	22859	022859	UCAS University of Cosmetology Arts & Sciences-La Joya	TX	20068	21163	33352	State	true
475705	4191300	41913	041913	Annenberg School of Nursing	CA					
475714	4192100	41921	041921	American Medical Academy	FL	72979	76963	33352	State	false
475723	4191500	41915	041915	Tooele Technical College	UT	51524	54336	38052	State	false
475732	638511	6385	006385	Chamberlain University-Georgia	GA	97262	102571	34635	National	false
475741	638510	6385	E02182	Chamberlain University-Indiana	IN	97262	102571	34635	National	false
475839	4217600	42176	042176	Sessions College for Professional Design	AZ	32535	34311	34635	National	true
476063	961803	9618	015733	Tulsa Welding School-Jacksonville	FL	47453	50043	34635	National	false
476179	2079404	20794	014150	Empire Beauty School-Virginia Beach	VA	25392	26778	34635	National	true
476230	2180109	21801	015383	Ross College-Morgantown	WV	31944	33688	34635	National	true
476355	3125603	31256	031256	Miami Ad School-New York	NY	90763	95717	34635	National	false
476489	4117600	41176	041176	Larry's Barber College	IL	19011	20049	34790	State	true
476498	4133900	41339	041339	Futura Career Institute	FL	32072	33823	33352	State	false
476540	4178200	41782	041782	Vogue College of Cosmetology-San Antonio Fredericksburg	TX	23279	24550	33352	State	true
476559	4178300	41783	041783	Vogue College of Cosmetology	TX	18877	19907	33352	State	true
476568	4179900	41799	041799	Tomorrow's Image Barber And Beauty Academy of Virginia	VA					
476595	4185600	41856	041856	Medical Allied Career Center	CA	70600	74454	36565	State	false
476601	4188400	41884	041884	Bais HaMedrash and Mesivta of Baltimore	MD					
476610	4189000	41890	041890	Barber & Beauty Institute of New York	NY	38453	40552	33962	State	false
476629	4189100	41891	041891	Salon Institute-Toledo Campus	OH	28293	29837	33962	State	true
476683	4192200	41922	041922	Athena Career Academy	OH	63480	66945	33962	State	false
476692	4192400	41924	041924	Yeshiva Gedolah Zichron Leyma	NJ					
476708	4192700	41927	041927	The Barber School	UT					
476717	4192800	41928	041928	Be'er Yaakov Talmudic Seminary	NY	19100	20143	33962	State	true
476726	4193000	41930	041930	Rio Grande Valley College	TX	44400	46824	33352	State	false
476735	4193100	41931	041931	Alexander Academy	MA	31450	33167	39139	State	true
476753	4194500	41945	041945	Aveda Institute-Tucson	AZ	30534	32201	35918	State	true
476780	4195200	41952	041952	Diamond Beauty College	CA	17848	18822	36565	State	true
476799	4195402	41954	E41098	Unitek College	CA	64415	67931	36565	State	false
476805	4197500	41975	041975	University Academy of Hair Design	AL	15367	16206	31815	State	true
476814	4197600	41976	G41976	Florida Institute of Recording Sound and Technology	FL	33481	35309	33352	State	false
476841	4203100	42031	042031	Paul Mitchell the School-Reno	NV	30863	32548	34635	National	true
476850	4203200	42032	042032	Boise Barber College	ID	30941	32630	35094	State	true
476869	4203500	42035	042035	Austin Kade Academy	ID	24845	26201	35094	State	true
476878	4204300	42043	042043	Aesthetic Science Institute	NY	31281	32988	33962	State	true
476887	4204500	42045	042045	Elaine Sterling Institute	GA	23965	25273	32616	State	true
476896	4205200	42052	042052	Wade Gordon Hairdressing Academy	TX	24177	25497	34635	National	true
476902	4205300	42053	042053	Mitsu Sato Hair Academy	KS	22838	24085	33921	State	true
476939	4206300	42063	042063	FVI School of Nursing and Technology	FL	30172	31819	33352	State	true
476975	4208700	42087	042087	Colorado State University Global	CO	79486	83825	34635	National	false
476984	4209300	42093	042093	Paul Mitchell the School-Overland Park	KS	29520	31131	34635	National	true
476993	4210300	42103	042103	Medspa Academies	UT	37284	39319	34635	National	false
477002	4211200	42112	042112	Brighton Institute of Cosmetology	MI					
477039	3698304	36983	E40752	West Coast University-Texas	TX	110100	116110	34635	National	false
477233	246301	2463	002463	Evangel University-James River Assembly of God Church	MO	46593	49136	33703	State	false
478582	2173205	21732	015331	Empire Beauty School-Savannah	GA	24506	25844	34635	National	true
478591	1301602	13016	013016	Ogle School Hair Skin Nails-Denton	TX	28696	30262	33352	State	true
478616	2079413	20794	014150	Empire Beauty School-West Greensboro	NC	25392	26778	34635	National	true
478917	2257702	22577	E02178	Hays Academy of Hair Design	KS	25732	27137	33921	State	true
478953	2343401	23434	E40865	Bellus Academy	KS	27346	28839	34635	National	true
479062	3115201	31152	031152	MotoRing Technical Training Institute	RI	46174	48694	34635	National	false
479424	4195400	41954	041954	Unitek College	CA	64415	67931	36565	State	false
479965	4207500	42075	042075	MCI Institute of NJ	NJ	47586	50183	36709	State	false
479974	4206800	42068	042068	Advance Beauty Techs Academy	CA	24520	25858	36565	State	true
479992	4194600	41946	041946	Brand College	CA					
480000	4209800	42098	042098	Hinton Barber and Beauty College	CA	21834	23026	36565	State	true
480019	4208900	42089	042089	Advanced Career Institute	CA	48952	51624	36565	State	false
480037	4206500	42065	G42065	MyComputerCareer at Raleigh	NC	49567	52273	34635	National	false
480073	1303915	13039	E02135	South University-Austin	TX	68975	72740	34635	National	false
480125	1301601	13016	013016	Ogle School Hair Skin Nails-San Antonio	TX	28696	30262	33352	State	true
480161	4038700	40387	040387	Ideal Beauty Academy	KY	24418	25751	33352	State	true
480204	3062702	30627	E02133	Platt College-Riverside	CA	44565	46998	36565	State	false
480310	966402	9664	009664	Empire Beauty School-Glen Burnie	MD	26908	28377	34635	National	true
480471	2559318	25593	E02028	UEI College-Stockton	CA	34461	36342	34635	National	false
480523	2246303	22463	022463	Ross Medical Education Center-Dayton	OH	32978	34778	34635	National	false
480532	2339704	23397	016611	Ross Medical Education Center-Ontario	OH	34405	36283	34635	National	false
480550	2099706	20997	014621	Ross Medical Education Center-Bowling Green	KY	31741	33474	34635	National	true
480657	869424	8694	E02167	Rasmussen University-Kansas	KS	59996	63271	34635	National	false
480727	4207000	42070	042070	School of Missionary Aviation Technology	MI	56969	60079	32616	State	false
480781	4189700	41897	041897	California Miramar University	CA	67386	71064	36565	State	false
480790	4218900	42189	042189	Rocky Vista University	CO					
480824	3426301	34263	034263	The College of Health Care Professions-Dallas	TX	39421	41573	33352	State	false
480833	3128103	31281	031281	The College of Health Care Professions-Fort Worth	TX	35515	37454	33352	State	false
480842	4209500	42095	042095	Shear Finesse Beauty Academy	FL					
480851	3078000	30780	030780	Miami Media School	FL	27666	29176	34635	National	true
480879	4212100	42121	042121	Academy of Salon Professionals	MO	25722	27126	33703	State	true
480888	4187800	41878	041878	CyberTex Institute of Technology	TX	36724	38729	33352	State	false
480903	2202501	22025	022025	New England Tractor Trailer Training School of CT-Bridgeport	CT	52806	55688	36709	State	false
480921	4220000	42200	042200	Designer Barber & Stylist School	AR	19950	21039	32427	State	true
480930	2149902	21499	E02150	Paul Mitchell the School-Woodbridge	VA	32122	33875	34635	National	true
480967	4224900	42249	042249	College of the Muscogee Nation	OK	36807	38816	32616	State	false
480976	4211000	42110	042110	The Salon Professional Academy-Huntsville	AL	27067	28544	31815	State	true
480985	4218300	42183	042183	Midwives College of Utah	UT	37206	39237	34635	National	false
480994	4204000	42040	042040	Aspen Beauty Academy of Laurel	MD	26674	28130	36965	State	true
481003	4226400	42264	042264	M T Training Center	TX	37432	39475	33352	State	false
481021	4041300	40413	040413	Berks Career & Technology Center	PA					
481030	4139900	41399	G41399	Future Generations University	WV					
481049	4152200	41522	041522	Carthage R9 School District-Carthage Technical Center	MO	55524	58555	33703	State	false
481058	4157800	41578	041578	Grace Mission University	CA					
481067	4167500	41675	041675	World A Cuts Barber Institute	PA					
481085	4179100	41791	041791	Verve College	IL	74381	78441	34790	State	false
481094	4179800	41798	G41798	Sotheby's Institute of Art-NY	NY					
481100	4183000	41830	041830	Top Nails & Hair Beauty School	UT	35491	37428	38052	State	true
481128	4190800	41908	041908	Santa Ana Beauty College	CA	19656	20729	36565	State	true
481146	4203800	42038	042038	Woodruff Medical and Wellness Training	GA	31537	33258	32616	State	false
481155	4206400	42064	042064	Helms College	GA	33374	35196	32616	State	false
481182	4208100	42081	042081	Ukiah Adult School	CA					
481191	4208400	42084	042084	Riverside County Office of Education-School of Career Education	CA	34238	36107	36565	State	true
481207	4209600	42096	042096	Institute of Health Sciences	MD	66657	70295	34635	National	false
481225	4210200	42102	042102	Mid-South Christian College	TN					
481243	4210700	42107	042107	New York Institute of Beauty	NY	36129	38101	33962	State	false
481252	4210800	42108	042108	Ultrasound Medical Institute	FL	61955	65337	33352	State	false
481289	4211900	42119	042119	Xavier College School of Nursing	CA	72966	76949	36565	State	false
481298	4212000	42120	042120	Lawrence & Company College of Cosmetology	CA	30760	32439	36565	State	true
481313	4213200	42132	042132	Kaizen Beauty Academy	FL					
481331	4213500	42135	042135	Sharp Edgez Barber Institute	NY	26498	27944	33962	State	true
481340	4213800	42138	042138	The Salon Professional Academy-Nashville	TN	34308	36181	32829	State	false
481368	4214500	42145	042145	Prestige Health & Beauty Sciences Academy	FL	16185	17068	33352	State	true
481386	4215100	42151	042151	California Career Institute	CA	60164	63448	36565	State	false
481401	4215400	42154	B42154	Grace School of Theology	TX					
481410	4215900	42159	042159	Yeshiva Gedolah Kesser Torah	NY					
481429	4216000	42160	042160	Universal Training Institute	NJ	70104	73931	36709	State	false
481438	4216100	42161	042161	Yeshiva Yesodei Hatorah	NJ					
481447	4216500	42165	042165	Center for the Healing Arts	NJ					
481456	4216800	42168	042168	Bonnie Joseph Academy of Cosmetology & Barbering	UT					
481465	4217000	42170	042170	Healthcare Training Institute	LA	28449	30002	32616	State	true
481474	4217500	42175	042175	J D Academy of Salon and Spa	CA	33270	35086	36565	State	true
481483	4217800	42178	042178	Boca Beauty Academy	FL	27218	28704	33352	State	true
481517	4218400	42184	042184	SPBK Enterprises Inc	MO	28020	29549	33703	State	true
481526	4220400	42204	042204	The Chrysm Institute of Esthetics	VA	31457	33174	35878	State	true
481535	4220600	42206		Sanford Burnham Prebys Medical Discovery Institute	CA					
481571	4224200	42242	042242	Belle Academy of Cosmetology LLC	CT					
481678	1054202	10542	010542	Empire Beauty School-Augusta	GA	27559	29063	34635	National	true
481720	1303923	13039	013039	South University-High Point	NC	68975	72740	34635	National	false
481739	2079405	20794	014150	Empire Beauty School-Vernon Hills	IL	25392	26778	34635	National	true
481748	2079406	20794	014150	Empire Beauty School-Stone Park	IL	25392	26778	34635	National	true
481775	2120711	21207	014741	San Joaquin Valley College-Lancaster	CA	42211	44515	36565	State	false
481845	2173202	21732	015331	Empire Beauty School-Rochester	NY	24506	25844	34635	National	true
481863	2246304	22463	022463	Ross Medical Education Center-Kokomo	IN	32978	34778	34635	National	false
481890	2339705	23397	016611	Ross Medical Education Center-Erlanger	KY	34405	36283	34635	National	false
481906	2533604	25336	015367	Ross Medical Education Center-Charleston	WV	32987	34788	34635	National	false
481960	2559410	25594	025594	InterCoast Colleges-Fairfield	CA	48764	51426	36565	State	false
482015	3035308	30353	E02174	Southern Careers Institute-San Antonio	TX	32680	34464	33352	State	false
482060	3422308	34223	034223	Milan Institute-Merced	CA	29355	30957	34635	National	true
482097	3368305	33683	033683	Midwest Technical Institute-Missouri	MO	36025	37991	34635	National	false
482149	157900	1579	001579	Augusta University	GA	62546	65960	32616	State	false
482158	158100	1581	001581	Middle Georgia State University	GA	62068	65456	32616	State	false
482167	4224500	42245	042245	Trenz Beauty Academy	IL	20883	22023	34790	State	true
482176	4221400	42214	042214	Paul Mitchell the School-Denver	CO	38026	40102	39622	State	false
482185	4223600	42236	042236	Academy of Interactive Entertainment	WA	43687	46072	38829	State	false
482194	4223100	42231	042231	Arrojo Cosmetology School	NY	30396	32055	33962	State	true
482200	4224100	42241	042241	Cosmetology Academy of Texarkana	TX	21424	22593	34635	National	true
482228	3862600	38626	038626	Veritas Baptist College	IN					
482246	4223500	42235	G42235	Lynnes Welding Training	ND	57403	60536	34635	National	false
482255	3523301	35233	035233	Aviation Institute of Maintenance-Las Vegas	NV	69646	73448	34635	National	false
482291	3113301	31133	E40424	UEI College-Bakersfield	CA	29409	31014	34635	National	true
482413	1072795	10727	010727	DeVry College of New York	NY	63172	66620	34635	National	false
482422	1072702	10727	010727	DeVry University-Arizona	AZ	63172	66620	34635	National	false
482431	1072706	10727	010727	DeVry University-California	CA	63172	66620	34635	National	false
482459	1072711	10727	010727	DeVry University-Florida	FL	63172	66620	34635	National	false
482468	1072714	10727	010727	DeVry University-Georgia	GA	63172	66620	34635	National	false
482477	1072700	10727	010727	DeVry University-Illinois	IL	63172	66620	34635	National	false
482547	1072755	10727	010727	DeVry University-Nevada	NV	63172	66620	34635	National	false
482556	1072718	10727	009228	DeVry University-New Jersey	NJ	63172	66620	34635	National	false
482574	1072720	10727	003099	DeVry University-Ohio	OH	63172	66620	34635	National	false
482635	1072724	10727	010139	DeVry University-Texas	TX	63172	66620	34635	National	false
482653	1072725	10727	010727	DeVry University-Virginia	VA	63172	66620	34635	National	false
482680	158500	1585	001585	University of North Georgia	GA	55974	59029	32616	State	false
482699	159200	1592	001592	South Georgia State College	GA	44925	47377	32616	State	false
482936	4263400	42634	042634	Florida Polytechnic University	FL	86952	91698	33352	State	false
482963	2106605	21066	E02162	American Institute-Toms River	NJ	36918	38933	34635	National	false
482981	4231900	42319	042319	Alamo City Barber College	TX	21081	22232	33352	State	true
482990	3115001	31150	E40616	Arizona College-Mesa	AZ	38251	40339	34635	National	false
483009	3144402	31444	E40994	American College of Healthcare and Technology	CA	35304	37231	36565	State	false
483018	4244300	42443	042443	Antioch College	OH	39456	41610	33962	State	false
483036	4229500	42295	042295	Texas A&M University-Central Texas	TX	57267	60393	33352	State	false
483045	576300	5763	005763	Central Georgia Technical College	GA	42979	45325	32616	State	false
483054	4224600	42246	042246	Barber School of Pittsburgh	PA	31594	33319	35008	State	true
483106	4218500	42185	042185	Innovate Salon Academy	NJ	29126	30716	36709	State	true
483124	108159	1081	001081	Arizona State University Digital Immersion	AZ	66968	70623	34635	National	false
483212	4130100	41301	041301	Louisiana Delta Community College	LA	37409	39451	32616	State	false
483230	4222200	42222	042222	The Fab School	CA	52219	55069	36565	State	false
483258	4224400	42244	042244	Networks Barber College	IL	18116	19105	34790	State	true
483276	4224700	42247	042247	JB's Hair Design and Barber College	OK	16129	17009	32616	State	true
483328	3490302	34903	E02206	Paul Mitchell the School-Lombard	IL	32912	34709	34790	State	true
483337	1179903	11799	E02209	Paul Mitchell the School-Greenville	SC	27444	28942	34635	National	true
483346	4226300	42263	042263	Barber and Beauty Academy of Pennsylvania	PA					
483355	2538301	25383	E01208	Delta College of Arts & Technology-Lafayette Campus	LA	35243	37167	32616	State	false
483364	3332601	33326	E01200	Delta College-Slidell Campus	LA	32032	33780	32616	State	false
483373	4181600	41816	041816	Integrity College of Health	CA	56250	59320	36565	State	false
483382	4223800	42238	G42238	Electrical and HVAC/R Training Center	NY	53634	56562	33962	State	false
483425	4219100	42191	042191	Alexander Paul Institute of Hair Design	NC	24369	25699	32616	State	true
483470	4220200	42202	042202	More Tech Institute	FL	31239	32944	33352	State	true
483504	469210	4692	E02190	Dorsey College-Dearborn	MI	34001	35857	32616	State	false
483513	4231200	42312	042312	Neecee's Barber College	TX	23273	24543	33352	State	true
483559	4235900	42359	042359	Bella Cosmetology and Barber College	TX	23716	25011	33352	State	true
483577	4203600	42036	042036	Franklin Hair Academy School of Cosmetology	TN	29120	30710	32829	State	true
483595	4240400	42404	G42404	Ana G. Mendez University	FL					
483647	3583300	35833	035833	Ohio Institute of Allied Health	OH	66397	70021	33962	State	false
483708	4213400	42134	042134	Access Careers	NY	43184	45541	33962	State	false
483726	4214700	42147	042147	Luckes Beauty Academy LLC	VA	15102	15926	35878	State	true
483735	4215000	42150	042150	Total Transformation Institute of Cosmetology	TX	23818	25118	33352	State	true
483744	4215200	42152	042152	Vibe Barber College	TN					
483753	4215500	42155	042155	Champ's Barber School	PA	31496	33215	35008	State	true
483780	4219000	42190	042190	Washington University of Science and Technology	VA					
483799	4219300	42193	042193	East-West Healing Arts Institute	WI	29383	30987	37201	State	true
483814	4221000	42210	042210	Standard Healthcare Services-College of Nursing	VA	84711	89335	34635	National	false
483823	4221300	42213	042213	Philadelphia Technician Training	PA	33267	35083	35008	State	false
483841	4223200	42232	042232	Grace International Beauty School	NY	16952	17877	33962	State	true
483850	4223300	42233	042233	Alliance Computing Solutions	NY					
483869	4223400	42234	042234	InterAmerican Technical Institute	FL	25621	27020	33352	State	true
483878	4223700	42237	042237	Bay Area Medical Academy	CA	53818	56756	36565	State	false
483887	4223900	42239	042239	Mind Body Institute	TN	32428	34198	32829	State	false
483896	4225000	42250	042250	Parisian Spa Institute	FL	26704	28162	33352	State	true
483911	4225300	42253	042253	Creative Touch Cosmetology School	IL					
483920	4225700	42257	042257	LaBarberia Institute of Hair	OH	15767	16628	33962	State	true
483948	4226000	42260	042260	Bos-Man's Barber College	LA	16763	17678	32616	State	true
483957	4226100	42261	042261	Lawrence & Company College of Cosmetology	CA	18046	19031	36565	State	true
483975	4226700	42267	042267	Alabama College of Osteopathic Medicine	AL					
484002	4228100	42281	042281	High Desert Medical College	CA	35943	37905	36565	State	false
484011	4228300	42283	042283	Paul Mitchell the School-Schenectady	NY	29874	31505	34635	National	true
484020	4228400	42284	042284	Beyond Measure Barbering Institute	NC	24139	25457	32616	State	true
484057	4229200	42292	042292	Jupiter Beauty Academy	MA	34620	36510	39139	State	true
484066	4229300	42293	042293	MedQuest College	KY	32880	34675	33352	State	false
484075	4229700	42297	042297	First Coast Barber Academy	FL	21283	22445	33352	State	true
484084	4229900	42299	042299	Debutantes School of Cosmetology and Nail Technology	IL	25170	26544	34790	State	true
484093	4230200	42302	042302	Paul Mitchell the School-Farmington Hills	MI	26368	27807	32616	State	true
484109	4230300	42303	042303	Paul Mitchell the School-Merrillville	IN	30250	31901	34790	State	true
484127	4230900	42309	042309	TIGI Hairdressing Academy Newtown	CT	30451	32113	36709	State	true
484136	4231300	42313	042313	Yahweh Beauty Academy	TX					
484163	4233100	42331	042331	Arizona School of Integrative Studies	AZ	23967	25275	35918	State	true
484172	4233400	42334	042334	Lee Professional Institute	FL	31241	32946	33352	State	true
484190	4234600	42346	042346	Park Place Premier Barber School	LA	20809	21945	32616	State	true
484206	4237100	42371	042371	The Salon Professional Academy-San Jose	CA	34329	36203	36565	State	true
484233	3650300	36503	036503	Tri-Community Adult Education	CA					
484330	2180110	21801	015383	Ross Medical Education Center-Owensboro	KY	31944	33688	34635	National	true
484349	2246305	22463	022463	Ross Medical Education Center-Evansville	IN	32978	34778	34635	National	false
484358	2246306	22463	022463	Ross Medical Education Center-Johnson City	TN	32978	34778	34635	National	false
484367	1287202	12872	012872	North-West College-Anaheim	CA	40350	42553	36565	State	false
484376	1287203	12872	012872	North-West College-Long Beach	CA	40350	42553	36565	State	false
484394	4173201	41732	E02200	Taylor Andrews Academy of Hair Design-Provo	UT	28192	29731	34635	National	true
484604	2230601	22306	015602	Ogle School Hair Skin Nails-Stafford	TX	28268	29811	33352	State	true
484613	2098800	20988	014593	University of Phoenix-Arizona	AZ	61486	64842	34635	National	false
484631	32098800	20988	014593	University of Phoenix-California	CA	61486	64842	34635	National	false
484756	42098875	20988	014593	University of Phoenix-Texas	TX	61486	64842	34635	National	false
484844				Minerva University	CA					
484862	2052300	20523	009170	University of West Los Angeles	CA					
484871	4230100	42301	042301	Rabbinical College Ohr Yisroel	NY					
484899	4194501	41945	E40394	Aveda Institute-Phoenix	AZ	30534	32201	35918	State	true
484905	4242100	42421	042421	University of North Texas at Dallas	TX	62574	65990	33352	State	false
484923	4238700	42387	042387	Dermal Science International Aesthetics and Nail Academy	VA	41363	43621	35878	State	false
484932	4038600	40386	040386	BridgeValley Community & Technical College	WV	57464	60601	32616	State	false
484950	2101005	21010	014351	Northwest College-Medford	OR	30364	32021	35320	State	true
484996	2527505	25275	016945	Houston Training Schools-Gessner	TX	17719	18686	33352	State	true
485014	817812	8178	008178	Empire Beauty School-Buffalo	NY	26668	28124	34635	National	true
485032	4149101	41491	E02202	Paul Mitchell the School-Toledo	OH	27596	29102	33962	State	true
485111	157100	1571	001571	Georgia Military College	GA	39508	41665	32616	State	false
485166	2154400	21544	015090	Beau Monde Academy of Barbering and Cosmetology	OR	30578	32247	35320	State	true
485236	4236800	42368	042368	Fountain of Youth Academy of Cosmetology	PA	28749	30318	35008	State	true
485272	3698308	36983	E02203	West Coast University-Miami	FL	110100	116110	34635	National	false
485342	4194200	41942	041942	Aparicio-Levy Technical College	FL	22645	23881	33352	State	true
485360	4239700	42397	042397	The Vocational Nursing Institute Inc	TX					
485379	4162502	41625	041625	Hollywood Institute of Beauty Careers-West Palm Beach	FL	22274	23490	33352	State	true
485388	4162503	41625	041625	Hollywood Institute of Beauty Careers-Casselberry	FL	22274	23490	33352	State	true
485397	1054214	10542	010542	Empire Beauty School-Cheltenham	PA	27559	29063	34635	National	true
485403	4217400	42174	G42174	High Tech High Graduate School of Education	CA					
485412	4115301	41153	041153	Coachella Valley Beauty College-Hemet	CA	18908	19940	36565	State	true
485458	551100	5511	005511	Coastal Pines Technical College	GA	42956	45301	32616	State	false
485476	4231000	42310	042310	Studio Beauty School	WA	22376	23597	38829	State	true
485485	4242000	42420	042420	Latin Beauty Academy	FL	22116	23323	33352	State	true
485494	4242500	42425	042425	Associated Barber College of San Diego	CA	15708	16565	36565	State	true
485500	4242600	42426	042426	ABCO Technology	CA					
485519	4243400	42434	042434	Lionel University	CA	50674	53440	34635	National	false
485546	4244000	42440	042440	California Intercontinental University	SD	115220	121509	34635	National	false
485564	4245400	42454	042454	Infinity College	LA	33217	35030	32616	State	false
485573	4245500	42455	042455	Universal Healthcare Careers College	CA	30189	31837	36565	State	true
485591	4247600	42476	042476	New Beginnings Beauty Academy	AR					
485607	4249800	42498	042498	Dolce The Academy	CT	25726	27130	36709	State	true
485698	4283000	42830	042830	American College of the Building Arts	SC					
485768	4233900	42339	042339	Atlantis University	FL	61411	64763	33352	State	false
485801	4225500	42255	042255	Westchester School for Medical & Dental Assistants	NY	36310	38292	33962	State	false
485856	4232000	42320	042320	Studio Incamminati	PA					
485874	4249300	42493	042493	Salon Boutique Academy	TX	31846	33584	33352	State	false
485926	4275600	42756	042756	GA Beauty & Barber School	TX					
485953	4248000	42480	042480	The Recording Conservatory of Austin	TX					
485962	4248900	42489	042489	VH Barber & Styling Academy	LA					
485999	4227200	42272	042272	Bet Medrash Gadol Ateret Torah	NY					
486017	4207400	42074	042074	Yeshiva Ohr Yisrael	NY					
486026	4231500	42315	042315	Yeshiva Sholom Shachna	NY					
486053				Bethlehem College & Seminary	MN					
486080	4117000	41170		Elmezzi Graduate School of Molecular Medicine	NY					
486123	4158800	41588	041588	Theatre of Arts	CA	35214	37136	36565	State	false
486150	4194000	41940	041940	Treasure Coast Technical College	FL	53449	56367	33352	State	false
486169	4204800	42048	042048	American College of Barbering	KY	23997	25307	33352	State	true
486196	4210400	42104	042104	Beth Medrash Meor Yitzchok	NY					
486202	4212400	42124	042124	Mingo Extended Learning Center	WV					
486239	4216900	42169	042169	San Ignacio University	FL					
486248	4221700	42217	042217	ZMS The Academy	CA	22119	23326	36565	State	true
486257	4224300	42243	042243	Valor Christian College	OH	40516	42728	34635	National	false
486284	4227800	42278	042278	Bethany Global University	MN	30557	32225	34635	National	true
486345	4232300	42323	042323	HVAC Technical Institute	IL	49913	52638	34790	State	false
486354	4233200	42332	042332	United International College	FL					
486372	4234000	42340	042340	San Francisco Film School	CA					
486381	4234200	42342	042342	Center for Ultrasound Research & Education	NY	73616	77634	33962	State	false
486406	4234800	42348	042348	Randolph Technical Center	WV	46004	48515	32616	State	false
486415	4234900	42349	042349	AMG School of Nursing	NY	77330	81551	33962	State	false
486424	4235400	42354	042354	Saint Michael College of Allied Health	DC	92735	97797	34635	National	false
486433	4235500	42355	001322	Presidio Graduate School	CA					
486442	4236400	42364	042364	Sandra Academy of Salon Services	TN	11627	12262	32829	State	true
486488	4237600	42376	042376	California Jazz Conservatory	CA					
486497	4237800	42378	042378	California Barber and Beauty College	CA	13206	13927	36565	State	true
486503	4238200	42382	042382	Laredo CHI Academy Beauty School	TX	24998	26363	33352	State	true
486512	4238400	42384	042384	Florida International Training Institute	FL	33777	35621	33352	State	false
486530	4238600	42386	042386	Gould's Academy	TN	28688	30254	32829	State	true
486558	4240200	42402	042402	Aviation Institute of Maintenance-Fremont	CA	74445	78509	36565	State	false
486567	4240500	42405	042405	Paul Mitchell the School-Tulsa	OK	27002	28476	32616	State	true
486576	4240900	42409	042409	PPG Technical College	PR	18487	19496	16153	State	false
486619	4241800	42418	042418	Academy of Professional Cosmetology	AR	12871	13574	32427	State	true
486691	2079416	20794	014150	Empire Beauty School-Northlake	GA	25392	26778	34635	National	true
486707	2099707	20997	014621	Ross Medical Education Center-Huntsville	AL	31741	33474	34635	National	true
486716	2533605	25336	015367	Ross Medical Education Center-Knoxville	TN	32987	34788	34635	National	false
486752	2339706	23397	016611	Ross Medical Education Center-Muncie	IN	34405	36283	34635	National	false
486770	2279601	22796	016092	Cortiva Institute-Arlington	TX	32069	33819	34635	National	true
486798	961805	9618	015733	Tulsa Welding School-Houston	TX	47453	50043	34635	National	false
486813	2217123	22171	E41297	Pima Medical Institute-El Paso	TX	42937	45281	34635	National	false
486822	4177101	41771	E40958	Pima Medical Institute-Phoenix	AZ	39692	41859	34635	National	false
486840	157700	1577	001577	Kennesaw State University	GA	68306	72034	32616	State	false
486859	4132600	41326	041326	Entourage Institute of Beauty and Esthetics	NE	29007	30590	35918	State	true
486877	2179402	21794	015375	Eastern Suffolk BOCES	NY	61845	65221	33962	State	false
486886	2179403	21794	015375	Eastern Suffolk BOCES	NY	61845	65221	33962	State	false
486901	351100	3511	003511	Milligan University	TN	55216	58230	32829	State	false
486938	638515	6385	006385	Chamberlain University-Nevada	NV	97262	102571	34635	National	false
486947	638516	6385	006385	Chamberlain University-Michigan	MI	97262	102571	34635	National	false
486956	638517	6385	006385	Chamberlain University-New Jersey	NJ	97262	102571	34635	National	false
486983	3822300	38223	038223	Paul Mitchell the School-Madison	WI	36712	38716	37201	State	false
487010	672500	6725	006725	The University of Tennessee Health Science Center	TN	78597	82887	32829	State	false
487047	3789305	37893	037893	Unitech Training Academy-New Orleans	LA	27850	29370	32616	State	true
487065	4205201	42052	042052	Wade Gordon Hairdressing Academy-Lubbock	TX	24177	25497	34635	National	true
487083	4184701	41847	041847	Protege Academy	MI	26248	27681	32616	State	true
487092	156401	1564	001564	Emory University-Oxford College	GA	90139	95059	34635	National	false
487153	2155308	21553	B07022	The Chicago School at Xavier University of Louisiana	LA					
487162	561500	5615	005615	Southern Regional Technical College	GA	41871	44157	32616	State	false
487232	3025002	30250	E40561	Texas College of Cosmetology-Lubbock	TX	22298	23515	33352	State	true
487302	941200	9412	009412	Fortis College-Cuyahoga Falls	OH	45736	48233	34635	National	false
487311	2524000	25240	016907	Jones Technical Institute	FL	37942	40013	33352	State	false
487320	363400	3634	003634	Texas State Technical College	TX	55511	58541	33352	State	false
487348	4171401	41714	041714	Aveda Institute Portland-Vancouver Campus	WA	33038	34841	34635	National	false
487375	3115002	31150	E40617	Arizona College of Nursing-Las Vegas	NV	38251	40339	34635	National	false
487481	2559319	25593	E40435	UEI College-Phoenix	AZ	34461	36342	34635	National	false
487506	3808301	38083	038083	Aveda Institute-Madison	WI	35085	37000	37201	State	true
487524	204300	2043	002043	Husson University	ME	62950	66386	36965	State	false
487533	4147101	41471	041471	Tricoci University of Beauty Culture-Elgin	IL	32736	34523	34790	State	true
487588	2157101	21571	015510	Concorde Career College-Southaven	MS	34501	36384	34635	National	false
487597	822106	8221	E40549	Universal Technical Institute-Southern California	CA	58404	61592	34635	National	false
487621	1288001	12880	E40407	Celebrity Barber School	LA					
487649	4250600	42506	042506	California Institute of Advanced Management	CA					
487658	4248400	42484	042484	Academy of Interactive Entertainment	LA	30937	32626	32616	State	false
487676	4151801	41518	041518	The Temple Annapolis-A Paul Mitchell Partner School	MD	33347	35167	36965	State	true
487746	3934300	39343	039343	Yeshiva Zichron Aryeh	NY					
487773	4220500	42205	042205	Butte County Regional Occupational Program	CA	37404	39446	36565	State	false
487791	4222000	42220	042220	Arclabs	SC	48533	51182	33703	State	false
487807	4228600	42286	042286	Top of the Line Barber College	SC					
487816	4229400	42294	042294	Midfield Institute of Cosmetology	AL					
487861	4235000	42350	042350	Felbry College	OH	71955	75883	33962	State	false
487889	4237700	42377	042377	Regional Center for Border Health	AZ	35520	37459	35918	State	false
487904	4239600	42396	042396	Kentucky Horseshoeing School	KY	30862	32547	34635	National	true
487922	4240700	42407	042407	Image Maker Beauty Institute	TN	31893	33634	32829	State	false
487959	4242300	42423	042423	Dalton Institute of Esthetics and Cosmetology	GA	25770	27177	32616	State	true
487968	4242800	42428	042428	CAAN Academy of Nursing	IL	50474	53229	34790	State	false
487977	4242900	42429	042429	Martinsburg College	WV	32883	34678	34635	National	false
487995	4243100	42431	042431	Alhambra Medical University	CA					
488004	4243200	42432	042432	Central Yeshiva Beth Joseph	NY					
488013	4243300	42433	042433	Garden State Science and Technology Institute	NJ	28983	30565	36709	State	true
488022	4243500	42435	042435	Barber Tech Academy	SC					
488031	4243800	42438	042438	Abraham Lincoln University	CA					
488059	4244700	42447	042447	Med College	FL	53128	56028	33352	State	false
488077	4244900	42449	042449	Sonoran Desert Institute	AZ	63782	67264	34635	National	false
488110	4245800	42458	042458	Natural Images Beauty College	TX	19646	20718	33352	State	true
488129	4246600	42466	042466	Textures Institute of Cosmetology	IN					
488138	4246700	42467	042467	Williams Technical College	LA	31030	32724	32616	State	false
488174	4247400	42474	042474	Ea La Mar's Cosmetology & Barber College	MO					
488183	4247700	42477	042477	Regina Webb Academy	KY	28903	30481	33352	State	true
488192	4248200	42482	042482	DeHart Technical School	CA	59206	62438	36565	State	false
488217	4249000	42490	042490	Medical Career & Technical College	KY	29537	31149	33352	State	true
488226	4249400	42494	042494	Center for Neurosomatic Studies	FL					
488253	4250200	42502	042502	Focus Personal Training Institute	NY	38614	40722	33962	State	false
488262	4250300	42503	042503	Hair Academy School of Barbering & Beauty	DE	40945	43180	34635	State	false
488280	4250500	42505	042505	National Personal Training Institute	FL	25965	27382	33352	State	true
488299	4250800	42508	042508	Mission Beauty Institute	TX	21130	22283	33352	State	true
488305	4251400	42514	042514	Elim Bible Institute and College	NY	37882	39950	33962	State	false
488314	4251500	42515	042515	Beth Medrash of Asbury Park	NJ					
488332	4251700	42517	042517	Hope College of Arts and Sciences	FL					
488350	4252000	42520	042520	Yeshiva Gedolah Shaarei Shmuel	NJ					
488369	4252300	42523	042523	Premier Barber Institute	PA	21260	22420	35008	State	true
488378	4252900	42529	042529	International Beauty Education Center	WA	23414	24692	38829	State	true
488387	4253600	42536	042536	Claremont Lincoln University	CA					
488396	4254000	42540	042540	Phipps Academy of Barbering	IL	17650	18613	34790	State	true
488411	4255300	42553	042553	Hoss Lee Academy	CA	25461	26851	36565	State	true
488420	4256100	42561	042561	Indiana Wellness College	IN	38737	40851	34790	State	false
488439	4256200	42562	042562	Kenny's Academy of Barbering	IN	21692	22876	34790	State	true
488448	4258000	42580	042580	Seattle Film Institute	WA	42510	44830	38829	State	false
488527	4256800	42568	042568	Arkansas Colleges of Health Education	AR					
488554	4259300	42593	042593	Burrell College of Osteopathic Medicine	NM					
488563	4293000	42930	042930	California College of Music	CA					
488572	4281400	42814	042814	California Health Sciences University	CA					
488590				Christian Culinary Academy	OR					
488651	4276000	42760	042760	Glitz School of Cosmetology	NM	20266	21372	31529	State	true
488679	30182251	1822	001822	Indiana Wesleyan University-National & Global	IN	68838	72596	34790	State	false
488721				NationsUniversity	LA					
488730	4263600	42636	042636	Northeast Lakeview College	TX					
488749	3965501	39655	039655	Paul Mitchell the School-Jessup	MD	32149	33904	36965	State	true
488776	4232800	42328	042328	John Patrick University of Health and Applied Sciences	IN	121617	128255	34635	National	false
488800	4224800	42248		Teachers College of San Joaquin	CA					
488837	4255100	42551	042551	U.S. Truck Driver Training School	MI	46072	48587	32616	State	false
488846				University of the People	CA					
488891	4209200	42092	042092	South Dade Technical College-South Dade Skills Center Campus	FL	35454	37389	33352	State	false
488907	4248800	42488	042488	Wongu University of Oriental Medicine	NV					
488916	4255500	42555	042555	Alabama School of Nail Technology & Cosmetology	AL	15449	16292	31815	State	true
488934	531100	5311	012572	Tulsa Technology Center	OK	42754	45088	32616	State	false
488952	2180111	21801	015383	Ross Medical Education Center-Elyria	OH	31944	33688	34635	National	true
488961	2246307	22463	022463	Ross Medical Education Center-Lafayette	IN	32978	34778	34635	National	false
488970	2339707	23397	016611	Ross Medical Education Center-Midland	MI	34405	36283	34635	National	false
488989	2357701	23577	016749	Paul Mitchell the School-Clear Lake	TX	26657	28112	33352	State	true
488998	2607101	26071	026071	Paul Mitchell the School-Nampa	ID	24959	26321	35094	State	true
489122	3110901	31109	031109	Academy of Beauty Professionals	WI	30635	32307	34635	National	true
489131	3110902	31109	031109	Academy of Beauty Professionals	WI	30635	32307	34635	National	true
489140	3110903	31109	031109	Academy of Beauty Professionals	WI	30635	32307	34635	National	true
489159	2341105	23411	E23411	Kenneth Shuler School of Cosmetology-Goose Creek	SC	26820	28284	33703	State	true
489201	4253400	42534	042534	Clovis Community College	CA	39542	41700	36565	State	false
489238	4217801	42178	042178	Boca Beauty Academy-Parkland	FL	27218	28704	33352	State	true
489247	4169901	41699	041699	American Beauty Academy-West Valley Campus	UT	21645	22826	38052	State	true
489256	4266800	42668	042668	Caribbean Aviation Training Institute Inc	PR	32675	34459	16153	State	false
489283	3128104	31281	031281	The College of Health Care Professions-McAllen Campus	TX	35515	37454	33352	State	false
489335				Institute of Buddhist Studies	CA					
489344	638519	6385	006385	Chamberlain University-North Carolina	NC	97262	102571	34635	National	false
489353	638520	6385	006385	Chamberlain University-California	CA	97262	102571	34635	National	false
489371	2596413	25964	025964	Spartan College of Aeronautics and Technology	CA	69101	72873	36565	State	false
489779	458600	4586	004586	Purdue University Global	IN	54301	57265	34635	National	false
489812	3678301	36783	036783	Pima Medical Institute-Dillon	MT	38890	41013	34635	National	false
489830	2363500	23635	015099	Arthur's Beauty College	AR	24203	25524	32427	State	true
489858	3698307	36983	E40753	West Coast University-Center for Graduate Studies	CA					
489937	295600	2956	002956	Carolina University	NC	52812	55695	32616	State	false
490018	4250501	42505	E40891	National Personal Training Institute-Tampa	FL	25965	27382	33352	State	true
490045	4122800	41228	041228	Presbyterian Theological Seminary in America	CA					
490054	4182600	41826	041826	HCI College	FL	75945	80090	33352	State	false
490081	4227100	42271	042271	America Evangelical University	CA					
490090	4229800	42298	042298	Gadsden Technical College	FL					
490106	4239500	42395	042395	Virginia University of Integrative Medicine	VA					
490115	4246100	42461	042461	Nashville Film Institute	TN	32644	34426	32829	State	false
490124	4248300	42483	042483	Los Angeles Academy of Figurative Art	CA					
490133	4249600	42496	042496	Westcliff University	CA					
490142	4252400	42524	042524	World Class Academy of Beauty Careers	FL					
490151	4253100	42531	042531	Allied Health Careers Institute	TN	31044	32739	32829	State	true
490160	4253700	42537	042537	Sacramento Ultrasound Institute	CA	98062	103415	36565	State	false
490197	4255400	42554	042554	Regan Career Institute	CA	36901	38915	36565	State	false
490203	4255700	42557	042557	Bolivar Technical College	MO	48773	51435	33703	State	false
490221	4256600	42566	042566	MAK Beauty Institute	GA					
490230	4256700	42567	042567	Reformed University	GA					
490249	4257800	42578	042578	Mobile Technical Training	NJ	33748	35590	36709	State	true
490258	4257900	42579	042579	American Barber and Beauty Academy	PA	21235	22394	35008	State	true
490276	4259000	42590	042590	Yeshiva Shaar Ephraim	NY					
490285	4259800	42598	042598	California Institute of Arts & Technology	CA	61681	65048	34635	National	false
490294	4260200	42602	042602	Elite Cosmetology Barber & Spa Academy	WA	31183	32885	38829	State	true
490300	4260400	42604	042604	Cutting Edge Academy	NJ	24698	26046	36709	State	true
490319	4261200	42612	042612	Yeshiva Bais Aharon	NJ					
490328	4261500	42615	042615	Mechon L'hoyroa	NY					
490346	4262200	42622	042622	Elyon College	NY	57873	61032	33962	State	false
490373	4262900	42629	042629	Western Michigan University Homer Stryker M.D. School of Medicine	MI					
490382	4263000	42630	042630	Harmony Health Care Institute	NH	81954	86427	34635	National	false
490391	4263500	42635	042635	American Beauty and Trade School	FL	16169	17052	33352	State	true
490407	4264600	42646	042646	Hogan Institute of Cosmetology and Esthetics	GA	23418	24696	32616	State	true
490416	4264800	42648	042648	J's Barber College	LA	29146	30737	32616	State	true
490425	4265400	42654	042654	Ann Webb Skin Institute	TX	34373	36249	33352	State	false
490434	4266100	42661	042661	Apex Academy Hair Skin Nails School of Cosmetology	OH					
490443	4267700	42677	042677	The Esthetic Institute	VA	38254	40342	35878	State	false
490470	4246500	42465	042465	Massage Institute of Memphis	TN					
490489	4248700	42487	042487	Metro Detroit Barber College	MI					
490498	4260500	42605	042605	Digital Media Institute	LA					
490504	4264500	42645	042645	Yeshiva Ohr Naftoli	NY					
490513	4266000	42660	042660	Bais Medrash Mayan Hatorah	NJ					
490522	4267200	42672	042672	Allgood Beauty Institute	TX					
490531	4268100	42681	042681	Ray J's College of Hair	LA					
490674	4125502	41255	041255	Manuel and Theresa's School of Hair Design	TX	23679	24972	33352	State	true
490692	4254900	42549	042549	Cincinnati School of Barbering & Hair Design	OH					
490717	4269800	42698	042698	L Makeup Institute	NV	31026	32720	35918	State	true
490735	4168701	41687	E41354	Peloton College	TX	29450	31058	34635	National	true
490744	4272400	42724	042724	Northern Technical College	AR	29912	31545	32427	State	true
490753	4279800	42798	042798	Maine Media College	ME					
490805	182700	1827	001827	Purdue University Northwest	IN	73337	77340	34790	State	false
490814	2099708	20997	014621	Ross Medical Education Center-Portage	MI	31741	33474	34635	National	true
490832	2339710	23397	030778	Ross College-Canton	OH	34405	36283	34635	National	false
490841	2533606	25336	015367	Ross College-Grand Rapids North	MI	32987	34788	34635	National	false
490869	2106606	21066	E40442	American Institute-Somerset	NJ	36918	38933	34635	National	false
490878	3062703	30627	E00959	Platt College-Anaheim	CA	44565	46998	36565	State	false
490896	4229100	42291	G42291	Advantage Career Institute	NJ	37279	39314	36709	State	false
490948	4179901	41799	041799	Bull City Durham Beauty and Barber College	NC					
490975	2190704	21907	012267	Fortis College-Cutler Bay	FL	51591	54407	34635	National	false
491057	4265900	42659	042659	Yeshiva Kollel Tifereth Elizer	NY					
491066	4274500	42745	042745	Strand Institute of Beauty & Esthetics	TX					
491075	4274100	42741	042741	Arkansas Welding Academy	AR	47615	50214	32427	State	false
491084	3789306	37893	037893	Unitech Training Academy-Baton Rouge	LA	27850	29370	32616	State	true
491136	1054215	10542	010542	Empire Beauty School-Tampa	FL	27559	29063	34635	National	true
491145	1260613	12606	012606	Empire Beauty School-Lakeland	FL	26762	28223	34635	National	true
491181	3083704	30837	015924	Galen College of Nursing-ARH	KY	79047	83362	34635	National	false
491190	2155309	21553	B07022	The Chicago School at San Diego	CA	82068	86548	34635	National	false
491215	4291100	42911	042911	Commercial Divers International	AZ					
491224	4118600	41186	041186	Tricoci University of Beauty Culture-Janesville	WI	29205	30799	37201	State	true
491233	4267100	42671	042671	Unlimited Cosmetology School	MS					
491242	4266300	42663	042663	Johnny Matthew's Hairdressing Training School	OR	31565	33288	35320	State	true
491251	4276400	42764	042764	The Culinary School of Fort Worth	TX					
491260	4274700	42747	042747	Centralia Beauty College	WA					
491394	2306812	23068	E40505	Miller-Motte College-STVT-Arlington	TX	34393	36270	34635	National	false
491446	2582000	25820	025820	Bnos Zion Of Bobov Seminary	NY	20139	21238	33962	State	true
491464	4227000	42270	042270	ABC Adult School	CA					
491473	4235300	42353	042353	Polytech Adult Education	DE	54607	57588	34635	State	false
491507	4246200	42462	042462	California Institute of Medical Science	CA					
491525	4250000	42500	042500	Union Bible College	IN					
491534	4254300	42543	042543	Pets Playground Grooming School	FL					
491543	4256400	42564	042564	San Bernardino Beauty College	CA	16986	17913	36565	State	true
491552	4258200	42582	042582	Christina and Company Education Center	IN					
491570	4260000	42600	042600	Institute of Medical Ultrasound	GA					
491589	4260900	42609	042609	Mystros Barber Academy	TX					
491598	4261300	42613	042613	European Medical School of Massage	PA	26073	27496	35008	State	true
491613	4264400	42644	042644	Yeshiva Gedolah Tiferes Boruch	NJ					
491622	4264900	42649	042649	Yeshiva Chemdas Hatorah	NJ					
491631	4265200	42652	042652	Women's Institute of Torah Seminary and College	MD					
491640	4265300	42653	042653	Yeshiva Gedolah Keren Hatorah	NJ					
491659	4265500	42655	042655	ICOHS College	CA					
491668	4267000	42670	042670	Neo-Esthetique European Institute	PR	12196	12862	16153	State	true
491677	4267300	42673	042673	Lehigh Valley Barber School	PA					
491686	4267500	42675	042675	International Barber College	AZ					
491695	4267900	42679	042679	Brown Beauty Barber School	AL					
491701	4268300	42683	042683	Rexburg College of Massage Therapy	ID	17592	18552	35094	State	true
491710	4269300	42693	042693	Yeshiva Gedolah of Cliffwood	NJ					
491738	4269600	42696	042696	IBS School of Cosmetology and Massage	HI					
491747	4269700	42697	042697	UR Beauty & Barber Academy	FL					
491756	4270000	42700	042700	Urban Barber College	CA	20826	21963	36565	State	true
491765	4270300	42703	042703	Yeshivas Emek Hatorah	NJ					
491774	4270400	42704	042704	Transitions Career Institute School of Nursing	NY					
491783	4270800	42708	042708	Wilton Simpson Technical College	FL					
491792	4271000	42710	042710	Stacey James Institute	CO					
491808	4271100	42711	G42711	Meridian University	CA					
491817	4271200	42712	042712	Seminary Bnos Chaim	NJ	36776	38783	36709	State	false
491826	4271600	42716	042716	Avenue Academy A Cosmetology Institute	NM					
491835	4271700	42717	042717	Salon Professional Academy of San Antonio	TX	24123	25440	33352	State	true
491844	4271800	42718	042718	Red Lake Nation College	MN					
491853	4272100	42721	042721	Princess Institute of Beauty	CA					
491871	4272600	42726	042726	Vogue International Academy	TX					
491880	4272800	42728	042728	Independent Training & Apprenticeship Program	CA	59318	62556	36565	State	false
491899	4273300	42733	042733	Victory Career College	CA	17569	18528	36565	State	true
491905	4273500	42735	042735	Winonah's International School of Cosmetology	AL					
491914	4273800	42738	042738	Yeshiva Gedola Tiferes Yerachmiel	NJ					
491923	4273900	42739	042739	Southeastern Esthetics Institute	SC	26331	27768	33703	State	true
491941	4274300	42743	042743	Caris College	IN	52966	55857	34790	State	false
491950	4274900	42749	042749	Contra Costa Medical Career College	CA	76649	80833	36565	State	false
491978	4275900	42759	042759	Another Level Barbering and Cosmetology School	VA					
491996	4276700	42767	042767	The Salon Professional Academy-Georgetown	TX					
492005	4277400	42774	042774	Elite Academy of Hair Design	OH					
492023	4244600	42446	042446	Americare Technical School	IL					
492069	4276100	42761	042761	Champion Christian College	AR					
492078	4253800	42538	G42538	Chicago Professional Center	IL					
492096	4270900	42709	042709	D&S School of Cosmetology	MI					
492139	4275200	42752	042752	DSDT	MI					
492148	4297100	42971	042971	Elite Beauty College	OK					
492209	4281300	42813	G42813	Reiss-Davis Graduate School	CA					
492281	4280600	42806	042806	GoodFellas Barber College	AR					
492306				Escondido Adult School	CA					
492315				Poway Adult School	CA					
492324				Vista Adult School	CA					
492421	4179902	41799	041799	No Grease Barber School	NC					
492449	2217125	22171	E41299	Pima Medical Institute-San Marcos	CA	42937	45281	34635	National	false
492476	2165102	21651	013587	EDP University of Puerto Rico-Villalba	PR	36386	38372	16153	State	false
492607	2155311	21553	B07022	The Chicago School at Dallas	TX					
492652	4276800	42768	042768	KCK Beauty & Barber Academy	FL					
492661	4277700	42777	042777	California College of Barbering and Cosmetology	CA	27770	29286	36565	State	true
492689	4280800	42808	042808	Texas Tech University Health Sciences Center-El Paso	TX					
492704	2482401	24824	G24824	Ponce Health Sciences University-Centro Universitario de San Juan	PR					
492722	3128105	31281	031281	The College of Health Care Professions-South San Antonio	TX	35515	37454	33352	State	false
492731	4218501	42185	042185	Innovate Salon Academy	NJ	29126	30716	36709	State	true
492759	638521	6385	006385	Chamberlain University-Louisiana	LA	97262	102571	34635	National	false
492935	4276500	42765	042765	Global Medical & Technical Training Institute	FL					
492953	720301	7203	007203	Salon Success Academy-West Covina	CA	24271	25596	36565	State	true
493071	3104401	31044	031044	Advantage Technical College	PR	28189	29728	16153	State	false
493080	4144301	41443	E40459	Institute of Culinary Education	CA	47145	49718	34635	National	false
493132	2362004	23620	E40557	Universal Technical Institute-Bloomfield	NJ	57080	60196	34635	National	false
493150	4238601	42386	E41176	Gould's Academy	TN	28688	30254	32829	State	true
493372	4162401	41624	041624	Urban Academy of Beauty	NM	31032	32726	31529	State	false
493451	3970402	39704	039704	WellSpring School of Allied Health-Springfield	MO	32078	33829	34635	National	true
493479	4137600	41376	041376	Medical Career College of Northern California	CA					
493488	4258500	42585	042585	Premiere International College	FL					
493512	4265700	42657	042657	San Diego Global Knowledge University	CA					
493521	4269000	42690	042690	Global Tech College	OH					
493549	4270700	42707	042707	McAllen Careers Institute	TX					
493567	4273600	42736	042736	Bellasa Professional Institute	FL					
493585	4275000	42750	042750	Health and Technology Training Institute	PA					
493594	4276600	42766	042766	Yeshiva of Ocean	NY					
493600	4276900	42769	042769	Congregation Talmidei Mesivta Tiferes Shmiel Aleksander	NY					
493619	4277100	42771	042771	Young Americans College of the Performing Arts	CA					
493628	4277800	42778	042778	Pro Beauty Academy	NJ					
493637	4278000	42780	042780	South Eastern Beauty Academy	KY					
493646	4278300	42783	042783	Ohel Margulia Seminary	NY					
493664	4278500	42785	042785	Yeshivat Hechal Shemuel	NY					
493673	4278900	42789	042789	Professional University Dr. Carlos J. Borrero Rios	PR					
493682	4279000	42790	042790	American Institute of Healthcare & Technology	CT					
493691	4279300	42793	042793	Premier Academy of Cosmetology	OK					
493707	4279600	42796	042796	Yeshiva Gedolah of Woodlake Village	NJ					
493716	4280100	42801	042801	Yeshiva Gedola Tiferes Yaakov Yitzchok	NJ					
493743	4280900	42809	042809	Houston Barber School	TX					
493752	4281000	42810	042810	Health-Tech Institute of Memphis	TN					
493761	4281100	42811	042811	MIXED Institute of Cosmetology & Barber	CA					
493770	4281500	42815	042815	Vski Cosmetology School	SC					
493798	4282200	42822	042822	New York Seminary	NY					
493804	4283200	42832	042832	Deluxe Barber College	TX					
493813	4283500	42835	042835	Falcon Institute of Health and Science	PA					
493822	4283600	42836	042836	College Unbound	RI					
493868	4283300	42833	042833	A Better U Beauty Barber Academy	NM					
493895	4266900	42669	042669	SANS Technology Institute	MD					
493910	4285900	42859	042859	Tuana European Beauty Academy	CO					
493947	4307200	43072	043072	Idaho College of Osteopathic Medicine	ID					
493956	4293500	42935	G42935	Cal Northern School of Law	CA					
493974	4271900	42719	042719	College of Athens	GA					
493992	3035309	30353	E40485	Southern Careers Institute-Waco	TX	32680	34464	33352	State	false
494010	2482402	24824	G24824	Ponce Health Sciences University-St Louis	MO					
494029	4205502	42055	042055	Lil Lou's Beauty and Barber College-Hammond	IN	17468	18421	34790	State	true
494162	3115003	31150	E40618	Arizona College of Nursing-Dallas	TX	38251	40339	34635	National	false
494232	895501	8955	015865	The Salon Professional Academy-Washington DC	DC	30620	32291	34635	National	true
494250	2609403	26094	026094	Valley College-Cleveland	OH	32659	34442	34635	National	true
494278	2165103	21651	013587	EDP University of Puerto Rico-Humacao	PR	36386	38372	16153	State	false
494287	2165104	21651	013587	EDP University of Puerto Rico-Manati	PR	36386	38372	16153	State	false
494357	3969602	39696	E40473	UEI College-Sacramento	CA	33652	35489	34635	National	false
494436	941206	9412	009412	Fortis Institute-Cookeville	TN	45736	48233	34635	National	false
494463	4280500	42805	042805	Derech Hachaim Seminary	NY					
494472	4287200	42872	042872	Evvaylois Academy School of Beauty	TX					
494524	4160701	41607	041607	Avenue Five Institute-South Austin Campus	TX	35714	37663	33352	State	false
494542				Sattler College	MA					
494551	4282800	42828	042828	IE New York College	NY					
494588	2217126	22171	E41301	Pima Medical Institute-San Antonio	TX	42937	45281	34635	National	false
494603				The Southwestern Baptist Theological Seminary	TX					
494621	4285000	42850	042850	Lotus Professional College	VA					
494630	4279400	42794	042794	Christ Mission College	TX					
494649	4279900	42799	042799	Esteem Academy of Beauty	UT					
494658	4280400	42804	042804	KC Beauty Academy	CA					
494685	4282700	42827	042827	Urshan University	MO					
494694	4283100	42831	042831	Texas Healthtech Institute	TX					
494700	4286300	42863	042863	Xtylo Beauty College	AZ					
494719	4286500	42865	042865	Tonsorial Arts Barber College	TX					
494728	4287300	42873	042873	Michael's Barber & Hair Stylist Academy	TX					
494737	4287600	42876	042876	Yeshiva Yesoda Hatorah Vetz Chaim	NY					
494746	2338515	23385	016581	North-West College-San Diego	CA	48064	50688	34635	National	false
494755	500703	5007	E40489	West Virginia Junior College-United Career Institute	PA	36699	38702	34635	National	false
494764	3176301	31763	031763	Aviation Institute of Maintenance-Charlotte	NC	71659	75571	34635	National	false
494807	2482403	24824	G24824	Ponce Health Sciences University-East	PR	64974	68521	34635	National	false
494843	2132303	21323	014968	Fortis College-Landover	MD	39605	41767	34635	National	false
494852	486611	4866	008545	Stautzenberger College-Rockford Career College	IL	37799	39862	34635	National	false
494898	3970403	39704	039704	WellSpring School of Allied Health-Wichita	KS	32078	33829	34635	National	true
494904	4213401	42134	042134	Access Careers-Islandia	NY	43184	45541	33962	State	false
494959				Northern Pennsylvania Regional College	PA					
494986	4285700	42857	042857	Apex College of Veterinary Technology	CO					
494995	4289800	42898	042898	Meryma'at Barber College	OH					
495013	4247200	42472	042472	Western Maricopa Education Center	AZ					
495031	4284600	42846	042846	Bais Medrash of Dexter Park	NY					
495040	4275400	42754	042754	Makana Esthetics Wellness Academy	HI					
495059	4293400	42934	042934	Oak Valley College	CA					
495077	4290500	42905	042905	Paul Mitchell the School-San Jose	CA					
495101	4275300	42753	042753	Zion Massage College	UT					
495110	4280000	42800	042800	Great Lakes Boat Building School	MI					
495129	4282500	42825	042825	Austin Career Institute	TX					
495138	4283800	42838	042838	Professional Culinary Academy	NY					
495147	4284000	42840	042840	Pacific Northwest Christian College	WA					
495174	4285300	42853	042853	Hollywood Cultural College	CA					
495183	4285500	42855	042855	Mariano Moreno Culinary Institute	FL					
495192	4287000	42870	042870	Alder Graduate School of Education	CA					
495208	4287100	42871	042871	Webb's Barber School of Arts	GA					
495217	4287400	42874	042874	Adrian H. Wallace Barber Academy	FL					
495226	4287800	42878	042878	St. Louis Med Tech	MO					
495235	4288100	42881	042881	Total Beauty Institute	FL					
495244	4288900	42889	042889	Pearlands Innovative School of Beauty	TX					
495253	4289600	42896	042896	Durant Institute of Hair Design	OK					
495262	4290700	42907	042907	Premiere Aesthetics Institute	OR					
495271				California Indian Nations College	CA					
495280	4291400	42914	042914	Indian Bible College	AZ					
495299	4291900	42919	042919	Florida Professional Institute	FL					
495305	4293200	42932	042932	The Professional Cosmetology Academy	TX					
495314	4293300	42933	042933	Hackensack Meridian School of Medicine	NJ					
495341	4173202	41732	E40492	Taylor Andrews Academy of Hair Design-Hair Lab Detroit Barber School	MI	28192	29731	34635	National	true
495350	4203101	42031	042031	Paul Mitchell the School-North Tahoe	CA	30863	32548	34635	National	true
495369	4228301	42283	042283	Paul Mitchell the School-Fort Lauderdale	FL	29874	31505	34635	National	true
495378	2160902	21609	E40493	PCI Academy-Iowa City	IA	37914	39984	34635	National	false
495387	4117604	41176	041176	Larry's Barber College	IL	19011	20049	34790	State	true
495411	3065001	30650	030650	Paul Mitchell the School-Provo	UT	29736	31359	34635	National	true
495420	3115005	31150	E40619	Arizona College of Nursing-Tampa	FL	38251	40339	34635	National	false
495439	3115006	31150	E40620	Arizona College of Nursing-Fort Lauderdale	FL	38251	40339	34635	National	false
495448	3115007	31150	E40621	Arizona College of Nursing-Tucson	AZ	38251	40339	34635	National	false
495457	3115008	31150	E40622	Arizona College of Nursing-Phoenix	AZ	38251	40339	34635	National	false
495518	1054216	10542	010542	Empire Beauty School-Newport News	VA	27559	29063	34635	National	true
495730	4147401	41474	041474	Tricoci University of Beauty Culture-Normal	IL	28326	29872	34790	State	true
495776	4206702	42067	E40495	Elite Welding Academy	TX	55281	58299	34635	National	false
495794	2153105	21531	015171	Paul Mitchell the School-Murfreesboro-Nashville	TN	29496	31106	32829	State	true
495837	469211	4692	E40462	Dorsey College-Woodhaven	MI	34001	35857	32616	State	false
495916	4295300	42953		Pathways College	AZ					
495934	2120714	21207	014741	San Joaquin Valley College-Delano	CA	42211	44515	36565	State	false
495952	2120718	21207	014741	San Joaquin Valley College-Rancho Mirage	CA	42211	44515	36565	State	false
495961	2120719	21207	014741	San Joaquin Valley College-Santa Maria	CA	42211	44515	36565	State	false
495970	3104402	31044	031044	Advantage Technical College-Aguadilla	PR	28189	29728	16153	State	false
495998	2120715	21207	014741	San Joaquin Valley College-Porterville	CA	42211	44515	36565	State	false
496043	4290800	42908	G42908	California University of Science and Medicine	CA					
496052	4292100	42921	042921	Ruben's Five Star Academy	FL					
496061	4292800	42928	042928	Mason Anthony School of Cosmetology Arts & Sciences	OH					
496265	783908	7839	E40496	Triangle Tech-Chambersburg	PA	41698	43974	35008	State	false
496283	2360803	23608	E41029	Provo College-Idaho Falls Campus	ID	51307	54108	34635	National	false
496326	2178504	21785	E41089	Eagle Gate College-Boise Campus	ID	49128	51810	34635	National	false
496371	4206703	42067	E40501	Elite Welding Academy South Point	OH	55281	58299	34635	National	false
496399	4292900	42929	042929	Agape College of Business and Science	CA					
496423	4300300	43003	043003	Zorganics Institute of Beauty and Wellness	WA					
496469				Daybreak University	CA					
496478	4293800	42938	042938	Motion Picture Institute	MI					
496539	4293700	42937	042937	The  Salon Professional Academy of Holland	MI					
496575	4305100	43051	043051	Dymond Designs Beauty School	MI					
496618	4299100	42991	042991	National Institute for Medical Assistant Advancement (NIMAA)	CO					
496627	4219800	42198		California Northstate University	CA					
496636	4282300	42823	042823	Antigua College International	FL					
496645	4285600	42856	042856	Burlington County Institute of Technology-Adult Education	NJ					
496654	4290200	42902	042902	Sri Sai Krish Institute	CA					
496663	4291600	42916	042916	Riggins Urban Barber College	CA					
496672	4291700	42917	042917	Hair Arts Institute	OK					
496681	4292300	42923	042923	Florida Academy of Nursing	FL					
496690	4292400	42924	042924	Body Wisdom Massage Therapy School	IA					
496706	4293900	42939	042939	Lakewood University	OH					
496715	4294900	42949	042949	CTK Healthcare & Career Institute	TX					
496724	4295100	42951	042951	Aesthetics Institute	MO					
496733	4296700	42967	042967	Sierra Academy of Style	NV					
496751	4296000	42960	042960	Institute of Allied Healthcare	TX					
496803				NewU University	DC					
496894	4128801	41288	041288	Branford Academy of Hair & Cosmetology-Bridgeport	CT	38040	40116	36709	State	false
496919	3969603	39696	E40508	United Education Institute-Las Vegas	NV	33652	35489	34635	National	false
496955	2559320	25593	E40513	UEI College-Mesa	AZ	34461	36342	34635	National	false
496964	4117605	41176	041176	Larry's Barber College-Joliet	IL	19011	20049	34790	State	true
496973	962113	9621	009621	Herzing University-Tampa	FL	58575	61772	34635	National	false
496991	3083705	30837	015924	Galen Health Institutes-Miami Campus	FL	79047	83362	34635	National	false
497000	3026523	30265	030265	Remington College-Online Dallas	TX	33677	35515	34635	National	false
497046	4296100	42961	042961	Madera Community College	CA					
497073	2230602	22306	015602	Ogle School Hair Skin Nails-Willowbrook	TX	28268	29811	33352	State	true
497107				University of Silicon Andhra	CA					
497116	3083706	30837	015924	Galen Health Institutes-Austin Campus	TX	79047	83362	34635	National	false
497125	3083707	30837	015924	Galen Health Institutes-Nashville Campus	TN	79047	83362	34635	National	false
497161	2158506	21585	E40515	Ohio Business College-Dayton-Driving Academy	OH	31144	32844	33962	State	true
497189	4288000	42880	042880	The Rapha School	PA					
497198	4294200	42942	042942	Academy of Allied Health Careers	TN					
497204	4296200	42962	042962	Mei Barber School	TX					
497213	4297500	42975	042975	Great Northern University	WA					
497222	2612702	26127	026127	Salon Professional Academy-Elevate Salon Institute	FL	23567	24853	33352	State	true
497268	3115009	31150	E40623	Arizona College of Nursing-Salt Lake City	UT	38251	40339	34635	National	false
497277	3115010	31150	E40624	Arizona College-Glendale	AZ	38251	40339	34635	National	false
497286	2362005	23620	E40558	Universal Technical Institute-West Texas	TX	57080	60196	34635	National	false
497301	1085803	10858	E40800	Avalon Institute-Las Vegas	NV	33261	35077	34635	National	false
497310	4210301	42103	042103	Medspa Academies-National Institute of Modern Aesthetics	NV	37284	39319	34635	National	false
497329	2106607	21066	E40509	American Institute-Cherry Hill	NJ	36918	38933	34635	National	false
497338	2338516	23385	016581	Glendale Career College-North-West College-Bakersfield	CA	48064	50688	34635	National	false
497356	4304700	43047	043047	Barber Education Academy	TX					
497365	4304600	43046	043046	Legends Barber College	TX					
497374	4303000	43030	043030	Academia Medical Institute	OH					
497383	4302900	43029	043029	Barbers Trade School	TX					
497392	4300500	43005	043005	Top of the Line Barber School	TX					
497408	4299500	42995	042995	Bridges Christian College	LA					
497417	4299200	42992	042992	Kino College	AZ					
497426	4298800	42988	042988	Salon Professional Academy	NJ					
497435	4298200	42982	042982	Southern California College of Barber and Beauty	CA					
497444	4297300	42973	042973	Hello Gorgeous Barbers Stillwater's School of Barbering	OK					
497453	4296800	42968	042968	Jackson Theological Seminary	AR					
497462	4294300	42943	042943	Redeemers University North America	TX					
497471	4281900	42819	042819	Personal Touch Beauty and Barber College	SC					
497480	4263700	42637	042637	Reach University	CA					
497499	4254100	42541	042541	Technology Learning Center	MA					
497657				Hawaii Tokai International College	HI					
497675	4286100	42861	042861	Hair Academy	OH					
497684	4300900	43009	043009	Sweetwater Institute of Cosmetology	TN					
497693	4300700	43007	G43007	Kansas Health Science University	KS					
497718	4293600	42936	042936	Academy for Jewish Religion	NY					
497736	3144403	31444	E40995	American College of Healthcare and Technology-Santa Ana	CA	35304	37231	36565	State	false
497745	4156401	41564	041564	Aviation Institute of Maintenance-Chicago	IL	71478	75380	34635	National	false
497833	182103	1821	001821	Marian University-Ancilla	IN	72150	76088	34790	State	false
497888	2104406	21044	014572	Spa Tech Institute-North Andover	MA	32586	34365	34635	National	true
497897	2117801	21178	014724	Aveda Arts & Sciences Institute Lafayette-Arlington	VA	21980	23180	34635	National	true
497912	2361604	23616	016820	Concorde Career College-Broadway	MO	38757	40873	34635	National	false
497949	3113303	31133	E40603	United Education Institute-Stone Mountain	GA	29409	31014	34635	National	true
497958	3969604	39696	E40609	UEI College-Tacoma	WA	33652	35489	34635	National	false
498003	2343801	23438	016627	Montgomery Beauty School-Baltimore Beauty & Barber School	MD	26088	27512	36965	State	true
498012	2241911	22419	E41138	Commonwealth of Puerto Rico Department of Education-PRAMI	PR					
498030	822108	8221	E40526	Universal Technical Institute-South Florida Miramar	FL	58404	61592	34635	National	false
498049	3115011	31150	E40625	Arizona College of Nursing-Southfield	MI	38251	40339	34635	National	false
498076	3083708	30837	015924	Galen Health Institutes-Sarasota	FL	79047	83362	34635	National	false
498085	3083709	30837	015924	Galen Health Institutes-Gainesville	FL	79047	83362	34635	National	false
498094	3083710	30837	015924	Galen Health Institutes-Richmond	VA	79047	83362	34635	National	false
498100	3083711	30837	015924	Galen Health Institutes-Myrtle Beach	SC	79047	83362	34635	National	false
498119	3083712	30837	015924	Galen Health Institutes-Asheville	NC	79047	83362	34635	National	false
498234	4306400	43064	043064	Larkin University	FL					
498298	4308500	43085	043085	The Salon Professional Academy Maplewood	MN					
498322	4286301	42863	042863	Xtylo Beauty College	AZ					
498331	4273400	42734	042734	San Francisco School of Massage & Bodywork	CA					
498340	4296600	42966	042966	Chancellor Institute	FL					
498359	4297000	42970	042970	The Salon Professional Academy	PA					
498368	4297400	42974	042974	Studio 75 Hair Academy	TN					
498386	4298000	42980	042980	Boone Career and Technical Center	WV					
498401	4300400	43004	043004	Edge Academy of Beauty	KY					
498410	4304400	43044	043044	Premier Barber School	TX					
498447	3115012	31150	E40626	Arizona College of Nursing-Falls Church	VA	38251	40339	34635	National	false
498456	3115013	31150	E40627	Arizona College of Nursing-Ontario	CA	38251	40339	34635	National	false
498474	3083713	30837	015924	Galen Health Institutes-Houston	TX	79047	83362	34635	National	false
498483	3083714	30837	015924	Galen Health Institutes-Pikeville	KY	79047	83362	34635	National	false
498553	3759301	37593	037593	Stellar Career College	IL	36035	38002	34635	National	false
498562	331500	3315	003315	Commonwealth University of Pennsylvania	PA	58676	61879	35008	State	false
498571	331600	3316	003316	Pennsylvania Western University	PA	54553	57531	35008	State	false
498623	4311200	43112	043112	Justice University	AZ					
498641	4307100	43071	043071	I M Beauty School	IL					
498669	4309800	43098	043098	Aveda Institute Montana	MT					
498739	4122600	41226	041226	Lehigh Career & Technical Institute	PA					
498748	4294500	42945	042945	CalCopa Massage School	CA					
498757	4296300	42963	042963	Medical Solutions Academy	VA					
498766	4297200	42972	042972	Sami Halaseh Institute	KS					
498775	4299600	42996	042996	Beaver Beauty Academy	GA					
498784	4299700	42997	042997	Upper Kutz Barber & Style College	MS					
498793	4299800	42998	042998	All In The Wrist Barber Academy	DE					
498809	4301700	43017	043017	Yeshiva of Kasho	NY					
498818	4303200	43032	043032	Cutting Edge Barber Academy	PA					
498827	4303600	43036	043036	JT's Cuts Academy	FL					
498836	4304100	43041	043041	The Nurse Academy	CA					
498845	4304500	43045	043045	Heartland Welding Academy	KS					
498854	4304800	43048	043048	Jazz Barber and Hairstyling Academy	VA					
498863	4304900	43049	043049	Renaissance Beauty Academy	MO					
498872	4305500	43055	043055	Central Valley Barber College	CA					
498881	4305900	43059	043059	One Stop Academy	NC					
498890	4302500	43025	043025	East Texas Cosmetology College	TX					
498906	4306300	43063	043063	Yeshivas Sanz Klauzenburg	NY					
498924				URBE University	FL					
498951	4311800	43118	043118	Art22 Academy	IN					
499033	4215501	42155	042155	Champ's Barber School-Lebanon	PA	31496	33215	35008	State	true
499079	2078801	20788	017313	Collectiv Hair Dressing Academy-Collectiv Academy-Dallas	TX	20315	21424	34635	National	true
499103	4149701	41497	E41101	Homestead Schools-Costa Mesa	CA	66788	70434	36565	State	false
499130	4218502	42185	042185	Innovate Salon Academy	NJ	29126	30716	36709	State	true
499149	962114	9621	009621	Herzing University-Nashville	TN	58575	61772	34635	National	false
499176	4298900	42989		College of Biomedical Equipment Technology	TX					
499185	469212	4692	E40533	Dorsey College-Grand Rapids	MI	34001	35857	32616	State	false
499255	826302	8263	008263	Baltimore Beauty & Barber School II	MD	25768	27175	36965	State	true
499273	3083715	30837	015924	Galen Health Institutes-Dallas	TX	79047	83362	34635	National	false
499282	3083716	30837	015924	Galen Health Institutes-Roanoke	VA	79047	83362	34635	National	false
499291	3083717	30837	015924	Galen Health Institutes-Wichita	KS	79047	83362	34635	National	false
499307	3083718	30837	015924	Galen Health Institutes-Salt Lake City	UT	79047	83362	34635	National	false
499325	3453402	34534	034534	Academy of Cosmetology Barbering and Esthetics	OK	15690	16546	32616	State	true
499334	4194502	41945	E40531	Aveda Institute Tucson-Avondale	AZ	30534	32201	35918	State	true
499361	4290701	42907	042907	Premiere Aesthetics Institute-Meridian	ID					
499370	3115014	31150	E40628	Arizona College of Nursing-Sarasota	FL	38251	40339	34635	National	false
499389	3115015	31150	E40629	Arizona College of Nursing-Aurora	CO	38251	40339	34635	National	false
499398	3115016	31150	E40630	Arizona College of Nursing-Cincinnati	OH	38251	40339	34635	National	false
499404	3115017	31150	E40631	Arizona College of Nursing-Cleveland	OH	38251	40339	34635	National	false
499413	2338517	23385	016581	Glendale Career College-North-West College-MFSON	CA	48064	50688	34635	National	false
499422	4148301	41483	041483	Denver College of Nursing-Houston	TX	83784	88357	34635	National	false
499495	2326802	23268	E02160	Gwinnett Institute	FL	41872	44158	33352	State	false
499529	4315100	43151	043151	Townsend Barber Institute	MN					
499538	4298400	42984	042984	Puerto Rico Advance Institute	PR					
499547	4303400	43034	043034	Austin Medical Assistant Training	NY					
499556	4306200	43062	043062	Albany Beauty Academy	GA					
499608	4205203	42052	042052	Wade Gordon Hairdressing Academy-Oklahoma	OK	24177	25497	34635	National	true
499635	2165105	21651	013587	EDP University of Puerto Rico-Caguas	PR	36386	38372	16153	State	false
499662	3176302	31763	031763	Aviation Institute of Maintenance-Phoenix	AZ	71659	75571	34635	National	false
499671	3083719	30837	015924	Galen Health Institutes-Las Vegas	NV	79047	83362	34635	National	false
499680	3759302	37593	037593	Stellar Career College-Crown Point	IN	36035	38002	34635	National	false
499705	961806	9618	015733	Tulsa Welding School-Dallas Campus	TX	47453	50043	34635	National	false
499723	4243501	42435	042435	Barber Tech Academy-Columbia	SC					
499732				Windsor University	DC					
499769	4307700	43077		Portland Fashion Institute	OR					
499811				Ricketts Great Books College	NE					
499820				Diverse Media Institute	MN					
499866	4290300	42903	042903	Atlantic Acting School	NY					
499875	4293100	42931	042931	Mosdos Yaakov V'Yisroel	NJ					
499884	4305600	43056	043056	Jama's Beauty & Barber College	CA					
499893	4307600	43076	043076	West Coast Barber College	CA					
499918	4308400	43084	043084	C N K Barber College	MS					
499927	4309000	43090	043090	South Post Oak Barber College	TX					
499936	4309500	43095	043095	Petra College	LA					
499945	4309600	43096	043096	Brighton Barber Institute	TX					
499954	4310100	43101	043101	Kentucky Welding Institute	KY					
499963	4310900	43109	043109	Precision Welding Academy	TX					
499972	4312300	43123	043123	Southwest Michigan Beauty School	MI					
499981	4312600	43126	043126	Southwest University of Naprapathic Medicine	NM					
499990	4313000	43130	043130	Berea Beauty Academy	KY					
500005	4295200	42952	042952	Affinity Hair Academy	FL					
500014	4312900	43129	043129	ICR Florida Education	FL					
500023	757313	7573	007573	Empire Beauty School-Indianapolis	IN	25810	27219	34635	National	true
500041				Kennedy University of Baptist	FL					
500087	4298300	42983	042983	Doral College	FL					
500096	730310	7303	E40550	Lincoln College of Technology-East Point	GA	47136	49709	34635	National	false
500120	2320905	23209	016418	Tidewater Tech-East Little Creek	VA	42699	45030	35878	State	false
500157	4205503	42055	042055	Lil Lou's Beauty and Barber College - South Bend	IN	17468	18421	34790	State	true
500290	3115018	31150	E40632	Arizona College of Nursing - Chesapeake	VA	38251	40339	34635	National	false
500306	3115019	31150	E40633	Arizona College of Nursing - Hartford	CT	38251	40339	34635	National	false
500324	2285903	22859	E40574	UCAS University of Cosmetology Arts & Sciences - 03	TX	20068	21163	33352	State	true
500333	3115020	31150	E40614	Arizona College of Nursing-St Louis	MO	38251	40339	34635	National	false
500342				EDvance College	CA					
500379	4282600	42826	042826	High Alternative Education	PR					
500388	4239300	42393	042393	Virginia Barber School	VA					
500397	4287700	42877	042877	Aguilas International Technical Institute	FL					
500403	4311300	43113	043113	Miami Barber Institute	FL					
500412	4311900	43119	043119	Modern Male Barber Academy	PA					
500421	4312400	43124	043124	Epic Barber College	TX					
500430	4313800	43138	043138	Mosley School of Cosmetology	MI					
500449	4315600	43156	043156	New Orleans Culinary and Hospitality Institute	LA					
500467	4276001	42760	042760	Glitz School of Cosmetology -  Santa Fe Campus	NM	20266	21372	31529	State	true
500537	4269701	42697	042697	UR Beauty & Barber Academy-At True Family Barber Academy	FL					
500555	4306800	43068	043068	Shearz Institute	GA					
